{"stats":{"minecraft:broken":{"minecraft:iron_shovel":1,"minecraft:stone_pickaxe":1,"minecraft:stone_axe":1,"minecraft:stone_sword":1,"minecraft:iron_axe":1,"minecraft:iron_pickaxe":4,"minecraft:iron_helmet":1,"create:sand_paper":2},"minecraft:custom":{"minecraft:interact_with_crafting_table":140,"minecraft:leave_game":15,"minecraft:time_since_death":1125450,"minecraft:sprint_one_cm":1562597,"minecraft:damage_blocked_by_shield":1135,"minecraft:drop":259,"minecraft:play_time":1153495,"minecraft:deaths":1,"minecraft:jump":10259,"minecraft:interact_with_brewingstand":10,"minecraft:walk_on_water_one_cm":79964,"minecraft:interact_with_furnace":42,"minecraft:sleep_in_bed":46,"minecraft:waystone_activated":1,"minecraft:damage_dealt":26568,"minecraft:crouch_one_cm":289826,"minecraft:mob_kills":154,"minecraft:damage_dealt_resisted":548,"minecraft:climb_one_cm":778,"minecraft:walk_one_cm":1585704,"minecraft:damage_dealt_absorbed":104,"minecraft:sneak_time":87404,"minecraft:walk_under_water_one_cm":61157,"minecraft:boat_one_cm":206,"minecraft:interact_with_blast_furnace":1,"minecraft:total_world_time":1153495,"minecraft:interact_with_grindstone":1,"minecraft:time_since_rest":4424,"minecraft:damage_taken":7884,"minecraft:minecart_one_cm":456,"minecraft:swim_one_cm":72113,"minecraft:fly_one_cm":2497268,"minecraft:open_chest":907,"minecraft:fall_one_cm":289449},"minecraft:killed":{"minecraft:zombified_piglin":2,"minecraft:spider":10,"minecraft:skeleton":19,"minecraft:chicken":11,"minecraft:magma_cube":1,"minecraft:piglin":9,"mekanismadditions:baby_enderman":1,"minecraft:pig":2,"minecraft:creeper":7,"minecraft:sheep":9,"minecraft:zombie":47,"minecraft:ghast":1,"minecraft:blaze":16,"minecraft:phantom":1,"minecraft:horse":4,"mekanismadditions:baby_skeleton":1,"minecraft:drowned":1,"minecraft:squid":1,"alexsmobs:cockroach":1,"ars_nouveau:whirlisprig":1,"alexsmobs:crow":1,"minecraft:enderman":3},"minecraft:picked_up":{"minecraft:iron_chestplate":1,"minecraft:wheat":193,"minecraft:redstone_block":2,"minecraft:nether_brick_fence":22,"mekanism:raw_uranium":107,"createaddition:electrum_nugget":35,"create:wrench":1,"ars_nouveau:bombegranate_pod":2,"byg:subzero_ash_block":91,"minecraft:polished_blackstone_brick_stairs":1,"minecraft:string":10,"minecraft:soul_soil":4,"minecraft:raw_copper":904,"create:limestone":1,"minecraft:iron_leggings":1,"minecraft:shroomlight":6,"minecraft:oak_sign":1,"minecraft:gold_nugget":97,"minecraft:cobbled_deepslate":418,"comforts:sleeping_bag_white":46,"minecraft:white_tulip":5,"minecraft:red_dye":30,"minecraft:iron_pickaxe":1,"minecraft:iron_boots":1,"minecraft:furnace":14,"minecraft:stick":48,"create_new_age:copper_wire":7,"create:dough":4,"minecraft:torch":124,"create:andesite_casing":12,"minecraft:porkchop":4,"minecraft:diorite":61,"mekanism:raw_tin":242,"minecraft:stone_sword":1,"minecraft:rotten_flesh":56,"create:scoria":1,"create:asurine":1,"minecraft:red_tulip":30,"byg:embur_gel_ball":2,"mekanism:ingot_osmium":52,"minecraft:blaze_rod":9,"minecraft:obsidian":209,"minecraft:cobblestone":568,"minecraft:furnace_minecart":2,"minecraft:magma_block":1,"minecraft:feather":11,"minecraft:iron_door":3,"minecraft:andesite":110,"minecraft:flint":102,"minecraft:tuff":84,"create:raw_zinc":279,"byg:emeraldite_shards":40,"create:cinder_flour":36,"minecraft:lapis_lazuli":212,"minecraft:dirt":353,"create:mechanical_plough":1,"minecraft:bone":20,"minecraft:bow":3,"minecraft:wheat_seeds":452,"minecraft:orange_tulip":12,"minecraft:raw_gold":109,"create_new_age:magnetite_block":43,"byg:warped_coral_block":2,"byg:tall_embur_roots":1,"minecraft:oak_planks":38,"mekanism:ultimate_fluid_tank":1,"create:cogwheel":2,"minecraft:warped_wart_block":111,"create:empty_blaze_burner":1,"minecraft:sand":103,"minecraft:ink_sac":1,"sophisticatedbackpacks:iron_backpack":1,"minecraft:grass_block":1,"minecraft:diamond":42,"minecraft:lever":1,"byg:travertine":33,"minecraft:crossbow":1,"minecraft:granite":117,"minecraft:bone_meal":18,"minecraft:nether_wart":18,"create:copper_sheet":8,"minecraft:oak_sapling":75,"minecraft:netherrack":499,"minecraft:crimson_roots":1,"sophisticatedbackpacks:gold_backpack":1,"minecraft:charcoal":2,"minecraft:crafting_table":12,"create_new_age:thorium":504,"byg:soapstone":68,"minecraft:azure_bluet":3,"minecraft:chicken":11,"minecraft:clay_ball":2,"minecraft:brown_mushroom":10,"minecraft:wooden_pickaxe":1,"minecraft:gold_block":2,"byg:wood_blewit":2,"byg:emeraldite_ore":15,"minecraft:shield":1,"minecraft:cornflower":1,"minecraft:flint_and_steel":1,"create:scorchia":9,"minecraft:iron_nugget":32,"minecraft:light_gray_wool":1,"minecraft:minecart":6,"minecraft:sugar_cane":19,"minecraft:chest":2,"minecraft:egg":6,"minecraft:raw_iron":495,"minecraft:orange_dye":24,"create:golden_sheet":18,"minecraft:copper_ingot":38,"ironchest:iron_chest":2,"byg:sythian_stalk_block":14,"minecraft:white_dye":10,"create:hand_crank":2,"create:powdered_obsidian":16,"minecraft:carrot":1,"minecraft:redstone":454,"create:brass_casing":2,"create:zinc_ingot":31,"create:deployer":3,"ars_nouveau:green_archwood_log":1,"minecraft:arrow":17,"create:experience_nugget":104,"minecraft:nether_bricks":25,"mekanism:osmium_compressor":1,"minecraft:hay_block":31,"minecraft:gold_ingot":1,"byg:blue_netherrack":84,"mekanism:ingot_lead":22,"mekanism:cardboard_box":2,"minecraft:mutton":13,"minecraft:rail":8,"minecraft:white_wool":8,"minecraft:oxeye_daisy":1,"mekanism:electric_pump":5,"create:iron_sheet":13,"minecraft:basalt":21,"mekanism:raw_lead":79,"minecraft:leather":5,"minecraft:oak_log":539,"minecraft:gunpowder":5,"create:blaze_burner":1,"byg:hanging_sythian_roots":3,"create:copper_nugget":39,"mekanism:salt":12,"create:crushing_wheel":2,"byg:scoria_cobblestone":79,"create:crushed_raw_iron":82,"minecraft:apple":4,"byg:scoria_stone":1,"minecraft:warped_stem":10,"alexsmobs:cockroach_wing_fragment":1,"minecraft:iron_ingot":149,"minecraft:soul_sand":66,"create:mechanical_saw":1,"ars_nouveau:red_archwood_sapling":1,"minecraft:quartz":48,"minecraft:dandelion":5,"byg:warped_soul_soil":1,"minecraft:dripstone_block":47,"ars_nouveau:novice_spell_book":1,"minecraft:gravel":236,"mekanism:ingot_tin":76,"byg:warped_cactus":2,"mekanism:atomic_disassembler":1,"mekanism:raw_osmium":167,"create_new_age:carbon_brushes":1,"minecraft:spider_eye":6,"create:wheat_flour":178,"mekanismgenerators:wind_generator":1,"minecraft:lime_dye":5,"create:brass_ingot":1,"minecraft:stone_axe":1,"create:zinc_nugget":38,"minecraft:iron_helmet":1,"create:crushed_raw_osmium":52,"minecraft:coal":329,"minecraft:sunflower":15,"minecraft:ender_pearl":4},"minecraft:mined":{"mekanismgenerators:wind_generator":1,"create:deepslate_zinc_ore":81,"create:andesite_casing":12,"minecraft:obsidian":203,"minecraft:granite":134,"minecraft:grass_block":290,"sophisticatedbackpacks:iron_backpack":1,"minecraft:soul_soil":4,"byg:tall_embur_roots":1,"mekanism:osmium_compressor":1,"byg:wood_blewit_mushroom_block":3,"minecraft:nether_wart":20,"comforts:sleeping_bag_white":1,"minecraft:tall_seagrass":4,"minecraft:magma_block":1,"byg:sythian_nylium":19,"minecraft:iron_ore":282,"byg:blue_nether_quartz_ore":1,"minecraft:fire":8,"minecraft:cobbled_deepslate":28,"byg:quartzite_sand":1,"minecraft:deepslate_lapis_ore":17,"byg:lament_leaves":1,"create:asurine":1,"minecraft:dirt_path":1,"minecraft:red_tulip":15,"create:mechanical_plough":1,"minecraft:oak_sign":2,"create:cogwheel":1,"create:limestone":1,"byg:tall_prairie_grass":2,"minecraft:deepslate_redstone_ore":96,"minecraft:brown_mushroom":5,"mekanism:osmium_ore":57,"minecraft:soul_fire":21,"mekanism:block_salt":3,"minecraft:torch":29,"minecraft:chest":2,"create:scoria":1,"mekanism:tin_ore":159,"create:brass_casing":2,"minecraft:glass":3,"minecraft:nether_quartz_ore":27,"minecraft:cobblestone":40,"minecraft:oak_planks":7,"minecraft:sugar_cane":7,"minecraft:iron_door":3,"minecraft:wall_torch":9,"minecraft:seagrass":6,"byg:embur_nylium":5,"byg:soapstone":27,"mekanism:cardboard_box":1,"byg:warped_coral_block":2,"minecraft:wheat":128,"minecraft:orange_tulip":12,"byg:subzero_ash_block":89,"minecraft:grass":157,"mekanism:deepslate_tin_ore":21,"minecraft:oak_log":79,"mekanism:lead_ore":27,"create:hand_crank":1,"minecraft:sand":39,"minecraft:dirt":108,"minecraft:netherrack":496,"minecraft:oak_leaves":17,"minecraft:deepslate":376,"byg:travertine":32,"create:zinc_ore":113,"minecraft:nether_gold_ore":15,"minecraft:tuff":59,"byg:scoria_cobblestone":1,"minecraft:deepslate_diamond_ore":41,"ars_nouveau:green_archwood_leaves":1,"mekanism:deepslate_osmium_ore":30,"minecraft:lever":1,"minecraft:nether_bricks":27,"minecraft:crimson_roots":1,"create_new_age:thorium_ore":44,"minecraft:redstone_wire":2,"minecraft:brown_mushroom_block":9,"byg:warped_cactus":2,"minecraft:hay_block":31,"minecraft:redstone_ore":4,"byg:blue_netherrack":79,"minecraft:furnace":9,"minecraft:andesite":107,"create_new_age:carbon_brushes":1,"create:scorchia":9,"byg:hanging_sythian_roots_plant":1,"minecraft:gold_block":2,"minecraft:nether_brick_fence":24,"minecraft:shroomlight":6,"minecraft:deepslate_iron_ore":83,"minecraft:rail":8,"minecraft:warped_stem":10,"ironchest:iron_chest":2,"create:deployer":3,"minecraft:white_tulip":5,"minecraft:stone":290,"byg:emeraldite_ore":23,"mekanism:deepslate_lead_ore":14,"minecraft:redstone_block":2,"ars_nouveau:green_archwood_log":1,"minecraft:soul_sand":2,"mekanism:ultimate_fluid_tank":1,"minecraft:basalt":24,"create_new_age:magnetite_block":40,"minecraft:crafting_table":11,"minecraft:cornflower":1,"byg:warped_soul_soil":1,"minecraft:campfire":1,"byg:sythian_stalk_block":1,"minecraft:copper_ore":172,"minecraft:tall_grass":18,"minecraft:lapis_ore":5,"minecraft:deepslate_gold_ore":58,"minecraft:polished_blackstone_brick_stairs":1,"minecraft:diorite":27,"minecraft:warped_wart_block":114,"create:mechanical_saw":1,"create:blaze_burner":2,"byg:scoria_stone":74,"byg:wailing_grass":1,"minecraft:coal_ore":277,"byg:warped_bush":1,"byg:embur_gel_block":2,"minecraft:gravel":53,"minecraft:sunflower":11,"minecraft:dripstone_block":48,"mekanism:deepslate_uranium_ore":64,"mekanism:electric_pump":5,"minecraft:gold_ore":8},"minecraft:crafted":{"mekanism:free_runners":1,"minecraft:oak_planks":495,"minecraft:barrel":36,"mekanism:block_steel":1,"mekanism:configurator":1,"mekanism:block_raw_lead":10,"minecraft:blaze_powder":8,"minecraft:cooked_chicken":8,"mekanism:electrolytic_separator":1,"mekanism:electrolytic_core":1,"createaddition:rolling_mill":1,"mekanism:atomic_disassembler":1,"minecraft:diamond_shovel":1,"create:deployer":2,"minecraft:cooked_mutton":4,"create:rotation_speed_controller":2,"create:copper_nugget":9,"minecraft:iron_boots":2,"mekanism:block_raw_tin":36,"create:cart_assembler":2,"minecraft:chest":18,"minecraft:iron_door":3,"mekanism:basic_fluid_tank":1,"minecraft:rail":16,"minecraft:stone_hoe":1,"minecraft:ender_eye":1,"create:cogwheel":33,"minecraft:glass_bottle":1,"mekanism:energy_tablet":13,"create:brass_hand":2,"minecraft:raw_iron_block":34,"fluxnetworks:flux_core":4,"create:mechanical_plough":1,"minecraft:oak_slab":21,"minecraft:furnace_minecart":1,"create:depot":3,"minecraft:emerald":7,"minecraft:cooked_porkchop":4,"minecraft:diamond_axe":1,"minecraft:crafting_table":2,"minecraft:wooden_pickaxe":1,"minecraft:iron_helmet":2,"storagedrawers:oak_full_drawers_1":2,"create:sand_paper":3,"minecraft:copper_ingot":4,"createaddition:electrum_ingot":3,"create_new_age:carbon_brushes":1,"minecraft:brewing_stand":1,"sophisticatedbackpacks:upgrade_base":1,"create:stressometer":1,"createaddition:spool":16,"create:gearbox":2,"minecraft:iron_chestplate":1,"minecraft:book":1,"minecraft:paper":3,"minecraft:diamond_pickaxe":1,"create:water_wheel":10,"mekanism:steel_casing":5,"minecraft:shield":1,"naturescompass:naturescompass":1,"create:super_glue":1,"minecraft:stick":143,"mekanism:crusher":1,"create:mechanical_pump":1,"minecraft:iron_ingot":25,"minecraft:compass":2,"minecraft:iron_pickaxe":5,"minecraft:stone_sword":1,"minecraft:gold_ingot":10,"storagedrawers:drawer_key":1,"create:large_cogwheel":10,"create:propeller":3,"mekanism:osmium_compressor":1,"mekanism:advanced_fluid_tank":1,"mekanism:block_salt":2,"storagedrawers:upgrade_template":4,"create:empty_blaze_burner":5,"mekanism:precision_sawmill":1,"minecraft:raw_iron":1,"mekanism:basic_universal_cable":4,"minecraft:redstone":38,"mekanismgenerators:wind_generator":3,"minecraft:iron_nugget":51,"mekanism:cardboard_box":1,"sophisticatedbackpacks:tool_swapper_upgrade":1,"comforts:sleeping_bag_white":1,"mekanism:basic_chemical_tank":1,"storagedrawers:quantify_key":1,"minecraft:furnace":7,"minecraft:bone_meal":21,"minecraft:raw_copper_block":96,"mekanism:jetpack_armored":1,"storagedrawers:emerald_storage_upgrade":2,"mekanism:jetpack":1,"minecraft:iron_axe":2,"minecraft:slime_ball":4,"minecraft:stone_pickaxe":1,"create_new_age:generator_coil":1,"mekanism:elite_fluid_tank":1,"minecraft:redstone_block":17,"createaddition:electrum_nugget":1,"create:electron_tube":23,"create_new_age:redstone_magnet":6,"mekanism:block_raw_osmium":8,"minecraft:minecart":3,"minecraft:sugar":2,"mekanism:metallurgic_infuser":1,"create:large_water_wheel":9,"minecraft:bucket":3,"create:andesite_alloy_block":1,"minecraft:stone_axe":1,"mekanism:ultimate_fluid_tank":1,"minecraft:air":2551,"create:raw_zinc_block":21,"create:speedometer":1,"minecraft:oak_boat":1,"mekanism:basic_energy_cube":1,"mekanism:enrichment_chamber":1,"minecraft:writable_book":1,"minecraft:iron_leggings":2,"mekanism:advanced_control_circuit":2,"create:mechanical_drill":12,"create:shaft":50,"minecraft:torch":167,"create:zinc_ingot":3,"minecraft:lapis_block":26,"ironchest:iron_chest":4},"minecraft:killed_by":{"alexsmobs:centipede_head":1},"minecraft:dropped":{"byg:biomepedia":1,"ars_nouveau:novice_spell_book":1,"minecraft:soul_sand":64,"minecraft:orange_tulip":12,"mekanism:atomic_disassembler":1,"minecraft:leather":1,"minecraft:emerald":1,"minecraft:flint":134,"minecraft:dirt":44,"minecraft:crimson_roots":1,"minecraft:sunflower":14,"minecraft:sand":36,"byg:embur_gel_ball":2,"byg:scoria_cobblestone":2,"minecraft:bone":7,"ars_nouveau:source_gem":7,"minecraft:gravel":78,"minecraft:white_tulip":5,"create_new_age:thorium":466,"minecraft:sugar_cane":1,"minecraft:iron_nugget":148,"minecraft:cobbled_deepslate":64,"alexsmobs:animal_dictionary":1,"minecraft:wheat":182,"minecraft:obsidian":18,"minecraft:rotten_flesh":21,"minecraft:azure_bluet":3,"create:wrench":1,"create:brass_ingot":2,"create:wheat_flour":5,"minecraft:arrow":1,"mekanism:advanced_fluid_tank":1,"minecraft:quartz":1,"minecraft:netherrack":29,"minecraft:iron_ingot":88,"minecraft:bread":18,"byg:tall_embur_roots":1,"ars_nouveau:pierce_arrow":26,"minecraft:wheat_seeds":275,"minecraft:cobblestone":781,"minecraft:feather":1,"minecraft:granite":84,"minecraft:copper_ingot":81,"minecraft:oxeye_daisy":1,"ars_nouveau:worn_notebook":1,"ars_nouveau:bombegranate_pod":1,"minecraft:torch":20,"byg:soapstone":6,"minecraft:iron_leggings":1,"mekanism:raw_osmium":104,"mekanism:salt":4,"minecraft:string":4,"create:raw_zinc":71,"minecraft:dandelion":4,"minecraft:redstone":2,"minecraft:raw_copper":172,"minecraft:tuff":457,"minecraft:raw_iron":165,"minecraft:iron_boots":1,"minecraft:clay_ball":2,"minecraft:light_gray_wool":1,"create:copper_sheet":9,"create_new_age:magnetite_block":1,"alexsmobs:cockroach_wing_fragment":1,"create:zinc_ingot":66,"minecraft:diamond_pickaxe":1,"minecraft:andesite":148,"minecraft:oak_sapling":6,"minecraft:spider_eye":1,"minecraft:bow":1,"minecraft:raw_gold":12,"minecraft:wooden_pickaxe":1,"minecraft:red_tulip":30,"ars_nouveau:amplify_arrow":20,"create:golden_sheet":32},"minecraft:used":{"byg:travertine":53,"mekanism:block_salt":2,"create:deployer":9,"minecraft:iron_shovel":228,"create:scorchia":9,"minecraft:oak_sign":2,"minecraft:shield":30,"minecraft:chest":10,"minecraft:rotten_flesh":15,"minecraft:soul_sand":2,"minecraft:mutton":2,"create:minecart_contraption":2,"mekanism:precision_sawmill":1,"create:cogwheel":30,"minecraft:nether_bricks":9,"create:mechanical_crafter":21,"ironchest:iron_chest":6,"mekanism:basic_universal_cable":7,"minecraft:furnace_minecart":3,"create:depot":4,"minecraft:tuff":3,"create:metal_girder":21,"ars_nouveau:bombegranate_pod":2,"minecraft:obsidian":14,"mekanism:basic_energy_cube":1,"minecraft:glass":15,"minecraft:lava_bucket":25,"minecraft:grass_block":1,"mekanismgenerators:wind_generator":4,"create_new_age:magnetite_block":12,"create:rotation_speed_controller":12,"create:shaft":5,"minecraft:oak_sapling":63,"minecraft:furnace":10,"create:mechanical_drill":30,"mekanism:jetpack_armored":1,"minecraft:egg":2,"ars_nouveau:green_archwood_log":1,"create_new_age:redstone_magnet":12,"byg:scoria_stone":1,"minecraft:diorite":8,"create:crushing_wheel":8,"minecraft:oak_planks":11,"byg:warped_coral_block":2,"minecraft:stone_pickaxe":132,"minecraft:ender_pearl":1,"minecraft:wooden_pickaxe":3,"minecraft:redstone_block":2,"minecraft:sugar_cane":8,"minecraft:diamond_axe":85,"create:mechanical_saw":11,"createaddition:rolling_mill":3,"minecraft:lever":10,"mekanism:crusher":1,"minecraft:bread":147,"mekanism:metallurgic_infuser":1,"create_new_age:copper_wire":6,"create:asurine":1,"minecraft:iron_door":5,"minecraft:gravel":13,"storagedrawers:quantify_key":6,"create_new_age:electrical_connector":5,"create:stressometer":4,"minecraft:andesite":11,"minecraft:oak_boat":1,"storagedrawers:oak_full_drawers_1":6,"minecraft:bone_meal":47,"minecraft:stone_sword":136,"create:large_cogwheel":16,"create:limestone":1,"mekanism:enrichment_chamber":1,"sophisticatedbackpacks:iron_backpack":2,"mekanism:cardboard_box":2,"minecraft:flint_and_steel":8,"mekanism:configurator":10,"minecraft:redstone":3,"create_new_age:generator_coil":2,"byg:emeraldite_ore":15,"createaddition:copper_spool":10,"minecraft:stone_hoe":2,"minecraft:cooked_chicken":8,"minecraft:netherrack":347,"minecraft:torch":738,"minecraft:brewing_stand":1,"create:mechanical_pump":2,"minecraft:dirt":167,"createaddition:modular_accumulator":11,"create:mechanical_plough":2,"mekanism:osmium_compressor":2,"minecraft:granite":29,"mekanism:ultimate_fluid_tank":1,"create:wrench":319,"create:gearbox":7,"minecraft:iron_axe":237,"minecraft:polished_blackstone_brick_stairs":1,"create:cart_assembler":15,"byg:blue_netherrack":84,"minecraft:basalt":21,"create:encased_chain_drive":5,"minecraft:soul_soil":1,"comforts:sleeping_bag_white":46,"minecraft:minecart":7,"create:fluid_pipe":11,"mekanism:electrolytic_separator":1,"minecraft:cobbled_deepslate":168,"minecraft:iron_leggings":1,"minecraft:wheat_seeds":128,"minecraft:cooked_mutton":4,"minecraft:water_bucket":42,"mekanism:electric_pump":6,"minecraft:glass_bottle":6,"createaddition:connector":8,"create:empty_blaze_burner":9,"create:blaze_burner":11,"create:furnace_minecart_contraption":12,"byg:warped_cactus":2,"minecraft:rail":29,"minecraft:crafting_table":12,"minecraft:oak_log":95,"minecraft:diamond_pickaxe":2204,"minecraft:cornflower":1,"mekanism:atomic_disassembler":1009,"minecraft:diamond_shovel":75,"create:mechanical_press":1,"minecraft:sunflower":1,"minecraft:iron_pickaxe":1055,"create:water_wheel":2,"byg:soapstone":2,"create:large_water_wheel":11,"minecraft:stone_axe":92,"minecraft:potion":4,"minecraft:cobblestone":409,"minecraft:cooked_porkchop":2,"byg:scoria_cobblestone":74,"byg:warped_soul_soil":1,"minecraft:bucket":69,"create:hand_crank":10,"create_new_age:carbon_brushes":7,"minecraft:dandelion":1,"byg:subzero_ash_block":64}},"DataVersion":3120}