{"stats":{"minecraft:crafted":{"mekanism:free_runners":1,"minecraft:oak_planks":371,"mekanism:block_steel":1,"mekanism:configurator":1,"mekanism:block_raw_lead":10,"minecraft:cooked_chicken":8,"mekanism:electrolytic_separator":1,"mekanism:electrolytic_core":1,"createaddition:rolling_mill":1,"mekanism:atomic_disassembler":1,"minecraft:diamond_shovel":1,"create:deployer":2,"minecraft:cooked_mutton":4,"create:rotation_speed_controller":1,"create:copper_nugget":9,"minecraft:iron_boots":1,"mekanism:block_raw_tin":36,"create:cart_assembler":2,"minecraft:chest":18,"minecraft:rail":16,"minecraft:stone_hoe":1,"create:cogwheel":20,"mekanism:energy_tablet":12,"create:brass_hand":2,"minecraft:raw_iron_block":34,"create:mechanical_plough":1,"minecraft:furnace_minecart":1,"create:depot":3,"minecraft:emerald":7,"minecraft:cooked_porkchop":4,"minecraft:diamond_axe":1,"minecraft:crafting_table":2,"minecraft:wooden_pickaxe":1,"minecraft:iron_helmet":1,"storagedrawers:oak_full_drawers_1":2,"createaddition:electrum_ingot":3,"minecraft:copper_ingot":4,"create:sand_paper":3,"create_new_age:carbon_brushes":1,"sophisticatedbackpacks:upgrade_base":1,"create:stressometer":1,"createaddition:spool":16,"create:gearbox":1,"minecraft:book":1,"minecraft:paper":3,"minecraft:iron_chestplate":1,"minecraft:diamond_pickaxe":1,"create:water_wheel":10,"mekanism:steel_casing":4,"minecraft:shield":1,"create:super_glue":1,"mekanism:crusher":1,"minecraft:stick":139,"create:mechanical_pump":1,"minecraft:iron_ingot":24,"minecraft:compass":1,"minecraft:iron_pickaxe":5,"minecraft:stone_sword":1,"minecraft:gold_ingot":10,"storagedrawers:drawer_key":1,"create:large_cogwheel":4,"create:propeller":3,"mekanism:osmium_compressor":1,"mekanism:block_salt":2,"storagedrawers:upgrade_template":4,"minecraft:redstone":36,"mekanism:basic_universal_cable":4,"mekanismgenerators:wind_generator":3,"minecraft:iron_nugget":50,"sophisticatedbackpacks:tool_swapper_upgrade":1,"comforts:sleeping_bag_white":1,"storagedrawers:quantify_key":1,"mekanism:basic_chemical_tank":1,"minecraft:furnace":7,"minecraft:bone_meal":21,"mekanism:jetpack_armored":1,"minecraft:raw_copper_block":96,"storagedrawers:emerald_storage_upgrade":2,"mekanism:jetpack":1,"minecraft:iron_axe":2,"minecraft:slime_ball":4,"minecraft:stone_pickaxe":1,"create_new_age:generator_coil":1,"createaddition:electrum_nugget":1,"minecraft:redstone_block":17,"create:electron_tube":23,"create_new_age:redstone_magnet":6,"mekanism:block_raw_osmium":8,"minecraft:minecart":3,"mekanism:metallurgic_infuser":1,"create:large_water_wheel":9,"minecraft:bucket":2,"create:andesite_alloy_block":1,"minecraft:stone_axe":1,"minecraft:air":1769,"create:raw_zinc_block":21,"create:speedometer":1,"mekanism:basic_energy_cube":1,"mekanism:enrichment_chamber":1,"minecraft:writable_book":1,"minecraft:iron_leggings":1,"mekanism:advanced_control_circuit":2,"create:shaft":48,"create:mechanical_drill":12,"minecraft:torch":151,"create:zinc_ingot":3,"minecraft:lapis_block":26,"ironchest:iron_chest":4},"minecraft:mined":{"mekanismgenerators:wind_generator":1,"create:deepslate_zinc_ore":67,"create:andesite_casing":11,"minecraft:obsidian":22,"minecraft:granite":12,"minecraft:grass_block":129,"sophisticatedbackpacks:iron_backpack":1,"minecraft:soul_soil":4,"mekanism:osmium_compressor":1,"byg:tall_embur_roots":1,"comforts:sleeping_bag_white":1,"minecraft:tall_seagrass":4,"byg:sythian_nylium":19,"minecraft:iron_ore":282,"byg:blue_nether_quartz_ore":1,"minecraft:cobbled_deepslate":25,"minecraft:fire":4,"byg:quartzite_sand":1,"minecraft:deepslate_lapis_ore":17,"create:asurine":1,"minecraft:red_tulip":15,"create:mechanical_plough":1,"minecraft:oak_sign":2,"create:limestone":1,"byg:tall_prairie_grass":2,"minecraft:deepslate_redstone_ore":96,"mekanism:osmium_ore":57,"minecraft:brown_mushroom":5,"minecraft:soul_fire":21,"mekanism:block_salt":3,"minecraft:torch":27,"minecraft:chest":2,"create:scoria":1,"mekanism:tin_ore":159,"create:brass_casing":1,"minecraft:nether_quartz_ore":27,"minecraft:cobblestone":40,"minecraft:oak_planks":7,"minecraft:sugar_cane":2,"minecraft:wall_torch":9,"minecraft:seagrass":6,"byg:embur_nylium":5,"byg:soapstone":27,"byg:warped_coral_block":2,"minecraft:wheat":17,"byg:subzero_ash_block":68,"minecraft:orange_tulip":12,"minecraft:grass":137,"mekanism:deepslate_tin_ore":21,"minecraft:oak_log":74,"mekanism:lead_ore":27,"minecraft:sand":39,"minecraft:dirt":64,"minecraft:netherrack":372,"minecraft:oak_leaves":17,"minecraft:deepslate":352,"byg:travertine":31,"create:zinc_ore":113,"minecraft:nether_gold_ore":15,"minecraft:tuff":44,"byg:scoria_cobblestone":1,"minecraft:deepslate_diamond_ore":41,"ars_nouveau:green_archwood_leaves":1,"mekanism:deepslate_osmium_ore":30,"minecraft:lever":1,"minecraft:nether_bricks":5,"minecraft:crimson_roots":1,"create_new_age:thorium_ore":44,"minecraft:brown_mushroom_block":9,"byg:warped_cactus":2,"minecraft:hay_block":31,"minecraft:redstone_ore":4,"byg:blue_netherrack":79,"minecraft:furnace":9,"minecraft:andesite":107,"create_new_age:carbon_brushes":1,"create:scorchia":9,"byg:hanging_sythian_roots_plant":1,"minecraft:deepslate_iron_ore":83,"minecraft:rail":8,"ironchest:iron_chest":2,"create:deployer":2,"minecraft:stone":286,"minecraft:white_tulip":5,"byg:emeraldite_ore":22,"mekanism:deepslate_lead_ore":14,"minecraft:redstone_block":2,"ars_nouveau:green_archwood_log":1,"minecraft:soul_sand":1,"create_new_age:magnetite_block":39,"minecraft:crafting_table":11,"minecraft:cornflower":1,"byg:warped_soul_soil":1,"minecraft:campfire":1,"byg:sythian_stalk_block":1,"minecraft:copper_ore":172,"minecraft:tall_grass":18,"minecraft:lapis_ore":5,"minecraft:deepslate_gold_ore":58,"minecraft:diorite":27,"create:blaze_burner":1,"byg:scoria_stone":69,"byg:wailing_grass":1,"minecraft:coal_ore":277,"byg:warped_bush":1,"minecraft:sunflower":1,"byg:embur_gel_block":2,"minecraft:gravel":32,"minecraft:dripstone_block":48,"mekanism:deepslate_uranium_ore":64,"minecraft:gold_ore":8},"minecraft:killed_by":{"alexsmobs:centipede_head":1},"minecraft:broken":{"minecraft:iron_shovel":1,"minecraft:stone_pickaxe":1,"minecraft:stone_axe":1,"minecraft:stone_sword":1,"minecraft:iron_axe":1,"minecraft:iron_pickaxe":4,"minecraft:iron_helmet":1,"create:sand_paper":2},"minecraft:custom":{"minecraft:interact_with_crafting_table":122,"minecraft:leave_game":13,"minecraft:time_since_death":881656,"minecraft:sprint_one_cm":1213509,"minecraft:damage_blocked_by_shield":1135,"minecraft:drop":233,"minecraft:play_time":909701,"minecraft:deaths":1,"minecraft:jump":9248,"minecraft:walk_on_water_one_cm":78837,"minecraft:interact_with_furnace":39,"minecraft:sleep_in_bed":43,"minecraft:waystone_activated":1,"minecraft:damage_dealt":21348,"minecraft:crouch_one_cm":255530,"minecraft:mob_kills":131,"minecraft:damage_dealt_resisted":548,"minecraft:climb_one_cm":778,"minecraft:walk_one_cm":1396437,"minecraft:damage_dealt_absorbed":104,"minecraft:sneak_time":77881,"minecraft:walk_under_water_one_cm":60323,"minecraft:interact_with_blast_furnace":1,"minecraft:total_world_time":909701,"minecraft:interact_with_grindstone":1,"minecraft:time_since_rest":77790,"minecraft:damage_taken":6024,"minecraft:minecart_one_cm":456,"minecraft:swim_one_cm":68705,"minecraft:fly_one_cm":1936931,"minecraft:open_chest":704,"minecraft:fall_one_cm":227790},"minecraft:picked_up":{"minecraft:iron_chestplate":1,"minecraft:wheat":18,"minecraft:redstone_block":2,"mekanism:raw_uranium":107,"createaddition:electrum_nugget":35,"create:wrench":1,"ars_nouveau:bombegranate_pod":2,"byg:subzero_ash_block":72,"minecraft:string":10,"minecraft:soul_soil":4,"minecraft:raw_copper":904,"create:limestone":1,"minecraft:iron_leggings":1,"minecraft:oak_sign":1,"minecraft:gold_nugget":97,"minecraft:cobbled_deepslate":391,"comforts:sleeping_bag_white":43,"minecraft:white_tulip":5,"minecraft:red_dye":30,"minecraft:iron_pickaxe":1,"minecraft:furnace":14,"minecraft:iron_boots":1,"minecraft:stick":26,"create_new_age:copper_wire":7,"create:dough":4,"minecraft:torch":119,"create:andesite_casing":11,"minecraft:porkchop":4,"minecraft:diorite":61,"mekanism:raw_tin":242,"minecraft:stone_sword":1,"minecraft:rotten_flesh":56,"create:scoria":1,"byg:embur_gel_ball":2,"minecraft:red_tulip":30,"create:asurine":1,"mekanism:ingot_osmium":52,"minecraft:blaze_rod":1,"minecraft:obsidian":38,"minecraft:cobblestone":566,"minecraft:furnace_minecart":2,"minecraft:feather":11,"minecraft:andesite":110,"minecraft:flint":99,"minecraft:tuff":69,"create:raw_zinc":265,"byg:emeraldite_shards":39,"minecraft:lapis_lazuli":212,"minecraft:dirt":193,"create:mechanical_plough":1,"minecraft:bone":16,"minecraft:wheat_seeds":61,"minecraft:bow":3,"minecraft:orange_tulip":12,"minecraft:raw_gold":109,"create_new_age:magnetite_block":42,"byg:warped_coral_block":2,"byg:tall_embur_roots":1,"minecraft:oak_planks":38,"create:empty_blaze_burner":1,"minecraft:sand":103,"sophisticatedbackpacks:iron_backpack":1,"minecraft:ink_sac":1,"minecraft:diamond":42,"minecraft:lever":1,"minecraft:granite":18,"minecraft:crossbow":1,"byg:travertine":32,"minecraft:bone_meal":18,"minecraft:oak_sapling":48,"minecraft:netherrack":375,"minecraft:crimson_roots":1,"sophisticatedbackpacks:gold_backpack":1,"minecraft:charcoal":2,"minecraft:crafting_table":12,"create_new_age:thorium":504,"byg:soapstone":68,"minecraft:azure_bluet":3,"minecraft:chicken":11,"minecraft:clay_ball":2,"minecraft:brown_mushroom":10,"minecraft:wooden_pickaxe":1,"byg:emeraldite_ore":15,"minecraft:shield":1,"minecraft:cornflower":1,"minecraft:flint_and_steel":1,"create:scorchia":9,"minecraft:iron_nugget":32,"minecraft:light_gray_wool":1,"minecraft:minecart":6,"minecraft:sugar_cane":6,"minecraft:chest":2,"minecraft:egg":6,"minecraft:raw_iron":495,"minecraft:orange_dye":24,"create:golden_sheet":18,"minecraft:copper_ingot":38,"ironchest:iron_chest":2,"byg:sythian_stalk_block":14,"minecraft:white_dye":10,"create:hand_crank":1,"create:powdered_obsidian":8,"minecraft:carrot":1,"minecraft:redstone":450,"create:brass_casing":1,"create:zinc_ingot":31,"create:deployer":2,"ars_nouveau:green_archwood_log":1,"minecraft:arrow":16,"create:experience_nugget":104,"minecraft:nether_bricks":5,"mekanism:osmium_compressor":1,"minecraft:hay_block":31,"byg:blue_netherrack":84,"minecraft:gold_ingot":1,"mekanism:ingot_lead":22,"minecraft:mutton":13,"minecraft:rail":8,"minecraft:white_wool":8,"minecraft:oxeye_daisy":1,"create:iron_sheet":13,"mekanism:raw_lead":79,"minecraft:leather":5,"minecraft:oak_log":360,"minecraft:gunpowder":5,"create:copper_nugget":39,"byg:hanging_sythian_roots":3,"mekanism:salt":12,"create:crushing_wheel":2,"byg:scoria_cobblestone":74,"create:crushed_raw_iron":82,"minecraft:apple":3,"byg:scoria_stone":1,"alexsmobs:cockroach_wing_fragment":1,"minecraft:iron_ingot":101,"minecraft:soul_sand":65,"ars_nouveau:red_archwood_sapling":1,"minecraft:quartz":48,"minecraft:dandelion":4,"byg:warped_soul_soil":1,"minecraft:dripstone_block":47,"ars_nouveau:novice_spell_book":1,"minecraft:gravel":228,"mekanism:ingot_tin":76,"byg:warped_cactus":2,"mekanism:atomic_disassembler":1,"mekanism:raw_osmium":167,"create_new_age:carbon_brushes":1,"minecraft:spider_eye":6,"create:wheat_flour":5,"mekanismgenerators:wind_generator":1,"minecraft:lime_dye":5,"create:zinc_nugget":38,"create:brass_ingot":1,"minecraft:stone_axe":1,"minecraft:iron_helmet":1,"create:crushed_raw_osmium":52,"minecraft:coal":329,"minecraft:sunflower":1},"minecraft:killed":{"minecraft:zombified_piglin":2,"minecraft:spider":10,"minecraft:skeleton":17,"minecraft:chicken":11,"minecraft:piglin":9,"minecraft:pig":2,"minecraft:creeper":6,"minecraft:sheep":9,"minecraft:zombie":47,"minecraft:ghast":1,"minecraft:blaze":2,"minecraft:horse":4,"mekanismadditions:baby_skeleton":1,"minecraft:drowned":1,"minecraft:squid":1,"alexsmobs:cockroach":1,"ars_nouveau:whirlisprig":1,"alexsmobs:crow":1},"minecraft:dropped":{"byg:biomepedia":1,"ars_nouveau:novice_spell_book":1,"minecraft:soul_sand":64,"minecraft:orange_tulip":12,"mekanism:atomic_disassembler":1,"minecraft:leather":1,"minecraft:flint":132,"minecraft:emerald":1,"minecraft:dirt":39,"minecraft:crimson_roots":1,"minecraft:sand":36,"byg:embur_gel_ball":2,"byg:scoria_cobblestone":2,"ars_nouveau:source_gem":7,"minecraft:bone":3,"minecraft:gravel":71,"minecraft:white_tulip":5,"create_new_age:thorium":466,"minecraft:sugar_cane":1,"minecraft:iron_nugget":148,"minecraft:cobbled_deepslate":64,"alexsmobs:animal_dictionary":1,"minecraft:wheat":7,"minecraft:obsidian":10,"minecraft:rotten_flesh":21,"minecraft:azure_bluet":3,"create:wrench":1,"create:brass_ingot":2,"create:wheat_flour":5,"minecraft:quartz":1,"minecraft:netherrack":6,"minecraft:iron_ingot":40,"minecraft:bread":18,"byg:tall_embur_roots":1,"ars_nouveau:pierce_arrow":26,"minecraft:wheat_seeds":16,"minecraft:feather":1,"minecraft:cobblestone":779,"minecraft:granite":1,"minecraft:copper_ingot":81,"minecraft:oxeye_daisy":1,"ars_nouveau:worn_notebook":1,"ars_nouveau:bombegranate_pod":1,"minecraft:torch":20,"byg:soapstone":6,"mekanism:raw_osmium":104,"mekanism:salt":4,"minecraft:string":4,"create:raw_zinc":71,"minecraft:dandelion":4,"minecraft:raw_copper":172,"minecraft:tuff":457,"minecraft:raw_iron":165,"minecraft:light_gray_wool":1,"minecraft:clay_ball":2,"create:copper_sheet":9,"create_new_age:magnetite_block":1,"create:zinc_ingot":66,"minecraft:diamond_pickaxe":1,"minecraft:andesite":148,"minecraft:oak_sapling":6,"minecraft:spider_eye":1,"minecraft:bow":1,"minecraft:wooden_pickaxe":1,"minecraft:raw_gold":12,"minecraft:red_tulip":30,"ars_nouveau:amplify_arrow":20,"create:golden_sheet":32},"minecraft:used":{"byg:travertine":52,"mekanism:block_salt":2,"create:deployer":8,"minecraft:iron_shovel":228,"create:scorchia":9,"minecraft:oak_sign":2,"minecraft:shield":30,"minecraft:chest":10,"minecraft:rotten_flesh":15,"minecraft:soul_sand":1,"minecraft:mutton":2,"create:minecart_contraption":2,"create:cogwheel":26,"create:mechanical_crafter":21,"ironchest:iron_chest":6,"mekanism:basic_universal_cable":7,"minecraft:furnace_minecart":3,"create:depot":4,"minecraft:tuff":3,"create:metal_girder":21,"ars_nouveau:bombegranate_pod":2,"minecraft:obsidian":11,"mekanism:basic_energy_cube":1,"minecraft:lava_bucket":14,"mekanismgenerators:wind_generator":4,"create_new_age:magnetite_block":12,"create:rotation_speed_controller":8,"create:shaft":4,"minecraft:oak_sapling":37,"minecraft:furnace":10,"create:mechanical_drill":30,"mekanism:jetpack_armored":1,"minecraft:egg":2,"ars_nouveau:green_archwood_log":1,"create_new_age:redstone_magnet":12,"byg:scoria_stone":1,"minecraft:diorite":8,"create:crushing_wheel":8,"minecraft:oak_planks":11,"byg:warped_coral_block":2,"minecraft:stone_pickaxe":132,"minecraft:wooden_pickaxe":3,"minecraft:redstone_block":2,"minecraft:diamond_axe":82,"create:mechanical_saw":9,"createaddition:rolling_mill":3,"minecraft:lever":10,"mekanism:crusher":1,"minecraft:bread":114,"mekanism:metallurgic_infuser":1,"create_new_age:copper_wire":6,"create:asurine":1,"minecraft:gravel":13,"storagedrawers:quantify_key":6,"create_new_age:electrical_connector":5,"create:stressometer":4,"minecraft:andesite":11,"minecraft:bone_meal":47,"create:large_cogwheel":10,"storagedrawers:oak_full_drawers_1":6,"mekanism:enrichment_chamber":1,"sophisticatedbackpacks:iron_backpack":2,"create:limestone":1,"minecraft:stone_sword":136,"minecraft:flint_and_steel":2,"mekanism:configurator":8,"create_new_age:generator_coil":2,"byg:emeraldite_ore":15,"createaddition:copper_spool":10,"minecraft:stone_hoe":2,"minecraft:cooked_chicken":8,"minecraft:netherrack":346,"minecraft:torch":717,"create:mechanical_pump":2,"minecraft:dirt":61,"createaddition:modular_accumulator":11,"create:mechanical_plough":2,"mekanism:osmium_compressor":2,"minecraft:granite":13,"create:wrench":319,"create:gearbox":7,"minecraft:iron_axe":237,"create:cart_assembler":15,"create:encased_chain_drive":5,"byg:blue_netherrack":84,"minecraft:soul_soil":1,"comforts:sleeping_bag_white":43,"minecraft:minecart":7,"create:fluid_pipe":2,"mekanism:electrolytic_separator":1,"minecraft:cobbled_deepslate":168,"minecraft:iron_leggings":1,"minecraft:wheat_seeds":17,"minecraft:cooked_mutton":3,"minecraft:water_bucket":38,"createaddition:connector":8,"create:empty_blaze_burner":4,"create:blaze_burner":1,"create:furnace_minecart_contraption":12,"byg:warped_cactus":2,"minecraft:rail":29,"minecraft:crafting_table":12,"minecraft:oak_log":93,"minecraft:diamond_pickaxe":2202,"minecraft:cornflower":1,"minecraft:diamond_shovel":67,"create:mechanical_press":1,"minecraft:sunflower":1,"minecraft:iron_pickaxe":1055,"create:water_wheel":2,"byg:soapstone":2,"create:large_water_wheel":11,"minecraft:stone_axe":92,"minecraft:cobblestone":409,"byg:scoria_cobblestone":69,"byg:warped_soul_soil":1,"minecraft:bucket":54,"create:hand_crank":8,"create_new_age:carbon_brushes":7,"byg:subzero_ash_block":56}},"DataVersion":3120}