{"stats":{"minecraft:broken":{"minecraft:stone_sword":1,"minecraft:iron_axe":1,"minecraft:iron_pickaxe":4,"minecraft:iron_helmet":1,"minecraft:iron_shovel":1,"minecraft:stone_pickaxe":1,"minecraft:stone_axe":1,"create:sand_paper":2},"minecraft:picked_up":{"minecraft:iron_chestplate":1,"mekanism:raw_uranium":107,"createaddition:electrum_nugget":106,"minecraft:lead":6,"create:wrench":1,"minecraft:enchanted_book":1,"minecraft:golden_sword":1,"create:limestone":1,"minecraft:polished_blackstone_brick_stairs":1,"minecraft:string":31,"minecraft:soul_soil":4,"minecraft:shroomlight":6,"create:water_wheel":3,"minecraft:cobbled_deepslate":469,"minecraft:gold_nugget":693,"mekanism:basic_universal_cable":2,"create_new_age:copper_wire":7,"create:andesite_casing":87,"mekanism:raw_tin":242,"minecraft:cauldron":6,"minecraft:stone_sword":1,"create:scoria":1,"create:ochrum":436,"ars_nouveau:apprentice_spell_book":1,"minecraft:red_tulip":30,"minecraft:blaze_rod":9,"minecraft:furnace_minecart":2,"storagedrawers:oak_full_drawers_4":19,"minecraft:magma_block":1,"minecraft:feather":11,"minecraft:iron_door":3,"minecraft:flint":277,"byg:emeraldite_shards":45,"create:cinder_flour":36,"create:encased_chain_drive":25,"create:mechanical_plough":1,"create:mechanical_drill":16,"create:shaft":25,"byg:prairie_grass":1,"mekanism:ultimate_fluid_tank":4,"minecraft:warped_wart_block":111,"create:empty_blaze_burner":1,"sophisticatedbackpacks:iron_backpack":2,"minecraft:ink_sac":1,"minecraft:barrel":2,"minecraft:deepslate":3,"minecraft:lever":1,"minecraft:deepslate_gold_ore":15,"minecraft:granite":118,"byg:travertine":34,"minecraft:crimson_roots":1,"ars_nouveau:red_archwood_log":7,"create:copper_sheet":8,"sophisticatedbackpacks:gold_backpack":1,"minecraft:crafting_table":12,"minecraft:nether_wart":18,"minecraft:clay_ball":15,"byg:wood_blewit":2,"byg:emeraldite_ore":15,"minecraft:cornflower":3,"create:fluid_pipe":1,"minecraft:flint_and_steel":1,"create:scorchia":9,"create:deepslate_zinc_ore":11,"create:brass_funnel":1,"minecraft:deepslate_diamond_ore":4,"minecraft:iron_nugget":132,"minecraft:poppy":1,"minecraft:minecart":8,"minecraft:chest":2,"minecraft:egg":6,"byg:raw_pendorite":9,"ironchest:iron_chest":2,"sophisticatedbackpacks:backpack":2,"minecraft:fire_charge":4,"byg:sythian_stalk_block":14,"minecraft:white_dye":10,"create:powdered_obsidian":16,"minecraft:carrot":1,"minecraft:redstone":463,"byg:brimstone":1,"create:brass_casing":3,"create:vertical_gearbox":10,"ars_nouveau:green_archwood_log":1,"mekanism:osmium_compressor":1,"minecraft:hay_block":45,"storagedrawers:controller":1,"byg:blue_netherrack":192,"minecraft:gold_ingot":42,"minecraft:mutton":13,"minecraft:rail":12,"minecraft:white_wool":8,"minecraft:oxeye_daisy":2,"minecraft:stripped_oak_log":32,"mekanism:electric_pump":5,"create:iron_sheet":13,"create:crushed_raw_gold":71,"mekanism:raw_lead":83,"minecraft:oak_log":901,"farmersdelight:organic_compost":5,"create:crushing_wheel":8,"create:crushed_raw_iron":82,"minecraft:apple":10,"minecraft:kelp":347,"byg:scoria_stone":1,"minecraft:warped_stem":10,"alexsmobs:cockroach_wing_fragment":2,"create:mechanical_saw":4,"storagedrawers:controller_slave":4,"minecraft:gravel":530,"byg:warped_cactus":2,"mekanism:atomic_disassembler":1,"minecraft:crying_obsidian":13,"create_new_age:carbon_brushes":1,"minecraft:stone_axe":1,"create:mechanical_pump":2,"minecraft:deepslate_redstone_ore":36,"storagedrawers:oak_full_drawers_2":4,"minecraft:hopper":1,"minecraft:ender_pearl":11,"minecraft:wheat":193,"minecraft:redstone_block":4,"minecraft:nether_brick_fence":22,"minecraft:potion":5,"ars_nouveau:bombegranate_pod":2,"minecraft:nether_brick":13,"byg:subzero_ash_block":96,"minecraft:raw_copper":904,"minecraft:iron_leggings":1,"minecraft:oak_sign":1,"create:andesite_funnel":2,"mekanism:purification_chamber":1,"comforts:sleeping_bag_white":53,"minecraft:red_dye":30,"minecraft:white_tulip":5,"minecraft:iron_pickaxe":1,"minecraft:deepslate_iron_ore":9,"minecraft:iron_boots":3,"minecraft:furnace":14,"create_new_age:redstone_magnet":12,"minecraft:stick":87,"create:dough":4,"minecraft:torch":145,"minecraft:porkchop":4,"minecraft:diorite":61,"create:large_cogwheel":6,"fluxnetworks:flux_plug":4,"minecraft:rotten_flesh":110,"byg:embur_gel_ball":2,"create:asurine":1,"mekanism:ingot_osmium":52,"minecraft:obsidian":218,"minecraft:cobblestone":24900,"occultism:datura_seeds":9,"minecraft:andesite":112,"create:belt_connector":4,"minecraft:tuff":84,"create:raw_zinc":465,"minecraft:lapis_lazuli":212,"minecraft:dirt":610,"minecraft:leather_boots":1,"minecraft:bone":33,"minecraft:bow":3,"minecraft:orange_tulip":12,"minecraft:wheat_seeds":465,"minecraft:raw_gold":155,"create_new_age:magnetite_block":43,"minecraft:fletching_table":2,"byg:warped_coral_block":2,"minecraft:bamboo":233,"byg:tall_embur_roots":1,"minecraft:oak_planks":63,"create:cogwheel":3,"fluxnetworks:flux_block":3,"minecraft:sand":326,"minecraft:grass_block":6,"minecraft:spectral_arrow":32,"mekanism:basic_control_circuit":2,"minecraft:diamond":42,"minecraft:crossbow":1,"minecraft:bone_meal":18,"minecraft:oak_sapling":141,"minecraft:netherrack":534,"minecraft:oak_leaves":22,"fluxnetworks:flux_dust":50,"minecraft:charcoal":2,"create_new_age:thorium":504,"byg:soapstone":76,"minecraft:azure_bluet":6,"minecraft:splash_potion":3,"minecraft:chicken":11,"minecraft:brown_mushroom":10,"minecraft:wooden_pickaxe":1,"create:rotation_speed_controller":1,"minecraft:gold_block":2,"minecraft:shield":1,"create:chute":1,"minecraft:blackstone":82,"storagedrawers:oak_half_drawers_1":1,"minecraft:oak_boat":1,"minecraft:light_gray_wool":1,"minecraft:sugar_cane":83,"minecraft:phantom_membrane":2,"mekanism:basic_pressurized_tube":4,"storagedrawers:oak_trim":14,"minecraft:raw_iron":682,"minecraft:orange_dye":24,"create:golden_sheet":18,"minecraft:copper_ingot":38,"create:hand_crank":8,"byg:brimstone_nether_quartz_ore":6,"create:zinc_ingot":287,"create:deployer":3,"minecraft:arrow":24,"create:experience_nugget":104,"minecraft:nether_bricks":25,"mekanism:ingot_lead":22,"mekanism:cardboard_box":2,"minecraft:basalt":21,"minecraft:leather":16,"create:andesite_alloy":16,"minecraft:cobbled_deepslate_stairs":3,"minecraft:gunpowder":10,"create:blaze_burner":1,"byg:hanging_sythian_roots":3,"create:copper_nugget":39,"fluxnetworks:flux_point":6,"mekanism:salt":12,"byg:scoria_cobblestone":79,"fluxnetworks:flux_controller":1,"minecraft:iron_ingot":149,"minecraft:soul_sand":81,"minecraft:nether_quartz_ore":70,"ars_nouveau:red_archwood_sapling":1,"minecraft:quartz":106,"minecraft:dandelion":18,"byg:warped_soul_soil":1,"minecraft:dripstone_block":47,"ars_nouveau:novice_spell_book":1,"mekanism:ingot_tin":76,"create:brass_tunnel":1,"minecraft:spider_eye":6,"mekanism:raw_osmium":269,"create:wheat_flour":178,"mekanismgenerators:wind_generator":6,"minecraft:lime_dye":5,"create:brass_ingot":1,"create:zinc_nugget":38,"minecraft:iron_helmet":1,"create:crushed_raw_osmium":52,"minecraft:coal":421,"minecraft:sunflower":22},"minecraft:used":{"byg:travertine":53,"create:deployer":9,"minecraft:chest":14,"minecraft:rotten_flesh":15,"create:fluid_tank":12,"fluxnetworks:flux_plug":5,"minecraft:soul_sand":2,"mekanism:precision_sawmill":1,"create:mechanical_crafter":21,"ironchest:iron_chest":6,"create:depot":4,"ars_nouveau:bombegranate_pod":2,"mekanism:basic_energy_cube":1,"minecraft:lava_bucket":56,"minecraft:grass_block":6,"create_new_age:magnetite_block":12,"create:andesite_funnel":6,"create:rotation_speed_controller":16,"create:steam_engine":9,"create:shaft":78,"minecraft:oak_sapling":88,"fluxnetworks:flux_block":3,"minecraft:furnace":10,"minecraft:egg":2,"ars_nouveau:green_archwood_log":1,"create_new_age:redstone_magnet":12,"minecraft:diorite":8,"byg:warped_coral_block":2,"minecraft:wooden_pickaxe":3,"minecraft:oak_leaves":6,"minecraft:deepslate_iron_ore":1,"minecraft:oak_boat":3,"create:limestone":1,"minecraft:stone_sword":136,"storagedrawers:oak_full_drawers_2":4,"mekanism:cardboard_box":2,"create_new_age:generator_coil":2,"minecraft:netherrack":355,"minecraft:torch":1029,"minecraft:brewing_stand":1,"mekanism:osmium_compressor":2,"mekanism:ultimate_fluid_tank":5,"create:wrench":372,"create:gearbox":17,"minecraft:iron_axe":237,"storagedrawers:controller":2,"mekanism:purification_chamber":2,"minecraft:barrel":3,"minecraft:bamboo":5,"create:encased_chain_drive":64,"minecraft:basalt":21,"mekanism:upgrade_energy":4,"create:fluid_pipe":27,"comforts:sleeping_bag_white":53,"minecraft:cobbled_deepslate":243,"create:belt_connector":21,"minecraft:pointed_dripstone":12,"minecraft:wheat_seeds":128,"minecraft:water_bucket":70,"byg:brimstone":1,"create:brass_tunnel":3,"minecraft:cauldron":18,"minecraft:fletching_table":3,"create:blaze_burner":11,"create:furnace_minecart_contraption":19,"byg:warped_cactus":2,"minecraft:rail":47,"minecraft:crafting_table":12,"minecraft:white_bed":1,"minecraft:oak_log":188,"minecraft:diamond_pickaxe":2513,"minecraft:cornflower":2,"mekanism:atomic_disassembler":2696,"minecraft:diamond_shovel":75,"minecraft:sunflower":1,"minecraft:iron_pickaxe":1055,"create:water_wheel":5,"minecraft:cobblestone":421,"minecraft:potion":5,"storagedrawers:oak_full_drawers_4":19,"minecraft:cooked_porkchop":2,"byg:scoria_cobblestone":74,"minecraft:stripped_oak_log":32,"minecraft:kelp":78,"minecraft:dandelion":3,"byg:subzero_ash_block":64,"mekanism:block_salt":2,"minecraft:iron_shovel":228,"create:scorchia":9,"minecraft:oak_sign":2,"minecraft:shield":30,"minecraft:mutton":2,"create:minecart_contraption":2,"create:cogwheel":58,"minecraft:nether_bricks":9,"minecraft:furnace_minecart":3,"mekanism:basic_universal_cable":13,"minecraft:tuff":3,"create:metal_girder":21,"minecraft:obsidian":20,"minecraft:glass":86,"mekanismgenerators:wind_generator":9,"mekanism:basic_tier_installer":3,"byg:brimstone_nether_quartz_ore":6,"create:mechanical_drill":62,"mekanism:jetpack_armored":2,"byg:scoria_stone":1,"create:crushing_wheel":19,"minecraft:stone_pickaxe":132,"minecraft:oak_planks":43,"minecraft:ender_pearl":1,"minecraft:redstone_block":4,"minecraft:diamond_axe":176,"minecraft:sugar_cane":8,"create:mechanical_saw":16,"createaddition:rolling_mill":3,"minecraft:deepslate_redstone_ore":2,"minecraft:shears":22,"minecraft:cobbled_deepslate_stairs":6,"minecraft:lever":10,"mekanism:crusher":1,"minecraft:bread":247,"create_new_age:copper_wire":6,"mekanism:metallurgic_infuser":1,"mekanism:upgrade_speed":4,"mekanism:basic_pressurized_tube":5,"minecraft:iron_door":5,"minecraft:gravel":16,"create:asurine":1,"storagedrawers:quantify_key":22,"storagedrawers:oak_trim":49,"create_new_age:electrical_connector":5,"create:stressometer":5,"minecraft:andesite":11,"create:vertical_gearbox":14,"minecraft:bone_meal":47,"create:large_cogwheel":38,"storagedrawers:oak_full_drawers_1":11,"mekanism:enrichment_chamber":1,"sophisticatedbackpacks:iron_backpack":2,"minecraft:flint_and_steel":11,"mekanism:configurator":20,"minecraft:redstone":3,"byg:emeraldite_ore":15,"minecraft:deepslate_gold_ore":15,"minecraft:stone_hoe":2,"minecraft:cooked_chicken":8,"createaddition:copper_spool":10,"create:mechanical_pump":9,"minecraft:dirt":625,"minecraft:hopper":2,"createaddition:modular_accumulator":11,"create:mechanical_plough":2,"minecraft:granite":29,"create:chute":5,"minecraft:polished_blackstone_brick_stairs":1,"create:cart_assembler":17,"fluxnetworks:flux_configurator":9,"byg:blue_netherrack":130,"minecraft:soul_soil":1,"byg:prairie_grass":1,"minecraft:minecart":9,"mekanism:electrolytic_separator":1,"minecraft:iron_leggings":1,"minecraft:cooked_mutton":4,"mekanism:electric_pump":6,"fluxnetworks:flux_point":7,"minecraft:glass_bottle":6,"createaddition:connector":8,"create:empty_blaze_burner":9,"fluxnetworks:flux_controller":2,"create:brass_funnel":5,"storagedrawers:oak_half_drawers_1":1,"create:mechanical_press":1,"storagedrawers:controller_slave":9,"byg:soapstone":9,"create:large_water_wheel":11,"minecraft:stone_axe":92,"byg:warped_soul_soil":1,"minecraft:bucket":111,"create:hand_crank":30,"create_new_age:carbon_brushes":7},"minecraft:dropped":{"sophisticatedbackpacks:iron_backpack":1,"byg:biomepedia":1,"occultism:datura_seeds":8,"ars_nouveau:novice_spell_book":1,"minecraft:orange_tulip":12,"mekanism:basic_control_circuit":2,"minecraft:emerald":1,"minecraft:dirt":82,"minecraft:gold_nugget":1,"minecraft:sunflower":21,"minecraft:phantom_membrane":1,"minecraft:sand":36,"byg:embur_gel_ball":2,"ars_nouveau:source_gem":7,"minecraft:bone":20,"create_new_age:thorium":466,"minecraft:sugar_cane":1,"minecraft:iron_nugget":340,"alexsmobs:animal_dictionary":1,"minecraft:cobbled_deepslate":64,"minecraft:nether_brick":4,"minecraft:wheat":182,"minecraft:obsidian":18,"minecraft:rotten_flesh":75,"minecraft:oak_planks":2,"minecraft:azure_bluet":6,"create:wrench":1,"minecraft:leather_boots":1,"mekanism:advanced_fluid_tank":1,"minecraft:golden_boots":1,"minecraft:iron_ingot":88,"byg:tall_embur_roots":1,"ars_nouveau:pierce_arrow":26,"minecraft:wheat_seeds":287,"minecraft:feather":1,"minecraft:cobblestone":1404,"minecraft:granite":85,"minecraft:oxeye_daisy":2,"mekanism:salt":4,"minecraft:string":11,"create:raw_zinc":263,"storagedrawers:oak_trim":1,"create:ochrum":436,"minecraft:deepslate":3,"minecraft:clay_ball":15,"minecraft:iron_boots":2,"sophisticatedbackpacks:backpack":2,"create:copper_sheet":9,"create_new_age:magnetite_block":1,"alexsmobs:cockroach_wing_fragment":2,"create:zinc_ingot":482,"minecraft:diamond_pickaxe":1,"minecraft:spider_eye":1,"minecraft:bamboo":9,"minecraft:bow":1,"minecraft:red_tulip":30,"ars_nouveau:amplify_arrow":20,"minecraft:soul_sand":70,"mekanism:atomic_disassembler":1,"minecraft:leather":1,"minecraft:flint":375,"mekanism:dust_iron":64,"minecraft:cornflower":1,"minecraft:crimson_roots":1,"gravestone:obituary":1,"byg:scoria_cobblestone":2,"minecraft:gold_ingot":80,"byg:wood_blewit":2,"minecraft:gravel":302,"minecraft:white_tulip":5,"byg:subzero_ash_block":5,"minecraft:poppy":1,"minecraft:gunpowder":5,"create:brass_ingot":2,"create:wheat_flour":5,"minecraft:arrow":8,"minecraft:quartz":6,"minecraft:netherrack":56,"minecraft:bread":18,"minecraft:copper_ingot":241,"ars_nouveau:worn_notebook":1,"ars_nouveau:bombegranate_pod":1,"minecraft:torch":20,"byg:soapstone":7,"minecraft:iron_leggings":1,"mekanism:raw_osmium":104,"minecraft:dandelion":15,"minecraft:redstone":54,"minecraft:raw_copper":172,"minecraft:tuff":457,"minecraft:raw_iron":165,"minecraft:light_gray_wool":1,"byg:travertine":1,"minecraft:andesite":341,"minecraft:oak_sapling":7,"minecraft:golden_sword":1,"minecraft:wooden_pickaxe":1,"minecraft:raw_gold":12,"create:golden_sheet":32},"minecraft:killed_by":{"alexsmobs:centipede_head":1},"minecraft:mined":{"mekanismgenerators:wind_generator":6,"create:andesite_casing":87,"minecraft:obsidian":208,"minecraft:granite":135,"mekanism:purification_chamber":1,"minecraft:hopper":1,"create:belt":4,"create:rotation_speed_controller":1,"byg:wood_blewit_mushroom_block":3,"minecraft:oxeye_daisy":1,"minecraft:nether_wart":20,"minecraft:tall_seagrass":5,"minecraft:magma_block":1,"byg:sythian_nylium":19,"minecraft:fire":30,"minecraft:cobbled_deepslate":76,"minecraft:barrel":2,"byg:blue_nether_quartz_ore":1,"byg:prairie_grass":1,"byg:quartzite_sand":1,"minecraft:deepslate_lapis_ore":17,"minecraft:fletching_table":2,"byg:boric_fire":1,"byg:lament_leaves":1,"create:mechanical_plough":1,"minecraft:oak_sign":2,"minecraft:dirt_path":1,"create:limestone":2,"create:cogwheel":2,"mekanism:osmium_ore":97,"minecraft:brown_mushroom":5,"minecraft:kelp_plant":81,"storagedrawers:controller":1,"minecraft:soul_fire":21,"mekanism:block_salt":3,"minecraft:torch":39,"byg:brimstone":1,"create:scoria":1,"mekanism:tin_ore":159,"minecraft:glass":15,"minecraft:sugar_cane":39,"byg:soapstone":35,"mekanism:cardboard_box":1,"minecraft:wheat":128,"create:brass_belt_funnel":1,"storagedrawers:oak_full_drawers_2":4,"minecraft:grass":259,"mekanism:lead_ore":31,"create:hand_crank":4,"minecraft:deepslate":390,"byg:travertine":33,"create:zinc_ore":138,"fluxnetworks:flux_controller":1,"minecraft:nether_bricks":27,"minecraft:crimson_roots":1,"create_new_age:thorium_ore":44,"minecraft:redstone_wire":2,"minecraft:kelp":18,"byg:warped_cactus":2,"minecraft:redstone_ore":4,"create:shaft":25,"create_new_age:carbon_brushes":2,"storagedrawers:oak_trim":17,"minecraft:andesite":108,"byg:hanging_sythian_roots_plant":1,"minecraft:rail":12,"create:chute":3,"minecraft:warped_stem":10,"ironchest:iron_chest":2,"create:deployer":3,"mekanism:basic_pressurized_tube":4,"minecraft:bamboo_sapling":1,"minecraft:bamboo":18,"minecraft:redstone_block":4,"minecraft:soul_sand":2,"create_new_age:magnetite_block":40,"minecraft:dandelion":13,"storagedrawers:oak_full_drawers_4":19,"minecraft:cornflower":2,"create:fluid_pipe":1,"create:mechanical_pump":2,"create:water_wheel":3,"minecraft:campfire":1,"minecraft:copper_ore":172,"minecraft:tall_grass":47,"minecraft:deepslate_gold_ore":73,"minecraft:diorite":27,"minecraft:warped_wart_block":114,"create:mechanical_saw":4,"create:blaze_burner":2,"byg:scoria_stone":74,"create:gearbox":10,"byg:wailing_grass":1,"fluxnetworks:flux_block":3,"create:crushing_wheel":2,"create:mechanical_drill":16,"byg:warped_bush":1,"minecraft:sunflower":18,"byg:embur_gel_block":2,"minecraft:gravel":57,"minecraft:dripstone_block":48,"mekanism:deepslate_uranium_ore":64,"mekanism:electric_pump":5,"create:andesite_funnel":2,"minecraft:gold_ore":13,"create:deepslate_zinc_ore":81,"minecraft:oak_sapling":2,"minecraft:cobbled_deepslate_stairs":3,"minecraft:grass_block":399,"sophisticatedbackpacks:iron_backpack":1,"minecraft:soul_soil":4,"byg:tall_embur_roots":1,"mekanism:osmium_compressor":1,"comforts:sleeping_bag_white":1,"minecraft:iron_ore":367,"minecraft:azure_bluet":3,"create:asurine":1,"ars_nouveau:red_archwood_log":7,"minecraft:red_tulip":15,"byg:blue_nether_gold_ore":18,"byg:tall_prairie_grass":2,"minecraft:deepslate_redstone_ore":97,"farmersdelight:organic_compost":5,"fluxnetworks:flux_point":6,"minecraft:poppy":1,"minecraft:chest":2,"create:brass_casing":3,"minecraft:nether_quartz_ore":27,"minecraft:cobblestone":46,"minecraft:oak_planks":28,"minecraft:iron_door":3,"minecraft:wall_torch":9,"minecraft:cauldron":6,"minecraft:seagrass":7,"byg:embur_nylium":7,"byg:brimstone_nether_quartz_ore":6,"byg:warped_coral_block":2,"minecraft:orange_tulip":12,"byg:subzero_ash_block":94,"mekanism:deepslate_tin_ore":21,"minecraft:oak_log":184,"minecraft:sand":39,"minecraft:dirt":257,"create:encased_chain_drive":27,"mekanism:basic_universal_cable":3,"minecraft:netherrack":544,"minecraft:oak_leaves":119,"minecraft:nether_gold_ore":52,"minecraft:tuff":59,"byg:scoria_cobblestone":1,"minecraft:deepslate_diamond_ore":41,"ars_nouveau:green_archwood_leaves":1,"mekanism:deepslate_osmium_ore":30,"gravestone:gravestone":1,"minecraft:lever":1,"create:large_cogwheel":2,"create:ochrum":372,"minecraft:brown_mushroom_block":9,"minecraft:hay_block":45,"byg:blue_netherrack":189,"minecraft:furnace":9,"create:scorchia":9,"minecraft:gold_block":2,"minecraft:nether_brick_fence":24,"minecraft:shroomlight":6,"minecraft:deepslate_iron_ore":83,"minecraft:stripped_oak_log":32,"minecraft:white_tulip":5,"minecraft:stone":326,"byg:emeraldite_ore":25,"mekanism:deepslate_lead_ore":14,"ars_nouveau:green_archwood_log":1,"mekanism:ultimate_fluid_tank":4,"minecraft:basalt":24,"minecraft:crafting_table":11,"storagedrawers:controller_slave":4,"create_new_age:redstone_magnet":12,"byg:warped_soul_soil":1,"byg:sythian_stalk_block":1,"minecraft:lapis_ore":5,"minecraft:polished_blackstone_brick_stairs":1,"byg:pendorite_ore":4,"storagedrawers:oak_half_drawers_1":1,"fluxnetworks:flux_plug":4,"minecraft:coal_ore":316},"minecraft:killed":{"minecraft:skeleton":27,"minecraft:chicken":12,"minecraft:magma_cube":11,"minecraft:zombie":98,"minecraft:horse":4,"mekanismadditions:baby_skeleton":4,"minecraft:wandering_trader":3,"minecraft:enderman":9,"minecraft:witch":1,"minecraft:zombified_piglin":43,"minecraft:spider":19,"minecraft:piglin":10,"minecraft:pig":2,"mekanismadditions:baby_enderman":4,"mekanismadditions:baby_creeper":1,"minecraft:creeper":19,"minecraft:sheep":9,"minecraft:trader_llama":6,"minecraft:ghast":2,"minecraft:blaze":16,"minecraft:phantom":4,"minecraft:drowned":1,"minecraft:squid":1,"alexsmobs:cockroach":2,"ars_nouveau:whirlisprig":1,"alexsmobs:crow":1},"minecraft:crafted":{"mekanism:configurator":1,"minecraft:blaze_powder":8,"fluxnetworks:flux_plug":1,"mekanism:electrolytic_separator":1,"minecraft:diamond_shovel":1,"minecraft:cooked_mutton":4,"create:vertical_gearbox":26,"create:rotation_speed_controller":3,"create:andesite_funnel":2,"mekanism:block_raw_tin":36,"minecraft:iron_door":3,"storagedrawers:oak_full_drawers_4":3,"create:cogwheel":54,"mekanism:energy_tablet":13,"create:mechanical_plough":1,"minecraft:furnace_minecart":1,"minecraft:glass_bottle":1,"create:rose_quartz":1,"minecraft:emerald":23,"minecraft:cooked_porkchop":4,"minecraft:diamond_axe":1,"minecraft:raw_gold_block":11,"storagedrawers:oak_full_drawers_1":5,"minecraft:copper_ingot":4,"createaddition:electrum_ingot":10,"minecraft:fletching_table":1,"create:encased_chain_drive":42,"createaddition:spool":16,"create:gearbox":4,"naturescompass:naturescompass":1,"minecraft:compass":2,"minecraft:iron_pickaxe":5,"minecraft:iron_block":42,"minecraft:gold_ingot":29,"storagedrawers:oak_full_drawers_2":2,"storagedrawers:drawer_key":1,"create:large_cogwheel":17,"create:propeller":3,"mekanism:osmium_compressor":1,"mekanism:advanced_fluid_tank":1,"mekanism:block_salt":2,"storagedrawers:upgrade_template":4,"fluxnetworks:flux_controller":1,"minecraft:iron_nugget":78,"mekanism:cardboard_box":1,"comforts:sleeping_bag_white":1,"mekanism:basic_chemical_tank":1,"minecraft:bone_meal":21,"storagedrawers:emerald_storage_upgrade":2,"minecraft:stone_pickaxe":1,"create_new_age:generator_coil":1,"minecraft:cobbled_deepslate_stairs":1,"minecraft:redstone_block":17,"create:electron_tube":89,"create:belt_connector":10,"create_new_age:redstone_magnet":6,"mekanism:block_raw_osmium":20,"create:brass_tunnel":1,"create:andesite_alloy_block":1,"create:speedometer":1,"create:raw_zinc":63,"minecraft:writable_book":1,"minecraft:iron_leggings":2,"minecraft:white_bed":1,"create:shaft":255,"mekanism:free_runners":1,"minecraft:oak_planks":634,"minecraft:barrel":36,"mekanism:block_steel":1,"mekanism:block_raw_lead":10,"minecraft:cooked_chicken":8,"mekanism:electrolytic_core":1,"createaddition:rolling_mill":1,"mekanism:atomic_disassembler":1,"fluxnetworks:flux_point":1,"create:deployer":2,"mekanism:basic_tier_installer":2,"create:copper_nugget":9,"minecraft:iron_boots":2,"fluxnetworks:flux_configurator":1,"create:cart_assembler":2,"minecraft:comparator":2,"minecraft:chest":36,"minecraft:copper_block":9,"mekanism:basic_fluid_tank":1,"minecraft:rail":64,"minecraft:stone_hoe":1,"minecraft:ender_eye":9,"create:brass_hand":2,"minecraft:raw_iron_block":58,"fluxnetworks:flux_core":32,"create:depot":3,"minecraft:oak_slab":33,"minecraft:cauldron":12,"minecraft:crafting_table":2,"create:fluid_pipe":4,"minecraft:iron_helmet":2,"minecraft:wooden_pickaxe":1,"create:sand_paper":4,"mekanism:purification_chamber":1,"create_new_age:carbon_brushes":1,"minecraft:brewing_stand":1,"sophisticatedbackpacks:upgrade_base":1,"create:stressometer":1,"minecraft:shield":1,"minecraft:paper":3,"minecraft:book":1,"minecraft:iron_chestplate":1,"create:water_wheel":11,"minecraft:diamond_pickaxe":1,"mekanism:steel_casing":6,"create:super_glue":1,"mekanism:crusher":1,"minecraft:stick":287,"create:mechanical_pump":4,"minecraft:iron_ingot":58,"minecraft:stone_sword":1,"minecraft:redstone_torch":6,"minecraft:shears":1,"create:empty_blaze_burner":5,"mekanism:precision_sawmill":1,"mekanism:basic_universal_cable":4,"minecraft:raw_iron":1,"minecraft:redstone":175,"mekanismgenerators:wind_generator":3,"create:steam_engine":9,"sophisticatedbackpacks:tool_swapper_upgrade":1,"storagedrawers:quantify_key":1,"minecraft:furnace":7,"mekanism:jetpack_armored":1,"minecraft:raw_copper_block":96,"mekanism:jetpack":1,"storagedrawers:controller":1,"minecraft:iron_axe":2,"minecraft:slime_ball":4,"mekanism:elite_fluid_tank":1,"createaddition:electrum_nugget":1,"minecraft:minecart":4,"storagedrawers:oak_half_drawers_4":1,"storagedrawers:oak_trim":3,"minecraft:sugar":2,"mekanism:metallurgic_infuser":1,"create:large_water_wheel":9,"minecraft:bucket":3,"minecraft:stone_axe":1,"mekanism:ultimate_fluid_tank":1,"minecraft:air":3164,"create:raw_zinc_block":34,"minecraft:oak_boat":1,"mekanism:basic_energy_cube":1,"mekanism:enrichment_chamber":2,"mekanism:advanced_control_circuit":4,"create:mechanical_drill":22,"minecraft:torch":507,"create:zinc_ingot":3,"fluxnetworks:flux_block":6,"minecraft:lapis_block":26,"ironchest:iron_chest":4},"minecraft:custom":{"minecraft:interact_with_crafting_table":190,"minecraft:open_barrel":13,"minecraft:leave_game":24,"minecraft:time_since_death":687376,"minecraft:damage_blocked_by_shield":1135,"minecraft:play_time":1933098,"minecraft:deaths":2,"minecraft:jump":12643,"minecraft:interact_with_furnace":44,"minecraft:traded_with_villager":16,"minecraft:sleep_in_bed":70,"minecraft:waystone_activated":1,"minecraft:damage_dealt":56518,"minecraft:use_cauldron":6,"minecraft:inspect_hopper":1,"minecraft:damage_dealt_absorbed":304,"minecraft:sneak_time":109935,"minecraft:interact_with_blast_furnace":1,"minecraft:total_world_time":1933098,"minecraft:time_since_rest":19752,"minecraft:swim_one_cm":108445,"minecraft:fly_one_cm":3263335,"minecraft:open_chest":1502,"minecraft:fall_one_cm":458086,"minecraft:sprint_one_cm":2731273,"minecraft:drop":423,"minecraft:talked_to_villager":4,"minecraft:interact_with_brewingstand":10,"minecraft:walk_on_water_one_cm":104007,"minecraft:crouch_one_cm":354397,"minecraft:mob_kills":320,"minecraft:fill_cauldron":1,"minecraft:damage_dealt_resisted":630,"minecraft:climb_one_cm":794,"minecraft:walk_one_cm":2402805,"minecraft:walk_under_water_one_cm":85476,"minecraft:boat_one_cm":2203,"minecraft:interact_with_grindstone":1,"minecraft:damage_taken":12497,"minecraft:minecart_one_cm":842}},"DataVersion":3120}