{"stats":{"minecraft:killed_by":{"alexsmobs:centipede_head":1},"minecraft:custom":{"minecraft:interact_with_furnace":17,"minecraft:mob_kills":44,"minecraft:interact_with_crafting_table":18,"minecraft:damage_dealt_resisted":16,"minecraft:time_since_death":37584,"minecraft:time_since_rest":37701,"minecraft:sprint_one_cm":143030,"minecraft:damage_taken":495,"minecraft:walk_one_cm":109727,"minecraft:damage_blocked_by_shield":540,"minecraft:drop":7,"minecraft:damage_dealt":6592,"minecraft:damage_dealt_absorbed":25,"minecraft:swim_one_cm":5750,"minecraft:fly_one_cm":178492,"minecraft:open_chest":5,"minecraft:crouch_one_cm":31790,"minecraft:play_time":65629,"minecraft:deaths":1,"minecraft:sneak_time":13336,"minecraft:walk_under_water_one_cm":7275,"minecraft:jump":1046,"minecraft:walk_on_water_one_cm":3685,"minecraft:total_world_time":65629,"minecraft:fall_one_cm":25375},"minecraft:broken":{"minecraft:stone_pickaxe":1,"minecraft:iron_pickaxe":1},"minecraft:picked_up":{"minecraft:iron_chestplate":1,"minecraft:crafting_table":9,"minecraft:feather":10,"minecraft:chicken":8,"mekanism:raw_lead":1,"minecraft:andesite":4,"minecraft:leather":5,"minecraft:wooden_pickaxe":1,"minecraft:flint":1,"minecraft:tuff":2,"create:raw_zinc":27,"minecraft:oak_log":17,"minecraft:shield":1,"minecraft:string":4,"minecraft:lapis_lazuli":150,"minecraft:dirt":13,"minecraft:raw_copper":214,"minecraft:iron_leggings":1,"minecraft:bone":5,"minecraft:bow":1,"minecraft:cobbled_deepslate":83,"minecraft:raw_gold":28,"minecraft:iron_ingot":48,"minecraft:iron_pickaxe":1,"minecraft:light_gray_wool":1,"minecraft:egg":4,"minecraft:oak_planks":31,"minecraft:iron_boots":1,"minecraft:furnace":9,"minecraft:stick":3,"minecraft:raw_iron":128,"minecraft:torch":57,"minecraft:gravel":9,"minecraft:porkchop":4,"minecraft:diorite":10,"mekanism:raw_osmium":4,"minecraft:redstone":26,"mekanism:raw_tin":15,"minecraft:stone_sword":1,"minecraft:arrow":5,"minecraft:rotten_flesh":21,"minecraft:diamond":2,"minecraft:stone_axe":1,"minecraft:iron_helmet":1,"minecraft:granite":13,"minecraft:oak_sapling":4,"minecraft:mutton":6,"minecraft:coal":61,"minecraft:white_wool":4,"minecraft:cobblestone":50},"minecraft:mined":{"minecraft:deepslate_redstone_ore":5,"mekanism:deepslate_lead_ore":1,"create:deepslate_zinc_ore":27,"minecraft:tuff":2,"minecraft:deepslate_diamond_ore":1,"mekanism:deepslate_osmium_ore":4,"minecraft:crafting_table":8,"minecraft:granite":9,"minecraft:grass_block":4,"mekanism:tin_ore":7,"minecraft:tall_grass":5,"minecraft:copper_ore":31,"minecraft:deepslate_gold_ore":20,"minecraft:diorite":8,"minecraft:wall_torch":3,"minecraft:redstone_ore":1,"minecraft:furnace":5,"minecraft:iron_ore":64,"minecraft:cobbled_deepslate":12,"minecraft:andesite":1,"minecraft:deepslate_lapis_ore":14,"minecraft:grass":5,"mekanism:deepslate_tin_ore":8,"minecraft:oak_log":16,"minecraft:coal_ore":57,"minecraft:deepslate_iron_ore":57,"minecraft:gravel":10,"minecraft:dirt":5,"minecraft:stone":40,"byg:tall_prairie_grass":2,"minecraft:oak_leaves":1,"minecraft:deepslate":61},"minecraft:used":{"minecraft:diorite":4,"minecraft:stone_sword":119,"minecraft:stone_pickaxe":132,"minecraft:shield":15,"minecraft:wooden_pickaxe":3,"minecraft:rotten_flesh":15,"minecraft:torch":161,"minecraft:dirt":7,"minecraft:mutton":2,"minecraft:crafting_table":8,"minecraft:tuff":2,"minecraft:granite":9,"minecraft:iron_pickaxe":301,"minecraft:gravel":8,"minecraft:stone_axe":25,"minecraft:cobblestone":4,"minecraft:furnace":5,"minecraft:bucket":1,"minecraft:andesite":3,"minecraft:cobbled_deepslate":43,"minecraft:iron_leggings":1},"minecraft:killed":{"minecraft:pig":2,"minecraft:spider":4,"minecraft:horse":4,"minecraft:sheep":5,"minecraft:skeleton":4,"minecraft:zombie":16,"minecraft:chicken":8},"minecraft:dropped":{"minecraft:gravel":1,"byg:biomepedia":1,"alexsmobs:animal_dictionary":1,"minecraft:flint":1,"ars_nouveau:worn_notebook":1,"minecraft:oak_sapling":4,"minecraft:wooden_pickaxe":1},"minecraft:crafted":{"minecraft:oak_planks":20,"minecraft:crafting_table":1,"minecraft:wooden_pickaxe":1,"minecraft:iron_helmet":1,"minecraft:furnace":4,"minecraft:bucket":1,"minecraft:stone_axe":1,"minecraft:raw_copper_block":11,"minecraft:air":316,"create:raw_zinc_block":3,"minecraft:iron_boots":1,"minecraft:iron_chestplate":1,"minecraft:shield":1,"minecraft:stick":39,"minecraft:iron_ingot":11,"minecraft:iron_pickaxe":2,"minecraft:stone_pickaxe":1,"minecraft:stone_sword":1,"minecraft:iron_leggings":1,"minecraft:redstone_block":2,"minecraft:torch":51,"minecraft:lapis_block":10}},"DataVersion":3120}