{"stats":{"minecraft:broken":{"minecraft:stone_sword":1,"minecraft:iron_axe":1,"minecraft:iron_pickaxe":4,"minecraft:iron_helmet":1,"minecraft:iron_shovel":1,"minecraft:stone_pickaxe":1,"minecraft:stone_axe":1,"create:sand_paper":2},"minecraft:picked_up":{"minecraft:iron_chestplate":1,"mekanism:raw_uranium":107,"createaddition:electrum_nugget":35,"minecraft:lead":6,"create:wrench":1,"minecraft:enchanted_book":1,"minecraft:golden_sword":1,"create:limestone":1,"minecraft:polished_blackstone_brick_stairs":1,"minecraft:string":29,"minecraft:soul_soil":4,"minecraft:shroomlight":6,"create:water_wheel":3,"minecraft:gold_nugget":612,"minecraft:cobbled_deepslate":457,"create_new_age:copper_wire":7,"create:andesite_casing":55,"mekanism:raw_tin":242,"minecraft:cauldron":6,"minecraft:stone_sword":1,"create:scoria":1,"minecraft:red_tulip":30,"minecraft:blaze_rod":9,"minecraft:furnace_minecart":2,"storagedrawers:oak_full_drawers_4":6,"minecraft:magma_block":1,"minecraft:feather":11,"minecraft:iron_door":3,"minecraft:flint":103,"byg:emeraldite_shards":45,"create:cinder_flour":36,"create:encased_chain_drive":24,"create:mechanical_plough":1,"create:mechanical_drill":16,"create:shaft":14,"mekanism:ultimate_fluid_tank":3,"minecraft:warped_wart_block":111,"create:empty_blaze_burner":1,"sophisticatedbackpacks:iron_backpack":2,"minecraft:ink_sac":1,"minecraft:lever":1,"minecraft:granite":117,"byg:travertine":34,"minecraft:crimson_roots":1,"create:copper_sheet":8,"sophisticatedbackpacks:gold_backpack":1,"minecraft:crafting_table":12,"minecraft:nether_wart":18,"minecraft:clay_ball":2,"byg:wood_blewit":2,"byg:emeraldite_ore":15,"minecraft:cornflower":1,"create:fluid_pipe":1,"minecraft:flint_and_steel":1,"create:scorchia":9,"minecraft:iron_nugget":52,"minecraft:minecart":6,"minecraft:chest":2,"minecraft:egg":6,"byg:raw_pendorite":9,"sophisticatedbackpacks:backpack":2,"ironchest:iron_chest":2,"minecraft:fire_charge":4,"byg:sythian_stalk_block":14,"minecraft:white_dye":10,"create:powdered_obsidian":16,"minecraft:carrot":1,"minecraft:redstone":454,"create:brass_casing":3,"ars_nouveau:green_archwood_log":1,"mekanism:osmium_compressor":1,"minecraft:hay_block":45,"storagedrawers:controller":1,"byg:blue_netherrack":192,"minecraft:gold_ingot":42,"minecraft:mutton":13,"minecraft:rail":8,"minecraft:white_wool":8,"minecraft:oxeye_daisy":1,"mekanism:electric_pump":5,"create:iron_sheet":13,"mekanism:raw_lead":83,"minecraft:oak_log":901,"farmersdelight:organic_compost":5,"create:crushing_wheel":4,"create:crushed_raw_iron":82,"minecraft:apple":10,"minecraft:kelp":78,"byg:scoria_stone":1,"minecraft:warped_stem":10,"alexsmobs:cockroach_wing_fragment":1,"create:mechanical_saw":4,"minecraft:gravel":333,"byg:warped_cactus":2,"mekanism:atomic_disassembler":1,"minecraft:crying_obsidian":13,"create_new_age:carbon_brushes":1,"minecraft:stone_axe":1,"create:mechanical_pump":2,"storagedrawers:oak_full_drawers_2":2,"minecraft:ender_pearl":7,"minecraft:wheat":193,"minecraft:redstone_block":3,"minecraft:nether_brick_fence":22,"minecraft:potion":5,"ars_nouveau:bombegranate_pod":2,"minecraft:nether_brick":13,"byg:subzero_ash_block":96,"minecraft:raw_copper":904,"minecraft:iron_leggings":1,"minecraft:oak_sign":1,"create:andesite_funnel":2,"comforts:sleeping_bag_white":49,"minecraft:red_dye":30,"minecraft:white_tulip":5,"minecraft:iron_pickaxe":1,"minecraft:furnace":14,"minecraft:iron_boots":3,"minecraft:stick":87,"create_new_age:redstone_magnet":12,"create:dough":4,"minecraft:torch":135,"minecraft:porkchop":4,"minecraft:diorite":61,"create:large_cogwheel":2,"fluxnetworks:flux_plug":2,"minecraft:rotten_flesh":81,"byg:embur_gel_ball":2,"create:asurine":1,"mekanism:ingot_osmium":52,"minecraft:obsidian":215,"minecraft:cobblestone":588,"minecraft:andesite":112,"create:belt_connector":4,"minecraft:tuff":84,"create:raw_zinc":331,"minecraft:lapis_lazuli":212,"minecraft:dirt":382,"minecraft:leather_boots":1,"minecraft:bone":29,"minecraft:bow":3,"minecraft:orange_tulip":12,"minecraft:wheat_seeds":452,"minecraft:raw_gold":117,"create_new_age:magnetite_block":43,"byg:warped_coral_block":2,"minecraft:bamboo":136,"byg:tall_embur_roots":1,"minecraft:oak_planks":54,"create:cogwheel":3,"minecraft:sand":134,"minecraft:grass_block":1,"minecraft:spectral_arrow":32,"minecraft:diamond":42,"minecraft:crossbow":1,"minecraft:bone_meal":18,"minecraft:oak_sapling":141,"minecraft:netherrack":508,"fluxnetworks:flux_dust":27,"minecraft:charcoal":2,"create_new_age:thorium":504,"byg:soapstone":76,"minecraft:splash_potion":3,"minecraft:azure_bluet":3,"minecraft:chicken":11,"minecraft:brown_mushroom":10,"minecraft:wooden_pickaxe":1,"create:rotation_speed_controller":1,"minecraft:gold_block":2,"minecraft:shield":1,"minecraft:blackstone":82,"minecraft:oak_boat":1,"minecraft:light_gray_wool":1,"minecraft:sugar_cane":51,"storagedrawers:oak_trim":11,"minecraft:raw_iron":608,"minecraft:orange_dye":24,"create:golden_sheet":18,"minecraft:copper_ingot":38,"create:hand_crank":8,"create:zinc_ingot":31,"create:deployer":3,"minecraft:arrow":17,"create:experience_nugget":104,"minecraft:nether_bricks":25,"mekanism:ingot_lead":22,"mekanism:cardboard_box":2,"minecraft:basalt":21,"minecraft:leather":16,"create:andesite_alloy":16,"minecraft:cobbled_deepslate_stairs":3,"minecraft:gunpowder":6,"create:blaze_burner":1,"byg:hanging_sythian_roots":3,"create:copper_nugget":39,"fluxnetworks:flux_point":4,"mekanism:salt":12,"byg:scoria_cobblestone":79,"minecraft:iron_ingot":149,"minecraft:soul_sand":81,"ars_nouveau:red_archwood_sapling":1,"minecraft:quartz":96,"minecraft:dandelion":5,"byg:warped_soul_soil":1,"minecraft:dripstone_block":47,"ars_nouveau:novice_spell_book":1,"mekanism:ingot_tin":76,"create:brass_tunnel":1,"minecraft:spider_eye":6,"mekanism:raw_osmium":250,"create:wheat_flour":178,"mekanismgenerators:wind_generator":4,"minecraft:lime_dye":5,"create:brass_ingot":1,"create:zinc_nugget":38,"minecraft:iron_helmet":1,"create:crushed_raw_osmium":52,"minecraft:coal":421,"minecraft:sunflower":15},"minecraft:used":{"byg:travertine":53,"create:deployer":9,"minecraft:chest":14,"minecraft:rotten_flesh":15,"create:fluid_tank":12,"fluxnetworks:flux_plug":3,"minecraft:soul_sand":2,"mekanism:precision_sawmill":1,"create:mechanical_crafter":21,"ironchest:iron_chest":6,"create:depot":4,"ars_nouveau:bombegranate_pod":2,"mekanism:basic_energy_cube":1,"minecraft:lava_bucket":39,"minecraft:grass_block":1,"create_new_age:magnetite_block":12,"create:andesite_funnel":3,"create:rotation_speed_controller":15,"create:shaft":34,"minecraft:oak_sapling":88,"create:steam_engine":9,"minecraft:furnace":10,"minecraft:egg":2,"ars_nouveau:green_archwood_log":1,"create_new_age:redstone_magnet":12,"minecraft:diorite":8,"byg:warped_coral_block":2,"minecraft:wooden_pickaxe":3,"minecraft:oak_boat":3,"create:limestone":1,"minecraft:stone_sword":136,"storagedrawers:oak_full_drawers_2":4,"mekanism:cardboard_box":2,"create_new_age:generator_coil":2,"minecraft:netherrack":347,"minecraft:torch":895,"minecraft:brewing_stand":1,"mekanism:osmium_compressor":2,"mekanism:ultimate_fluid_tank":4,"create:wrench":330,"create:gearbox":10,"minecraft:iron_axe":237,"storagedrawers:controller":2,"minecraft:bamboo":5,"create:encased_chain_drive":47,"minecraft:basalt":21,"mekanism:upgrade_energy":1,"create:fluid_pipe":27,"comforts:sleeping_bag_white":49,"minecraft:cobbled_deepslate":241,"create:belt_connector":13,"minecraft:pointed_dripstone":12,"minecraft:wheat_seeds":128,"minecraft:water_bucket":60,"create:brass_tunnel":3,"minecraft:cauldron":18,"create:blaze_burner":11,"create:furnace_minecart_contraption":17,"byg:warped_cactus":2,"minecraft:rail":38,"minecraft:crafting_table":12,"minecraft:white_bed":1,"minecraft:oak_log":156,"minecraft:diamond_pickaxe":2442,"minecraft:cornflower":1,"mekanism:atomic_disassembler":1730,"minecraft:diamond_shovel":75,"minecraft:sunflower":1,"minecraft:iron_pickaxe":1055,"create:water_wheel":5,"minecraft:cobblestone":409,"minecraft:potion":5,"storagedrawers:oak_full_drawers_4":18,"minecraft:cooked_porkchop":2,"byg:scoria_cobblestone":74,"minecraft:kelp":14,"minecraft:dandelion":1,"byg:subzero_ash_block":64,"mekanism:block_salt":2,"minecraft:iron_shovel":228,"create:scorchia":9,"minecraft:oak_sign":2,"minecraft:shield":30,"minecraft:mutton":2,"create:minecart_contraption":2,"create:cogwheel":57,"minecraft:nether_bricks":9,"minecraft:furnace_minecart":3,"mekanism:basic_universal_cable":7,"minecraft:tuff":3,"create:metal_girder":21,"minecraft:obsidian":16,"minecraft:glass":15,"mekanismgenerators:wind_generator":7,"create:mechanical_drill":46,"mekanism:jetpack_armored":1,"byg:scoria_stone":1,"create:crushing_wheel":10,"minecraft:stone_pickaxe":132,"minecraft:oak_planks":34,"minecraft:ender_pearl":1,"minecraft:redstone_block":3,"minecraft:diamond_axe":144,"minecraft:sugar_cane":8,"create:mechanical_saw":16,"createaddition:rolling_mill":3,"minecraft:cobbled_deepslate_stairs":6,"minecraft:lever":10,"mekanism:crusher":1,"mekanism:upgrade_speed":1,"minecraft:bread":191,"create_new_age:copper_wire":6,"mekanism:metallurgic_infuser":1,"minecraft:iron_door":5,"minecraft:gravel":13,"create:asurine":1,"storagedrawers:quantify_key":20,"storagedrawers:oak_trim":13,"create_new_age:electrical_connector":5,"create:stressometer":5,"minecraft:andesite":11,"minecraft:bone_meal":47,"create:large_cogwheel":30,"storagedrawers:oak_full_drawers_1":6,"sophisticatedbackpacks:iron_backpack":2,"mekanism:enrichment_chamber":1,"minecraft:flint_and_steel":9,"mekanism:configurator":12,"minecraft:redstone":3,"byg:emeraldite_ore":15,"minecraft:stone_hoe":2,"minecraft:cooked_chicken":8,"createaddition:copper_spool":10,"create:mechanical_pump":9,"minecraft:dirt":326,"createaddition:modular_accumulator":11,"create:mechanical_plough":2,"minecraft:granite":29,"minecraft:polished_blackstone_brick_stairs":1,"create:cart_assembler":15,"fluxnetworks:flux_configurator":9,"byg:blue_netherrack":130,"minecraft:soul_soil":1,"minecraft:minecart":7,"mekanism:electrolytic_separator":1,"minecraft:iron_leggings":1,"minecraft:cooked_mutton":4,"mekanism:electric_pump":6,"fluxnetworks:flux_point":5,"minecraft:glass_bottle":6,"createaddition:connector":8,"create:empty_blaze_burner":9,"create:mechanical_press":1,"byg:soapstone":9,"create:large_water_wheel":11,"minecraft:stone_axe":92,"byg:warped_soul_soil":1,"minecraft:bucket":90,"create:hand_crank":27,"create_new_age:carbon_brushes":7},"minecraft:dropped":{"sophisticatedbackpacks:iron_backpack":1,"byg:biomepedia":1,"ars_nouveau:novice_spell_book":1,"minecraft:orange_tulip":12,"minecraft:emerald":1,"minecraft:dirt":44,"minecraft:sunflower":14,"minecraft:sand":36,"byg:embur_gel_ball":2,"ars_nouveau:source_gem":7,"minecraft:bone":13,"create_new_age:thorium":466,"minecraft:sugar_cane":1,"minecraft:iron_nugget":212,"alexsmobs:animal_dictionary":1,"minecraft:cobbled_deepslate":64,"minecraft:nether_brick":4,"minecraft:wheat":182,"minecraft:obsidian":18,"minecraft:rotten_flesh":44,"minecraft:azure_bluet":3,"create:wrench":1,"minecraft:leather_boots":1,"mekanism:advanced_fluid_tank":1,"minecraft:golden_boots":1,"minecraft:iron_ingot":88,"byg:tall_embur_roots":1,"ars_nouveau:pierce_arrow":26,"minecraft:wheat_seeds":275,"minecraft:feather":1,"minecraft:cobblestone":812,"minecraft:granite":84,"minecraft:oxeye_daisy":1,"mekanism:salt":4,"minecraft:string":9,"create:raw_zinc":71,"storagedrawers:oak_trim":1,"minecraft:clay_ball":2,"minecraft:iron_boots":2,"sophisticatedbackpacks:backpack":2,"create:copper_sheet":9,"create_new_age:magnetite_block":1,"alexsmobs:cockroach_wing_fragment":1,"create:zinc_ingot":66,"minecraft:diamond_pickaxe":1,"minecraft:spider_eye":1,"minecraft:bamboo":9,"minecraft:bow":1,"minecraft:red_tulip":30,"ars_nouveau:amplify_arrow":20,"minecraft:soul_sand":70,"mekanism:atomic_disassembler":1,"minecraft:leather":1,"minecraft:flint":135,"minecraft:crimson_roots":1,"gravestone:obituary":1,"byg:scoria_cobblestone":2,"minecraft:gold_ingot":80,"byg:wood_blewit":2,"minecraft:gravel":109,"minecraft:white_tulip":5,"byg:subzero_ash_block":5,"minecraft:gunpowder":1,"create:brass_ingot":2,"create:wheat_flour":5,"minecraft:arrow":1,"minecraft:quartz":6,"minecraft:netherrack":38,"minecraft:bread":18,"minecraft:copper_ingot":81,"ars_nouveau:worn_notebook":1,"ars_nouveau:bombegranate_pod":1,"minecraft:torch":20,"byg:soapstone":7,"minecraft:iron_leggings":1,"mekanism:raw_osmium":104,"minecraft:dandelion":4,"minecraft:redstone":29,"minecraft:raw_copper":172,"minecraft:tuff":457,"minecraft:raw_iron":165,"minecraft:light_gray_wool":1,"byg:travertine":1,"minecraft:andesite":212,"minecraft:oak_sapling":7,"minecraft:golden_sword":1,"minecraft:wooden_pickaxe":1,"minecraft:raw_gold":12,"create:golden_sheet":32},"minecraft:killed_by":{"alexsmobs:centipede_head":1},"minecraft:mined":{"mekanismgenerators:wind_generator":4,"create:andesite_casing":55,"minecraft:obsidian":205,"minecraft:granite":134,"create:belt":4,"create:rotation_speed_controller":1,"byg:wood_blewit_mushroom_block":3,"minecraft:nether_wart":20,"minecraft:tall_seagrass":5,"minecraft:magma_block":1,"byg:sythian_nylium":19,"minecraft:fire":9,"minecraft:cobbled_deepslate":75,"byg:blue_nether_quartz_ore":1,"byg:quartzite_sand":1,"minecraft:deepslate_lapis_ore":17,"byg:lament_leaves":1,"create:mechanical_plough":1,"minecraft:oak_sign":2,"minecraft:dirt_path":1,"create:limestone":1,"create:cogwheel":2,"mekanism:osmium_ore":91,"minecraft:brown_mushroom":5,"minecraft:kelp_plant":12,"storagedrawers:controller":1,"minecraft:soul_fire":21,"mekanism:block_salt":3,"minecraft:torch":35,"create:scoria":1,"mekanism:tin_ore":159,"minecraft:glass":3,"minecraft:sugar_cane":23,"byg:soapstone":35,"mekanism:cardboard_box":1,"minecraft:wheat":128,"storagedrawers:oak_full_drawers_2":2,"minecraft:grass":168,"mekanism:lead_ore":31,"create:hand_crank":4,"minecraft:deepslate":376,"byg:travertine":33,"create:zinc_ore":136,"minecraft:nether_bricks":27,"minecraft:crimson_roots":1,"create_new_age:thorium_ore":44,"minecraft:redstone_wire":2,"minecraft:kelp":2,"byg:warped_cactus":2,"minecraft:redstone_ore":4,"create:shaft":14,"create_new_age:carbon_brushes":2,"storagedrawers:oak_trim":13,"minecraft:andesite":108,"byg:hanging_sythian_roots_plant":1,"minecraft:rail":8,"minecraft:warped_stem":10,"ironchest:iron_chest":2,"create:deployer":3,"minecraft:bamboo":10,"minecraft:bamboo_sapling":1,"minecraft:redstone_block":3,"minecraft:soul_sand":2,"create_new_age:magnetite_block":40,"storagedrawers:oak_full_drawers_4":6,"minecraft:cornflower":1,"create:fluid_pipe":1,"create:mechanical_pump":2,"create:water_wheel":3,"minecraft:campfire":1,"minecraft:tall_grass":18,"minecraft:copper_ore":172,"minecraft:deepslate_gold_ore":58,"minecraft:diorite":27,"minecraft:warped_wart_block":114,"create:mechanical_saw":4,"create:blaze_burner":2,"byg:scoria_stone":74,"byg:wailing_grass":1,"create:mechanical_drill":16,"byg:warped_bush":1,"minecraft:sunflower":11,"byg:embur_gel_block":2,"minecraft:gravel":53,"minecraft:dripstone_block":48,"mekanism:deepslate_uranium_ore":64,"mekanism:electric_pump":5,"create:andesite_funnel":2,"minecraft:gold_ore":13,"create:deepslate_zinc_ore":81,"minecraft:oak_sapling":2,"minecraft:cobbled_deepslate_stairs":3,"minecraft:grass_block":304,"sophisticatedbackpacks:iron_backpack":1,"minecraft:soul_soil":4,"byg:tall_embur_roots":1,"mekanism:osmium_compressor":1,"comforts:sleeping_bag_white":1,"minecraft:iron_ore":331,"create:asurine":1,"minecraft:red_tulip":15,"byg:blue_nether_gold_ore":18,"byg:tall_prairie_grass":2,"minecraft:deepslate_redstone_ore":96,"farmersdelight:organic_compost":5,"fluxnetworks:flux_point":4,"minecraft:chest":2,"create:brass_casing":3,"minecraft:nether_quartz_ore":27,"minecraft:cobblestone":40,"minecraft:oak_planks":19,"minecraft:iron_door":3,"minecraft:wall_torch":9,"minecraft:cauldron":6,"minecraft:seagrass":7,"byg:embur_nylium":7,"byg:warped_coral_block":2,"byg:subzero_ash_block":94,"minecraft:orange_tulip":12,"mekanism:deepslate_tin_ore":21,"minecraft:oak_log":184,"minecraft:sand":39,"minecraft:dirt":125,"create:encased_chain_drive":26,"mekanism:basic_universal_cable":1,"minecraft:netherrack":505,"minecraft:oak_leaves":97,"minecraft:nether_gold_ore":52,"minecraft:tuff":59,"byg:scoria_cobblestone":1,"minecraft:deepslate_diamond_ore":41,"ars_nouveau:green_archwood_leaves":1,"mekanism:deepslate_osmium_ore":30,"gravestone:gravestone":1,"minecraft:lever":1,"create:large_cogwheel":2,"minecraft:brown_mushroom_block":9,"minecraft:hay_block":45,"byg:blue_netherrack":189,"minecraft:furnace":9,"create:scorchia":9,"minecraft:gold_block":2,"minecraft:nether_brick_fence":24,"minecraft:shroomlight":6,"minecraft:deepslate_iron_ore":83,"minecraft:stone":310,"minecraft:white_tulip":5,"byg:emeraldite_ore":25,"mekanism:deepslate_lead_ore":14,"ars_nouveau:green_archwood_log":1,"mekanism:ultimate_fluid_tank":3,"minecraft:basalt":24,"minecraft:crafting_table":11,"create_new_age:redstone_magnet":12,"byg:warped_soul_soil":1,"byg:sythian_stalk_block":1,"minecraft:lapis_ore":5,"minecraft:polished_blackstone_brick_stairs":1,"byg:pendorite_ore":4,"fluxnetworks:flux_plug":2,"minecraft:coal_ore":316},"minecraft:killed":{"minecraft:skeleton":24,"minecraft:chicken":12,"minecraft:magma_cube":1,"minecraft:zombie":63,"minecraft:horse":4,"mekanismadditions:baby_skeleton":1,"minecraft:wandering_trader":3,"minecraft:enderman":4,"minecraft:zombified_piglin":42,"minecraft:spider":13,"minecraft:piglin":10,"minecraft:pig":2,"mekanismadditions:baby_enderman":1,"minecraft:creeper":11,"minecraft:sheep":9,"minecraft:trader_llama":6,"minecraft:ghast":2,"minecraft:blaze":16,"minecraft:phantom":1,"minecraft:drowned":1,"minecraft:squid":1,"alexsmobs:cockroach":1,"ars_nouveau:whirlisprig":1,"alexsmobs:crow":1},"minecraft:crafted":{"mekanism:configurator":1,"fluxnetworks:flux_plug":1,"minecraft:blaze_powder":8,"mekanism:electrolytic_separator":1,"minecraft:diamond_shovel":1,"minecraft:cooked_mutton":4,"create:rotation_speed_controller":3,"create:andesite_funnel":2,"mekanism:block_raw_tin":36,"minecraft:iron_door":3,"storagedrawers:oak_full_drawers_4":3,"create:cogwheel":54,"mekanism:energy_tablet":13,"create:mechanical_plough":1,"minecraft:furnace_minecart":1,"minecraft:glass_bottle":1,"create:rose_quartz":1,"minecraft:emerald":7,"minecraft:cooked_porkchop":4,"minecraft:diamond_axe":1,"minecraft:raw_gold_block":1,"storagedrawers:oak_full_drawers_1":2,"minecraft:copper_ingot":4,"createaddition:electrum_ingot":3,"create:encased_chain_drive":42,"createaddition:spool":16,"create:gearbox":3,"naturescompass:naturescompass":1,"minecraft:compass":2,"minecraft:iron_pickaxe":5,"minecraft:gold_ingot":12,"storagedrawers:oak_full_drawers_2":2,"storagedrawers:drawer_key":1,"create:large_cogwheel":17,"create:propeller":3,"mekanism:osmium_compressor":1,"mekanism:advanced_fluid_tank":1,"mekanism:block_salt":2,"storagedrawers:upgrade_template":4,"minecraft:iron_nugget":78,"mekanism:cardboard_box":1,"comforts:sleeping_bag_white":1,"mekanism:basic_chemical_tank":1,"minecraft:bone_meal":21,"storagedrawers:emerald_storage_upgrade":2,"minecraft:stone_pickaxe":1,"create_new_age:generator_coil":1,"minecraft:cobbled_deepslate_stairs":1,"minecraft:redstone_block":17,"create:electron_tube":25,"create:belt_connector":10,"create_new_age:redstone_magnet":6,"mekanism:block_raw_osmium":8,"create:brass_tunnel":1,"create:andesite_alloy_block":1,"create:speedometer":1,"minecraft:writable_book":1,"minecraft:iron_leggings":2,"minecraft:white_bed":1,"create:shaft":63,"mekanism:free_runners":1,"minecraft:oak_planks":546,"minecraft:barrel":36,"mekanism:block_steel":1,"mekanism:block_raw_lead":10,"minecraft:cooked_chicken":8,"mekanism:electrolytic_core":1,"createaddition:rolling_mill":1,"mekanism:atomic_disassembler":1,"fluxnetworks:flux_point":1,"create:deployer":2,"create:copper_nugget":9,"minecraft:iron_boots":2,"fluxnetworks:flux_configurator":1,"create:cart_assembler":2,"minecraft:comparator":2,"minecraft:chest":36,"minecraft:copper_block":9,"mekanism:basic_fluid_tank":1,"minecraft:rail":16,"minecraft:stone_hoe":1,"minecraft:ender_eye":7,"create:brass_hand":2,"minecraft:raw_iron_block":34,"fluxnetworks:flux_core":24,"create:depot":3,"minecraft:oak_slab":27,"minecraft:cauldron":12,"minecraft:crafting_table":2,"minecraft:iron_helmet":2,"create:fluid_pipe":4,"minecraft:wooden_pickaxe":1,"create:sand_paper":4,"create_new_age:carbon_brushes":1,"minecraft:brewing_stand":1,"sophisticatedbackpacks:upgrade_base":1,"create:stressometer":1,"minecraft:paper":3,"minecraft:book":1,"minecraft:iron_chestplate":1,"create:water_wheel":11,"minecraft:diamond_pickaxe":1,"mekanism:steel_casing":5,"minecraft:shield":1,"create:super_glue":1,"mekanism:crusher":1,"minecraft:stick":271,"create:mechanical_pump":4,"minecraft:iron_ingot":25,"minecraft:stone_sword":1,"minecraft:redstone_torch":6,"mekanism:precision_sawmill":1,"create:empty_blaze_burner":5,"mekanism:basic_universal_cable":4,"minecraft:raw_iron":1,"minecraft:redstone":121,"mekanismgenerators:wind_generator":3,"create:steam_engine":9,"sophisticatedbackpacks:tool_swapper_upgrade":1,"storagedrawers:quantify_key":1,"minecraft:furnace":7,"mekanism:jetpack_armored":1,"minecraft:raw_copper_block":96,"mekanism:jetpack":1,"storagedrawers:controller":1,"minecraft:iron_axe":2,"minecraft:slime_ball":4,"mekanism:elite_fluid_tank":1,"createaddition:electrum_nugget":1,"minecraft:minecart":3,"storagedrawers:oak_half_drawers_4":1,"storagedrawers:oak_trim":3,"minecraft:sugar":2,"mekanism:metallurgic_infuser":1,"create:large_water_wheel":9,"minecraft:bucket":3,"minecraft:stone_axe":1,"mekanism:ultimate_fluid_tank":1,"minecraft:air":3164,"create:raw_zinc_block":21,"minecraft:oak_boat":1,"mekanism:basic_energy_cube":1,"mekanism:enrichment_chamber":1,"mekanism:advanced_control_circuit":2,"create:mechanical_drill":22,"minecraft:torch":507,"create:zinc_ingot":3,"fluxnetworks:flux_block":1,"minecraft:lapis_block":26,"ironchest:iron_chest":4},"minecraft:custom":{"minecraft:interact_with_crafting_table":165,"minecraft:open_barrel":1,"minecraft:leave_game":21,"minecraft:time_since_death":266694,"minecraft:damage_blocked_by_shield":1135,"minecraft:play_time":1512416,"minecraft:deaths":2,"minecraft:jump":11386,"minecraft:interact_with_furnace":42,"minecraft:sleep_in_bed":58,"minecraft:waystone_activated":1,"minecraft:damage_dealt":41561,"minecraft:damage_dealt_absorbed":304,"minecraft:sneak_time":99400,"minecraft:interact_with_blast_furnace":1,"minecraft:total_world_time":1512416,"minecraft:time_since_rest":11337,"minecraft:swim_one_cm":88193,"minecraft:fly_one_cm":2925679,"minecraft:open_chest":1170,"minecraft:fall_one_cm":374398,"minecraft:sprint_one_cm":2020135,"minecraft:drop":307,"minecraft:interact_with_brewingstand":10,"minecraft:walk_on_water_one_cm":90723,"minecraft:crouch_one_cm":330120,"minecraft:mob_kills":240,"minecraft:damage_dealt_resisted":548,"minecraft:climb_one_cm":794,"minecraft:walk_one_cm":1929171,"minecraft:walk_under_water_one_cm":69497,"minecraft:boat_one_cm":2203,"minecraft:interact_with_grindstone":1,"minecraft:damage_taken":10065,"minecraft:minecart_one_cm":456}},"DataVersion":3120}