{"stats":{"minecraft:mined":{"create:deepslate_zinc_ore":43,"create:andesite_casing":11,"minecraft:obsidian":9,"minecraft:granite":12,"minecraft:grass_block":103,"minecraft:soul_soil":3,"byg:tall_embur_roots":1,"comforts:sleeping_bag_white":1,"minecraft:tall_seagrass":4,"byg:sythian_nylium":19,"minecraft:cobbled_deepslate":22,"minecraft:iron_ore":204,"minecraft:fire":3,"byg:blue_nether_quartz_ore":1,"byg:quartzite_sand":1,"minecraft:deepslate_lapis_ore":16,"create:asurine":1,"minecraft:red_tulip":15,"create:mechanical_plough":1,"minecraft:oak_sign":2,"byg:tall_prairie_grass":2,"minecraft:deepslate_redstone_ore":96,"mekanism:osmium_ore":39,"minecraft:brown_mushroom":5,"minecraft:soul_fire":20,"mekanism:block_salt":3,"minecraft:torch":14,"minecraft:chest":2,"create:scoria":1,"mekanism:tin_ore":109,"create:brass_casing":1,"minecraft:nether_quartz_ore":27,"minecraft:cobblestone":23,"minecraft:sugar_cane":2,"minecraft:oak_planks":7,"minecraft:wall_torch":8,"minecraft:seagrass":4,"byg:embur_nylium":5,"byg:soapstone":20,"byg:warped_coral_block":2,"minecraft:wheat":17,"byg:subzero_ash_block":64,"minecraft:orange_tulip":12,"minecraft:grass":104,"mekanism:deepslate_tin_ore":8,"minecraft:oak_log":74,"mekanism:lead_ore":6,"minecraft:sand":39,"minecraft:dirt":44,"minecraft:netherrack":366,"minecraft:oak_leaves":17,"minecraft:deepslate":273,"byg:travertine":24,"create:zinc_ore":64,"minecraft:nether_gold_ore":11,"minecraft:tuff":44,"minecraft:deepslate_diamond_ore":41,"ars_nouveau:green_archwood_leaves":1,"mekanism:deepslate_osmium_ore":9,"minecraft:lever":1,"minecraft:nether_bricks":5,"minecraft:crimson_roots":1,"create_new_age:thorium_ore":15,"byg:warped_cactus":2,"minecraft:hay_block":31,"minecraft:redstone_ore":4,"byg:blue_netherrack":79,"minecraft:furnace":9,"create_new_age:carbon_brushes":1,"create:scorchia":9,"minecraft:andesite":98,"byg:hanging_sythian_roots_plant":1,"minecraft:deepslate_iron_ore":66,"minecraft:rail":7,"ironchest:iron_chest":2,"create:deployer":2,"minecraft:stone":205,"minecraft:white_tulip":5,"mekanism:deepslate_lead_ore":1,"ars_nouveau:green_archwood_log":1,"minecraft:soul_sand":1,"create_new_age:magnetite_block":21,"minecraft:crafting_table":11,"minecraft:cornflower":1,"minecraft:campfire":1,"byg:warped_soul_soil":1,"byg:sythian_stalk_block":1,"minecraft:tall_grass":17,"minecraft:copper_ore":121,"minecraft:deepslate_gold_ore":20,"minecraft:lapis_ore":5,"minecraft:diorite":23,"create:blaze_burner":1,"byg:scoria_stone":3,"byg:wailing_grass":1,"minecraft:coal_ore":209,"byg:warped_bush":1,"minecraft:sunflower":1,"byg:embur_gel_block":2,"minecraft:gravel":22,"minecraft:dripstone_block":48,"mekanism:deepslate_uranium_ore":36},"minecraft:picked_up":{"minecraft:iron_chestplate":1,"minecraft:wheat":18,"mekanism:raw_uranium":36,"create:wrench":1,"ars_nouveau:bombegranate_pod":2,"byg:subzero_ash_block":68,"minecraft:string":10,"minecraft:raw_copper":525,"minecraft:soul_soil":3,"minecraft:iron_leggings":1,"minecraft:oak_sign":1,"minecraft:gold_nugget":47,"minecraft:cobbled_deepslate":311,"comforts:sleeping_bag_white":36,"minecraft:white_tulip":5,"minecraft:red_dye":30,"minecraft:iron_pickaxe":1,"minecraft:furnace":13,"minecraft:iron_boots":1,"minecraft:stick":26,"create_new_age:copper_wire":4,"create:dough":4,"minecraft:torch":83,"create:andesite_casing":11,"minecraft:porkchop":4,"minecraft:diorite":25,"mekanism:raw_tin":107,"minecraft:stone_sword":1,"minecraft:rotten_flesh":45,"create:scoria":1,"byg:embur_gel_ball":2,"minecraft:red_tulip":30,"create:asurine":1,"minecraft:blaze_rod":1,"minecraft:obsidian":9,"minecraft:cobblestone":232,"minecraft:furnace_minecart":2,"minecraft:feather":11,"minecraft:andesite":101,"minecraft:flint":3,"minecraft:tuff":43,"create:raw_zinc":117,"minecraft:lapis_lazuli":194,"minecraft:dirt":144,"create:mechanical_plough":1,"minecraft:bone":13,"minecraft:orange_tulip":12,"minecraft:bow":2,"minecraft:wheat_seeds":59,"minecraft:raw_gold":28,"create_new_age:magnetite_block":24,"byg:warped_coral_block":2,"byg:tall_embur_roots":1,"minecraft:oak_planks":38,"create:empty_blaze_burner":1,"minecraft:sand":39,"minecraft:diamond":42,"minecraft:lever":1,"minecraft:granite":18,"minecraft:crossbow":1,"byg:travertine":25,"minecraft:bone_meal":18,"minecraft:oak_sapling":48,"minecraft:netherrack":369,"minecraft:crimson_roots":1,"minecraft:charcoal":2,"minecraft:crafting_table":12,"create_new_age:thorium":38,"byg:soapstone":19,"minecraft:azure_bluet":2,"minecraft:chicken":11,"minecraft:brown_mushroom":5,"minecraft:wooden_pickaxe":1,"minecraft:shield":1,"minecraft:cornflower":1,"create:scorchia":9,"minecraft:light_gray_wool":1,"minecraft:minecart":6,"minecraft:chest":2,"minecraft:sugar_cane":6,"minecraft:egg":6,"minecraft:raw_iron":307,"minecraft:orange_dye":24,"create:golden_sheet":18,"minecraft:copper_ingot":38,"ironchest:iron_chest":2,"byg:sythian_stalk_block":14,"minecraft:white_dye":10,"create:hand_crank":1,"minecraft:redstone":450,"create:brass_casing":1,"create:zinc_ingot":31,"create:deployer":2,"ars_nouveau:green_archwood_log":1,"minecraft:arrow":16,"create:experience_nugget":104,"minecraft:nether_bricks":5,"minecraft:hay_block":31,"byg:blue_netherrack":84,"minecraft:mutton":13,"minecraft:white_wool":8,"minecraft:rail":7,"minecraft:oxeye_daisy":1,"create:iron_sheet":13,"mekanism:raw_lead":5,"minecraft:leather":5,"minecraft:oak_log":360,"minecraft:gunpowder":4,"byg:hanging_sythian_roots":3,"mekanism:salt":12,"create:crushing_wheel":2,"byg:scoria_cobblestone":3,"create:crushed_raw_iron":82,"minecraft:apple":3,"alexsmobs:cockroach_wing_fragment":1,"minecraft:iron_ingot":101,"minecraft:soul_sand":65,"ars_nouveau:red_archwood_sapling":1,"minecraft:quartz":48,"minecraft:dandelion":3,"byg:warped_soul_soil":1,"minecraft:dripstone_block":47,"ars_nouveau:novice_spell_book":1,"minecraft:gravel":19,"byg:warped_cactus":2,"create_new_age:carbon_brushes":1,"mekanism:raw_osmium":100,"minecraft:spider_eye":6,"create:wheat_flour":5,"minecraft:lime_dye":5,"create:brass_ingot":1,"minecraft:stone_axe":1,"minecraft:iron_helmet":1,"create:crushed_raw_osmium":52,"minecraft:coal":212,"minecraft:sunflower":1},"minecraft:broken":{"minecraft:iron_shovel":1,"minecraft:stone_pickaxe":1,"minecraft:stone_axe":1,"minecraft:stone_sword":1,"minecraft:iron_axe":1,"minecraft:iron_pickaxe":4,"create:sand_paper":2},"minecraft:custom":{"minecraft:interact_with_crafting_table":61,"minecraft:leave_game":6,"minecraft:time_since_death":520927,"minecraft:sprint_one_cm":745879,"minecraft:damage_blocked_by_shield":1135,"minecraft:drop":147,"minecraft:play_time":548972,"minecraft:deaths":1,"minecraft:jump":6552,"minecraft:walk_on_water_one_cm":69528,"minecraft:interact_with_furnace":36,"minecraft:sleep_in_bed":36,"minecraft:waystone_activated":1,"minecraft:damage_dealt":17595,"minecraft:crouch_one_cm":195334,"minecraft:mob_kills":112,"minecraft:damage_dealt_resisted":16,"minecraft:climb_one_cm":778,"minecraft:walk_one_cm":956505,"minecraft:damage_dealt_absorbed":25,"minecraft:sneak_time":59598,"minecraft:walk_under_water_one_cm":55049,"minecraft:interact_with_blast_furnace":1,"minecraft:total_world_time":548972,"minecraft:interact_with_grindstone":1,"minecraft:time_since_rest":1886,"minecraft:damage_taken":3773,"minecraft:minecart_one_cm":456,"minecraft:swim_one_cm":56912,"minecraft:fly_one_cm":1185271,"minecraft:open_chest":369,"minecraft:fall_one_cm":142227},"minecraft:dropped":{"byg:biomepedia":1,"minecraft:soul_sand":64,"ars_nouveau:novice_spell_book":1,"minecraft:orange_tulip":12,"minecraft:leather":1,"minecraft:flint":1,"minecraft:emerald":1,"minecraft:dirt":34,"minecraft:crimson_roots":1,"minecraft:sand":32,"byg:embur_gel_ball":2,"minecraft:gravel":6,"minecraft:white_tulip":5,"minecraft:sugar_cane":1,"alexsmobs:animal_dictionary":1,"minecraft:wheat":7,"minecraft:rotten_flesh":11,"minecraft:azure_bluet":2,"create:wrench":1,"create:brass_ingot":2,"create:wheat_flour":5,"minecraft:quartz":1,"minecraft:iron_ingot":40,"minecraft:bread":14,"byg:tall_embur_roots":1,"minecraft:wheat_seeds":14,"minecraft:feather":1,"minecraft:granite":1,"minecraft:copper_ingot":81,"minecraft:oxeye_daisy":1,"ars_nouveau:worn_notebook":1,"ars_nouveau:bombegranate_pod":1,"mekanism:raw_osmium":104,"mekanism:salt":4,"minecraft:string":4,"create:raw_zinc":71,"minecraft:dandelion":3,"minecraft:raw_copper":172,"minecraft:raw_iron":165,"create:copper_sheet":9,"create_new_age:magnetite_block":1,"create:zinc_ingot":66,"minecraft:oak_sapling":6,"minecraft:spider_eye":1,"minecraft:wooden_pickaxe":1,"minecraft:raw_gold":12,"minecraft:red_tulip":30,"create:golden_sheet":32},"minecraft:used":{"mekanism:block_salt":2,"byg:travertine":45,"create:deployer":8,"minecraft:iron_shovel":228,"create:scorchia":9,"minecraft:oak_sign":2,"minecraft:chest":8,"minecraft:shield":30,"minecraft:rotten_flesh":15,"minecraft:soul_sand":1,"minecraft:mutton":2,"create:minecart_contraption":2,"create:cogwheel":25,"create:mechanical_crafter":21,"ironchest:iron_chest":6,"minecraft:furnace_minecart":3,"create:depot":4,"minecraft:tuff":3,"create:metal_girder":21,"ars_nouveau:bombegranate_pod":2,"minecraft:obsidian":1,"minecraft:lava_bucket":12,"create_new_age:magnetite_block":12,"create:rotation_speed_controller":8,"create:shaft":4,"minecraft:oak_sapling":37,"minecraft:furnace":9,"create:mechanical_drill":18,"minecraft:egg":2,"ars_nouveau:green_archwood_log":1,"create_new_age:redstone_magnet":12,"minecraft:diorite":8,"create:crushing_wheel":8,"byg:warped_coral_block":2,"minecraft:stone_pickaxe":132,"minecraft:oak_planks":11,"minecraft:wooden_pickaxe":3,"minecraft:diamond_axe":3,"create:mechanical_saw":9,"createaddition:rolling_mill":3,"minecraft:lever":9,"mekanism:metallurgic_infuser":1,"minecraft:bread":62,"create_new_age:copper_wire":6,"create:asurine":1,"minecraft:gravel":12,"create_new_age:electrical_connector":5,"create:stressometer":4,"minecraft:andesite":9,"minecraft:bone_meal":47,"create:large_cogwheel":10,"mekanism:enrichment_chamber":1,"minecraft:stone_sword":136,"minecraft:flint_and_steel":1,"create_new_age:generator_coil":2,"minecraft:stone_hoe":2,"minecraft:cooked_chicken":8,"createaddition:copper_spool":10,"minecraft:netherrack":346,"minecraft:torch":507,"minecraft:dirt":32,"createaddition:modular_accumulator":11,"create:mechanical_plough":2,"minecraft:granite":13,"create:wrench":294,"create:gearbox":7,"minecraft:iron_axe":237,"create:cart_assembler":11,"create:encased_chain_drive":5,"byg:blue_netherrack":84,"minecraft:minecart":7,"comforts:sleeping_bag_white":36,"minecraft:cobbled_deepslate":158,"minecraft:iron_leggings":1,"minecraft:wheat_seeds":17,"minecraft:cooked_mutton":3,"minecraft:water_bucket":32,"createaddition:connector":8,"create:empty_blaze_burner":4,"create:blaze_burner":1,"create:furnace_minecart_contraption":5,"byg:warped_cactus":2,"minecraft:rail":21,"minecraft:crafting_table":12,"minecraft:oak_log":81,"minecraft:diamond_pickaxe":1309,"minecraft:cornflower":1,"minecraft:diamond_shovel":9,"create:mechanical_press":1,"minecraft:sunflower":1,"minecraft:iron_pickaxe":1055,"byg:soapstone":1,"create:large_water_wheel":9,"minecraft:stone_axe":92,"minecraft:cobblestone":352,"byg:warped_soul_soil":1,"minecraft:bucket":44,"create:hand_crank":8,"create_new_age:carbon_brushes":7,"byg:subzero_ash_block":52},"minecraft:crafted":{"minecraft:oak_planks":255,"minecraft:cooked_chicken":8,"createaddition:rolling_mill":1,"minecraft:diamond_shovel":1,"create:deployer":2,"minecraft:cooked_mutton":4,"create:rotation_speed_controller":1,"create:copper_nugget":9,"minecraft:iron_boots":1,"create:cart_assembler":2,"minecraft:chest":10,"minecraft:rail":16,"minecraft:stone_hoe":1,"create:cogwheel":20,"create:brass_hand":2,"minecraft:raw_iron_block":15,"create:mechanical_plough":1,"minecraft:furnace_minecart":1,"create:depot":3,"minecraft:cooked_porkchop":4,"minecraft:diamond_axe":1,"minecraft:crafting_table":2,"minecraft:wooden_pickaxe":1,"minecraft:iron_helmet":1,"create:sand_paper":3,"create_new_age:carbon_brushes":1,"create:stressometer":1,"createaddition:spool":16,"create:gearbox":1,"minecraft:iron_chestplate":1,"create:water_wheel":7,"mekanism:steel_casing":1,"minecraft:shield":1,"create:super_glue":1,"minecraft:stick":119,"minecraft:iron_ingot":20,"minecraft:compass":1,"minecraft:iron_pickaxe":5,"minecraft:stone_sword":1,"create:large_cogwheel":4,"create:propeller":3,"mekanism:block_salt":2,"minecraft:redstone":36,"minecraft:iron_nugget":33,"comforts:sleeping_bag_white":1,"minecraft:furnace":7,"minecraft:bone_meal":21,"minecraft:raw_copper_block":11,"minecraft:iron_axe":2,"minecraft:slime_ball":4,"minecraft:stone_pickaxe":1,"create_new_age:generator_coil":1,"minecraft:redstone_block":17,"create:electron_tube":23,"create_new_age:redstone_magnet":6,"minecraft:minecart":3,"mekanism:metallurgic_infuser":1,"create:large_water_wheel":7,"minecraft:bucket":1,"create:andesite_alloy_block":1,"minecraft:stone_axe":1,"minecraft:air":1244,"create:raw_zinc_block":3,"create:speedometer":1,"mekanism:enrichment_chamber":1,"minecraft:iron_leggings":1,"create:shaft":48,"minecraft:torch":135,"minecraft:lapis_block":10,"ironchest:iron_chest":4},"minecraft:killed_by":{"alexsmobs:centipede_head":1},"minecraft:killed":{"minecraft:spider":10,"minecraft:skeleton":16,"minecraft:chicken":11,"minecraft:piglin":6,"minecraft:pig":2,"minecraft:creeper":5,"minecraft:sheep":9,"minecraft:zombie":39,"minecraft:blaze":2,"minecraft:horse":4,"minecraft:drowned":1,"alexsmobs:cockroach":1,"ars_nouveau:whirlisprig":1}},"DataVersion":3120}