{"stats":{"minecraft:killed_by":{"alexsmobs:centipede_head":1},"minecraft:custom":{"minecraft:interact_with_furnace":15,"minecraft:mob_kills":23,"minecraft:interact_with_crafting_table":17,"minecraft:damage_dealt_resisted":16,"minecraft:time_since_death":25584,"minecraft:time_since_rest":25701,"minecraft:sprint_one_cm":106404,"minecraft:damage_taken":439,"minecraft:walk_one_cm":84003,"minecraft:damage_blocked_by_shield":540,"minecraft:drop":6,"minecraft:damage_dealt":4482,"minecraft:damage_dealt_absorbed":25,"minecraft:swim_one_cm":5657,"minecraft:fly_one_cm":116816,"minecraft:crouch_one_cm":30323,"minecraft:play_time":53629,"minecraft:deaths":1,"minecraft:sneak_time":12828,"minecraft:walk_under_water_one_cm":1434,"minecraft:jump":747,"minecraft:walk_on_water_one_cm":3002,"minecraft:total_world_time":53629,"minecraft:fall_one_cm":19095},"minecraft:broken":{"minecraft:stone_pickaxe":1,"minecraft:iron_pickaxe":1},"minecraft:picked_up":{"minecraft:iron_chestplate":1,"minecraft:crafting_table":8,"mekanism:raw_lead":1,"minecraft:andesite":4,"minecraft:wooden_pickaxe":1,"minecraft:flint":1,"minecraft:tuff":2,"create:raw_zinc":27,"minecraft:oak_log":17,"minecraft:shield":1,"minecraft:string":3,"minecraft:lapis_lazuli":150,"minecraft:dirt":8,"minecraft:raw_copper":214,"minecraft:iron_leggings":1,"minecraft:bone":5,"minecraft:bow":1,"minecraft:cobbled_deepslate":80,"minecraft:raw_gold":28,"minecraft:iron_ingot":48,"minecraft:iron_pickaxe":1,"minecraft:oak_planks":31,"minecraft:iron_boots":1,"minecraft:furnace":9,"minecraft:stick":3,"minecraft:raw_iron":104,"minecraft:torch":55,"minecraft:gravel":9,"minecraft:diorite":10,"mekanism:raw_osmium":4,"minecraft:redstone":26,"mekanism:raw_tin":8,"minecraft:stone_sword":1,"minecraft:arrow":5,"minecraft:rotten_flesh":21,"minecraft:diamond":2,"minecraft:stone_axe":1,"minecraft:iron_helmet":1,"minecraft:granite":13,"minecraft:oak_sapling":4,"minecraft:coal":61,"minecraft:cobblestone":47},"minecraft:mined":{"minecraft:deepslate_redstone_ore":5,"mekanism:deepslate_lead_ore":1,"create:deepslate_zinc_ore":27,"minecraft:tuff":2,"minecraft:deepslate_diamond_ore":1,"mekanism:deepslate_osmium_ore":4,"minecraft:crafting_table":7,"minecraft:granite":9,"minecraft:grass_block":1,"mekanism:tin_ore":4,"minecraft:copper_ore":31,"minecraft:deepslate_gold_ore":20,"minecraft:diorite":8,"minecraft:wall_torch":1,"minecraft:redstone_ore":1,"minecraft:furnace":5,"minecraft:iron_ore":48,"minecraft:cobbled_deepslate":12,"minecraft:andesite":1,"minecraft:deepslate_lapis_ore":14,"minecraft:grass":1,"mekanism:deepslate_tin_ore":5,"minecraft:oak_log":16,"minecraft:coal_ore":57,"minecraft:deepslate_iron_ore":49,"minecraft:gravel":10,"minecraft:dirt":3,"minecraft:stone":37,"minecraft:oak_leaves":1,"minecraft:deepslate":58},"minecraft:used":{"minecraft:diorite":4,"minecraft:stone_sword":94,"minecraft:stone_pickaxe":132,"minecraft:shield":15,"minecraft:wooden_pickaxe":3,"minecraft:rotten_flesh":11,"minecraft:torch":135,"minecraft:dirt":4,"minecraft:crafting_table":7,"minecraft:tuff":2,"minecraft:granite":9,"minecraft:iron_pickaxe":265,"minecraft:gravel":8,"minecraft:stone_axe":8,"minecraft:cobblestone":1,"minecraft:furnace":5,"minecraft:andesite":3,"minecraft:cobbled_deepslate":40,"minecraft:iron_leggings":1},"minecraft:killed":{"minecraft:spider":2,"minecraft:skeleton":4,"minecraft:zombie":16},"minecraft:dropped":{"minecraft:gravel":1,"byg:biomepedia":1,"alexsmobs:animal_dictionary":1,"minecraft:flint":1,"ars_nouveau:worn_notebook":1,"minecraft:oak_sapling":4},"minecraft:crafted":{"minecraft:oak_planks":20,"minecraft:crafting_table":1,"minecraft:wooden_pickaxe":1,"minecraft:iron_helmet":1,"minecraft:furnace":4,"minecraft:bucket":1,"minecraft:stone_axe":1,"minecraft:air":305,"create:raw_zinc_block":3,"minecraft:iron_boots":1,"minecraft:iron_chestplate":1,"minecraft:shield":1,"minecraft:stick":39,"minecraft:iron_ingot":11,"minecraft:iron_pickaxe":2,"minecraft:stone_pickaxe":1,"minecraft:stone_sword":1,"minecraft:iron_leggings":1,"minecraft:redstone_block":2,"minecraft:torch":51,"minecraft:lapis_block":10}},"DataVersion":3120}