{"stats":{"minecraft:custom":{"minecraft:time_since_rest":17629,"minecraft:interact_with_furnace":5,"minecraft:sprint_one_cm":29230,"minecraft:damage_taken":10,"minecraft:walk_one_cm":20615,"minecraft:mob_kills":1,"minecraft:drop":4,"minecraft:damage_dealt":294,"minecraft:interact_with_crafting_table":6,"minecraft:swim_one_cm":5657,"minecraft:fly_one_cm":41828,"minecraft:crouch_one_cm":10742,"minecraft:play_time":17629,"minecraft:sneak_time":4343,"minecraft:walk_under_water_one_cm":1434,"minecraft:jump":218,"minecraft:walk_on_water_one_cm":2386,"minecraft:time_since_death":17629,"minecraft:total_world_time":17629,"minecraft:fall_one_cm":7388},"minecraft:broken":{"minecraft:stone_pickaxe":1},"minecraft:picked_up":{"minecraft:raw_iron":11,"minecraft:crafting_table":2,"minecraft:andesite":2,"minecraft:torch":1,"minecraft:tuff":2,"minecraft:oak_log":17,"minecraft:diorite":2,"minecraft:lapis_lazuli":56,"minecraft:dirt":4,"minecraft:raw_copper":107,"minecraft:rotten_flesh":1,"minecraft:cobbled_deepslate":1,"minecraft:granite":9,"minecraft:oak_sapling":4,"minecraft:coal":42,"minecraft:cobblestone":44},"minecraft:mined":{"minecraft:tuff":2,"minecraft:iron_ore":5,"minecraft:deepslate_lapis_ore":8,"minecraft:crafting_table":2,"minecraft:granite":9,"minecraft:grass":1,"minecraft:coal_ore":42,"minecraft:grass_block":1,"minecraft:oak_log":16,"minecraft:deepslate_iron_ore":6,"minecraft:dirt":3,"minecraft:copper_ore":31,"minecraft:stone":34,"minecraft:deepslate":1,"minecraft:diorite":2,"minecraft:oak_leaves":1,"minecraft:wall_torch":1},"minecraft:used":{"minecraft:stone_sword":7,"minecraft:stone_pickaxe":132,"minecraft:iron_pickaxe":6,"minecraft:wooden_pickaxe":3,"minecraft:rotten_flesh":1,"minecraft:torch":41,"minecraft:stone_axe":1,"minecraft:dirt":4,"minecraft:crafting_table":3,"minecraft:furnace":1,"minecraft:andesite":2,"minecraft:tuff":2,"minecraft:granite":5},"minecraft:killed":{"minecraft:zombie":1},"minecraft:dropped":{"byg:biomepedia":1,"ars_nouveau:worn_notebook":1,"alexsmobs:animal_dictionary":1,"minecraft:oak_sapling":4},"minecraft:crafted":{"minecraft:oak_planks":20,"minecraft:crafting_table":1,"minecraft:iron_pickaxe":1,"minecraft:stick":19,"minecraft:iron_ingot":4,"minecraft:wooden_pickaxe":1,"minecraft:stone_pickaxe":1,"minecraft:stone_sword":1,"minecraft:furnace":1,"minecraft:torch":16,"minecraft:stone_axe":1,"minecraft:air":142}},"DataVersion":3120}