{"stats":{"minecraft:dropped":{"byg:biomepedia":1,"minecraft:soul_sand":64,"minecraft:orange_tulip":12,"minecraft:leather":1,"minecraft:flint":1,"minecraft:crimson_roots":1,"minecraft:sand":32,"byg:embur_gel_ball":2,"minecraft:gravel":1,"minecraft:white_tulip":5,"minecraft:sugar_cane":1,"alexsmobs:animal_dictionary":1,"minecraft:wheat":7,"create:brass_ingot":2,"create:wheat_flour":5,"minecraft:quartz":1,"minecraft:iron_ingot":40,"byg:tall_embur_roots":1,"minecraft:copper_ingot":35,"ars_nouveau:worn_notebook":1,"ars_nouveau:bombegranate_pod":1,"mekanism:salt":4,"minecraft:string":4,"minecraft:raw_iron":43,"create_new_age:magnetite_block":1,"create:zinc_ingot":35,"minecraft:oak_sapling":6,"minecraft:wooden_pickaxe":1,"minecraft:red_tulip":30},"minecraft:picked_up":{"minecraft:iron_chestplate":1,"minecraft:wheat":18,"ars_nouveau:bombegranate_pod":2,"byg:subzero_ash_block":68,"minecraft:string":7,"minecraft:soul_soil":3,"minecraft:raw_copper":214,"minecraft:iron_leggings":1,"minecraft:oak_sign":1,"minecraft:gold_nugget":47,"minecraft:cobbled_deepslate":83,"comforts:sleeping_bag_white":9,"minecraft:white_tulip":5,"minecraft:red_dye":30,"minecraft:iron_pickaxe":1,"minecraft:iron_boots":1,"minecraft:furnace":13,"minecraft:stick":9,"create:dough":4,"minecraft:torch":63,"create:andesite_casing":7,"minecraft:porkchop":4,"minecraft:diorite":14,"mekanism:raw_tin":46,"minecraft:stone_sword":1,"minecraft:rotten_flesh":32,"create:scoria":1,"minecraft:red_tulip":30,"byg:embur_gel_ball":2,"minecraft:blaze_rod":1,"minecraft:obsidian":9,"minecraft:cobblestone":80,"minecraft:feather":10,"minecraft:andesite":70,"minecraft:flint":1,"minecraft:tuff":2,"create:raw_zinc":35,"minecraft:lapis_lazuli":150,"minecraft:dirt":36,"minecraft:bone":8,"minecraft:orange_tulip":12,"minecraft:bow":2,"minecraft:wheat_seeds":45,"minecraft:raw_gold":28,"create_new_age:magnetite_block":4,"byg:warped_coral_block":2,"byg:tall_embur_roots":1,"minecraft:oak_planks":38,"create:empty_blaze_burner":1,"minecraft:sand":33,"minecraft:diamond":2,"minecraft:granite":17,"minecraft:crossbow":1,"byg:travertine":25,"minecraft:oak_sapling":6,"minecraft:netherrack":369,"minecraft:crimson_roots":1,"minecraft:charcoal":2,"minecraft:crafting_table":12,"minecraft:chicken":11,"minecraft:brown_mushroom":5,"minecraft:wooden_pickaxe":1,"minecraft:shield":1,"minecraft:cornflower":1,"create:scorchia":9,"minecraft:light_gray_wool":1,"minecraft:minecart":2,"minecraft:sugar_cane":6,"minecraft:egg":6,"minecraft:raw_iron":189,"minecraft:orange_dye":24,"byg:sythian_stalk_block":14,"minecraft:white_dye":10,"minecraft:redstone":26,"create:deployer":2,"ars_nouveau:green_archwood_log":1,"minecraft:arrow":12,"minecraft:nether_bricks":5,"minecraft:hay_block":31,"byg:blue_netherrack":84,"minecraft:mutton":13,"minecraft:white_wool":8,"minecraft:rail":2,"create:iron_sheet":13,"mekanism:raw_lead":3,"minecraft:leather":5,"minecraft:oak_log":44,"minecraft:gunpowder":2,"byg:hanging_sythian_roots":3,"mekanism:salt":4,"byg:scoria_cobblestone":3,"alexsmobs:cockroach_wing_fragment":1,"minecraft:iron_ingot":95,"minecraft:soul_sand":65,"ars_nouveau:red_archwood_sapling":1,"minecraft:quartz":48,"byg:warped_soul_soil":1,"minecraft:gravel":9,"byg:warped_cactus":2,"mekanism:raw_osmium":12,"minecraft:spider_eye":4,"create:wheat_flour":5,"minecraft:lime_dye":5,"create:brass_ingot":1,"minecraft:stone_axe":1,"minecraft:iron_helmet":1,"minecraft:coal":108,"minecraft:sunflower":1},"minecraft:killed":{"minecraft:spider":8,"minecraft:skeleton":10,"minecraft:chicken":11,"minecraft:piglin":6,"minecraft:pig":2,"minecraft:creeper":1,"minecraft:sheep":9,"minecraft:zombie":20,"minecraft:blaze":2,"minecraft:horse":4,"minecraft:drowned":1,"alexsmobs:cockroach":1,"ars_nouveau:whirlisprig":1},"minecraft:custom":{"minecraft:interact_with_crafting_table":37,"minecraft:leave_game":1,"minecraft:time_since_death":223729,"minecraft:sprint_one_cm":457482,"minecraft:damage_blocked_by_shield":1135,"minecraft:drop":67,"minecraft:play_time":251774,"minecraft:deaths":1,"minecraft:jump":4029,"minecraft:walk_on_water_one_cm":7123,"minecraft:interact_with_furnace":29,"minecraft:sleep_in_bed":10,"minecraft:waystone_activated":1,"minecraft:damage_dealt":11923,"minecraft:crouch_one_cm":140095,"minecraft:mob_kills":79,"minecraft:damage_dealt_resisted":16,"minecraft:climb_one_cm":778,"minecraft:walk_one_cm":438414,"minecraft:damage_dealt_absorbed":25,"minecraft:sneak_time":40479,"minecraft:walk_under_water_one_cm":14453,"minecraft:interact_with_blast_furnace":1,"minecraft:total_world_time":251774,"minecraft:interact_with_grindstone":1,"minecraft:time_since_rest":12942,"minecraft:damage_taken":2365,"minecraft:fly_one_cm":712140,"minecraft:swim_one_cm":20663,"minecraft:open_chest":94,"minecraft:fall_one_cm":106491},"minecraft:crafted":{"minecraft:oak_planks":89,"minecraft:cooked_chicken":8,"create:deployer":1,"minecraft:cooked_mutton":4,"minecraft:iron_boots":1,"create:cart_assembler":1,"minecraft:chest":2,"minecraft:rail":16,"minecraft:stone_hoe":1,"create:cogwheel":5,"create:brass_hand":1,"minecraft:raw_iron_block":15,"create:mechanical_plough":1,"create:depot":2,"minecraft:cooked_porkchop":4,"minecraft:crafting_table":2,"minecraft:wooden_pickaxe":1,"minecraft:iron_helmet":1,"create:sand_paper":1,"create:stressometer":1,"create:gearbox":1,"minecraft:iron_chestplate":1,"minecraft:shield":1,"create:super_glue":1,"minecraft:stick":59,"minecraft:iron_ingot":11,"minecraft:compass":1,"minecraft:iron_pickaxe":5,"minecraft:stone_sword":1,"create:large_cogwheel":3,"create:propeller":3,"minecraft:redstone":2,"comforts:sleeping_bag_white":1,"minecraft:furnace":4,"minecraft:bone_meal":21,"minecraft:raw_copper_block":11,"minecraft:iron_axe":1,"minecraft:slime_ball":4,"minecraft:stone_pickaxe":1,"minecraft:redstone_block":2,"create:electron_tube":1,"minecraft:minecart":1,"minecraft:bucket":1,"minecraft:stone_axe":1,"minecraft:air":513,"create:raw_zinc_block":3,"create:speedometer":1,"minecraft:iron_leggings":1,"create:shaft":16,"minecraft:torch":67,"minecraft:lapis_block":10},"minecraft:mined":{"create:deepslate_zinc_ore":27,"create:andesite_casing":7,"minecraft:obsidian":9,"minecraft:granite":11,"minecraft:grass_block":15,"minecraft:soul_soil":3,"byg:tall_embur_roots":1,"minecraft:tall_seagrass":4,"byg:sythian_nylium":19,"minecraft:cobbled_deepslate":12,"minecraft:iron_ore":126,"minecraft:fire":3,"byg:blue_nether_quartz_ore":1,"byg:quartzite_sand":1,"minecraft:deepslate_lapis_ore":14,"minecraft:red_tulip":15,"minecraft:oak_sign":1,"byg:tall_prairie_grass":2,"minecraft:deepslate_redstone_ore":5,"mekanism:osmium_ore":8,"minecraft:brown_mushroom":5,"minecraft:soul_fire":20,"mekanism:block_salt":1,"minecraft:torch":3,"create:scoria":1,"mekanism:tin_ore":38,"minecraft:nether_quartz_ore":27,"minecraft:oak_planks":7,"minecraft:sugar_cane":2,"minecraft:wall_torch":4,"minecraft:seagrass":4,"byg:embur_nylium":5,"byg:warped_coral_block":2,"minecraft:wheat":17,"minecraft:orange_tulip":12,"byg:subzero_ash_block":64,"minecraft:grass":24,"mekanism:deepslate_tin_ore":8,"minecraft:oak_log":43,"mekanism:lead_ore":2,"minecraft:sand":33,"minecraft:dirt":19,"minecraft:netherrack":366,"minecraft:oak_leaves":17,"minecraft:deepslate":61,"byg:travertine":24,"create:zinc_ore":8,"minecraft:nether_gold_ore":11,"minecraft:tuff":2,"minecraft:deepslate_diamond_ore":1,"ars_nouveau:green_archwood_leaves":1,"mekanism:deepslate_osmium_ore":4,"minecraft:nether_bricks":5,"minecraft:crimson_roots":1,"byg:warped_cactus":2,"minecraft:hay_block":31,"minecraft:redstone_ore":1,"byg:blue_netherrack":79,"minecraft:furnace":9,"create:scorchia":9,"minecraft:andesite":67,"byg:hanging_sythian_roots_plant":1,"minecraft:deepslate_iron_ore":57,"minecraft:rail":2,"create:deployer":2,"minecraft:stone":57,"minecraft:white_tulip":5,"mekanism:deepslate_lead_ore":1,"ars_nouveau:green_archwood_log":1,"minecraft:soul_sand":1,"create_new_age:magnetite_block":1,"minecraft:crafting_table":11,"minecraft:cornflower":1,"minecraft:campfire":1,"byg:warped_soul_soil":1,"byg:sythian_stalk_block":1,"minecraft:copper_ore":31,"minecraft:tall_grass":6,"minecraft:deepslate_gold_ore":20,"minecraft:diorite":12,"create:blaze_burner":1,"byg:scoria_stone":3,"byg:wailing_grass":1,"minecraft:coal_ore":104,"byg:warped_bush":1,"minecraft:sunflower":1,"byg:embur_gel_block":2,"minecraft:gravel":10},"minecraft:killed_by":{"alexsmobs:centipede_head":1},"minecraft:broken":{"minecraft:stone_pickaxe":1,"minecraft:stone_axe":1,"minecraft:stone_sword":1,"minecraft:iron_pickaxe":4},"minecraft:used":{"byg:travertine":45,"create:deployer":3,"minecraft:iron_shovel":105,"create:scorchia":9,"minecraft:oak_sign":1,"minecraft:chest":2,"minecraft:shield":30,"minecraft:rotten_flesh":15,"minecraft:soul_sand":1,"minecraft:mutton":2,"create:minecart_contraption":1,"create:cogwheel":2,"create:depot":3,"minecraft:tuff":2,"ars_nouveau:bombegranate_pod":2,"minecraft:obsidian":1,"minecraft:lava_bucket":3,"minecraft:furnace":9,"minecraft:egg":2,"ars_nouveau:green_archwood_log":1,"minecraft:diorite":8,"byg:warped_coral_block":2,"minecraft:stone_pickaxe":132,"minecraft:oak_planks":11,"minecraft:wooden_pickaxe":3,"create:mechanical_saw":2,"minecraft:lever":3,"minecraft:bread":28,"minecraft:gravel":8,"create:stressometer":1,"minecraft:andesite":5,"minecraft:stone_sword":136,"minecraft:flint_and_steel":1,"minecraft:stone_hoe":2,"minecraft:cooked_chicken":8,"minecraft:netherrack":346,"minecraft:torch":236,"minecraft:dirt":17,"minecraft:granite":13,"create:wrench":27,"create:gearbox":1,"minecraft:iron_axe":75,"create:cart_assembler":4,"byg:blue_netherrack":84,"minecraft:minecart":3,"comforts:sleeping_bag_white":9,"minecraft:cobbled_deepslate":43,"minecraft:iron_leggings":1,"minecraft:wheat_seeds":17,"minecraft:cooked_mutton":3,"minecraft:water_bucket":12,"create:empty_blaze_burner":4,"create:blaze_burner":1,"byg:warped_cactus":2,"minecraft:rail":7,"minecraft:crafting_table":12,"minecraft:oak_log":18,"minecraft:diamond_pickaxe":72,"minecraft:cornflower":1,"create:mechanical_press":1,"minecraft:sunflower":1,"minecraft:iron_pickaxe":1055,"minecraft:stone_axe":92,"minecraft:cobblestone":4,"byg:warped_soul_soil":1,"minecraft:bucket":15,"create:hand_crank":1,"byg:subzero_ash_block":52}},"DataVersion":3120}