{"stats":{"minecraft:dropped":{"byg:biomepedia":1,"minecraft:orange_tulip":12,"minecraft:leather":1,"minecraft:flint":1,"ars_nouveau:worn_notebook":1,"minecraft:string":4,"minecraft:gravel":1,"minecraft:white_tulip":5,"alexsmobs:animal_dictionary":1,"minecraft:wheat":7,"minecraft:raw_iron":43,"create_new_age:magnetite_block":1,"minecraft:oak_sapling":6,"create:wheat_flour":5,"minecraft:wooden_pickaxe":1,"minecraft:red_tulip":30,"minecraft:iron_ingot":1},"minecraft:picked_up":{"minecraft:charcoal":2,"minecraft:iron_chestplate":1,"minecraft:crafting_table":12,"minecraft:wheat":18,"minecraft:chicken":11,"minecraft:wooden_pickaxe":1,"minecraft:shield":1,"minecraft:soul_soil":1,"minecraft:cornflower":1,"minecraft:string":5,"minecraft:raw_copper":214,"minecraft:iron_leggings":1,"create:scorchia":5,"minecraft:oak_sign":1,"minecraft:gold_nugget":46,"minecraft:cobbled_deepslate":83,"comforts:sleeping_bag_white":7,"minecraft:red_dye":30,"minecraft:white_tulip":5,"minecraft:iron_pickaxe":1,"minecraft:light_gray_wool":1,"minecraft:minecart":2,"minecraft:egg":6,"minecraft:furnace":13,"minecraft:iron_boots":1,"minecraft:stick":7,"minecraft:raw_iron":189,"minecraft:orange_dye":24,"create:dough":4,"minecraft:torch":63,"minecraft:porkchop":4,"minecraft:white_dye":10,"minecraft:diorite":14,"minecraft:redstone":26,"mekanism:raw_tin":46,"ars_nouveau:green_archwood_log":1,"minecraft:arrow":12,"minecraft:stone_sword":1,"minecraft:rotten_flesh":32,"minecraft:hay_block":31,"minecraft:red_tulip":30,"minecraft:mutton":13,"minecraft:cobblestone":80,"minecraft:white_wool":8,"create:iron_sheet":1,"minecraft:feather":10,"mekanism:raw_lead":3,"minecraft:andesite":70,"minecraft:leather":5,"minecraft:flint":1,"minecraft:tuff":2,"create:raw_zinc":35,"minecraft:oak_log":44,"minecraft:gunpowder":2,"minecraft:lapis_lazuli":150,"minecraft:dirt":29,"minecraft:bone":8,"minecraft:bow":2,"minecraft:wheat_seeds":45,"minecraft:orange_tulip":12,"alexsmobs:cockroach_wing_fragment":1,"minecraft:raw_gold":28,"create_new_age:magnetite_block":1,"minecraft:iron_ingot":91,"minecraft:oak_planks":38,"minecraft:quartz":15,"minecraft:gravel":9,"mekanism:raw_osmium":12,"minecraft:spider_eye":3,"create:wheat_flour":5,"minecraft:lime_dye":5,"minecraft:diamond":2,"minecraft:stone_axe":1,"minecraft:iron_helmet":1,"byg:travertine":4,"minecraft:granite":17,"minecraft:oak_sapling":6,"minecraft:netherrack":144,"minecraft:coal":108,"minecraft:sunflower":1},"minecraft:killed":{"minecraft:spider":7,"minecraft:skeleton":10,"minecraft:horse":4,"minecraft:chicken":11,"minecraft:drowned":1,"minecraft:piglin":2,"minecraft:pig":2,"minecraft:creeper":1,"minecraft:sheep":9,"alexsmobs:cockroach":1,"minecraft:zombie":20},"minecraft:custom":{"minecraft:mob_kills":70,"minecraft:interact_with_crafting_table":28,"minecraft:damage_dealt_resisted":16,"minecraft:leave_game":1,"minecraft:time_since_death":127729,"minecraft:climb_one_cm":750,"minecraft:sprint_one_cm":307306,"minecraft:walk_one_cm":263368,"minecraft:damage_blocked_by_shield":1135,"minecraft:drop":34,"minecraft:damage_dealt_absorbed":25,"minecraft:play_time":155774,"minecraft:deaths":1,"minecraft:sneak_time":25866,"minecraft:walk_under_water_one_cm":14110,"minecraft:jump":2564,"minecraft:interact_with_blast_furnace":1,"minecraft:walk_on_water_one_cm":6361,"minecraft:total_world_time":155774,"minecraft:interact_with_furnace":28,"minecraft:interact_with_grindstone":1,"minecraft:sleep_in_bed":8,"minecraft:time_since_rest":15750,"minecraft:waystone_activated":1,"minecraft:damage_taken":1197,"minecraft:damage_dealt":10411,"minecraft:swim_one_cm":17533,"minecraft:fly_one_cm":487709,"minecraft:open_chest":30,"minecraft:crouch_one_cm":76960,"minecraft:fall_one_cm":68868},"minecraft:crafted":{"minecraft:oak_planks":20,"comforts:sleeping_bag_white":1,"minecraft:cooked_chicken":8,"minecraft:furnace":4,"minecraft:bone_meal":21,"minecraft:raw_copper_block":11,"minecraft:cooked_mutton":4,"minecraft:iron_boots":1,"create:cart_assembler":1,"minecraft:iron_axe":1,"minecraft:slime_ball":4,"minecraft:stone_pickaxe":1,"minecraft:redstone_block":2,"minecraft:rail":16,"minecraft:stone_hoe":1,"minecraft:minecart":1,"minecraft:raw_iron_block":15,"minecraft:cooked_porkchop":4,"minecraft:crafting_table":2,"minecraft:wooden_pickaxe":1,"minecraft:iron_helmet":1,"minecraft:bucket":1,"minecraft:stone_axe":1,"minecraft:air":464,"create:raw_zinc_block":3,"minecraft:iron_chestplate":1,"minecraft:shield":1,"create:super_glue":1,"minecraft:stick":59,"minecraft:iron_ingot":11,"minecraft:iron_pickaxe":3,"minecraft:stone_sword":1,"minecraft:iron_leggings":1,"minecraft:torch":67,"minecraft:lapis_block":10},"minecraft:mined":{"byg:travertine":2,"minecraft:nether_gold_ore":11,"create:zinc_ore":8,"create:deepslate_zinc_ore":27,"minecraft:tuff":2,"minecraft:deepslate_diamond_ore":1,"ars_nouveau:green_archwood_leaves":1,"mekanism:deepslate_osmium_ore":4,"minecraft:granite":11,"minecraft:grass_block":9,"minecraft:soul_soil":1,"minecraft:hay_block":31,"minecraft:tall_seagrass":4,"minecraft:redstone_ore":1,"minecraft:furnace":9,"minecraft:iron_ore":126,"minecraft:cobbled_deepslate":12,"create:scorchia":5,"minecraft:andesite":67,"minecraft:deepslate_lapis_ore":14,"minecraft:red_tulip":15,"minecraft:oak_sign":1,"minecraft:deepslate_iron_ore":57,"minecraft:white_tulip":5,"minecraft:stone":57,"byg:tall_prairie_grass":2,"mekanism:deepslate_lead_ore":1,"minecraft:deepslate_redstone_ore":5,"mekanism:osmium_ore":8,"ars_nouveau:green_archwood_log":1,"create_new_age:magnetite_block":1,"minecraft:cornflower":1,"minecraft:crafting_table":11,"minecraft:torch":3,"mekanism:tin_ore":38,"minecraft:campfire":1,"minecraft:nether_quartz_ore":15,"minecraft:tall_grass":6,"minecraft:copper_ore":31,"minecraft:deepslate_gold_ore":20,"minecraft:oak_planks":7,"minecraft:diorite":12,"minecraft:wall_torch":4,"minecraft:seagrass":4,"minecraft:wheat":17,"minecraft:orange_tulip":12,"minecraft:grass":18,"mekanism:deepslate_tin_ore":8,"minecraft:oak_log":43,"minecraft:coal_ore":104,"mekanism:lead_ore":2,"minecraft:sunflower":1,"minecraft:gravel":10,"minecraft:dirt":17,"minecraft:netherrack":147,"minecraft:oak_leaves":17,"minecraft:deepslate":61},"minecraft:killed_by":{"alexsmobs:centipede_head":1},"minecraft:broken":{"minecraft:stone_sword":1,"minecraft:stone_pickaxe":1,"minecraft:stone_axe":1,"minecraft:iron_pickaxe":2},"minecraft:used":{"byg:travertine":9,"minecraft:stone_sword":136,"minecraft:iron_shovel":3,"minecraft:oak_sign":1,"minecraft:shield":30,"minecraft:stone_hoe":2,"minecraft:cooked_chicken":8,"minecraft:rotten_flesh":15,"minecraft:netherrack":111,"minecraft:torch":236,"minecraft:dirt":14,"minecraft:mutton":2,"create:minecart_contraption":1,"minecraft:tuff":2,"minecraft:granite":13,"minecraft:lava_bucket":3,"create:wrench":6,"minecraft:iron_axe":21,"create:cart_assembler":2,"minecraft:furnace":9,"minecraft:minecart":2,"minecraft:egg":2,"comforts:sleeping_bag_white":7,"minecraft:cobbled_deepslate":43,"ars_nouveau:green_archwood_log":1,"minecraft:iron_leggings":1,"minecraft:wheat_seeds":17,"minecraft:cooked_mutton":3,"minecraft:water_bucket":11,"minecraft:diorite":8,"minecraft:stone_pickaxe":132,"minecraft:oak_planks":7,"minecraft:wooden_pickaxe":3,"minecraft:rail":2,"minecraft:crafting_table":12,"minecraft:oak_log":3,"minecraft:lever":2,"minecraft:cornflower":1,"minecraft:sunflower":1,"minecraft:bread":5,"minecraft:iron_pickaxe":739,"minecraft:gravel":8,"minecraft:stone_axe":92,"minecraft:cobblestone":4,"minecraft:andesite":5,"minecraft:bucket":15}},"DataVersion":3120}