{"stats":{"minecraft:killed":{"minecraft:spider":8,"minecraft:skeleton":13,"minecraft:chicken":11,"minecraft:piglin":6,"minecraft:pig":2,"minecraft:creeper":4,"minecraft:sheep":9,"minecraft:zombie":27,"minecraft:blaze":2,"minecraft:horse":4,"minecraft:drowned":1,"alexsmobs:cockroach":1,"ars_nouveau:whirlisprig":1},"minecraft:dropped":{"byg:biomepedia":1,"minecraft:soul_sand":64,"ars_nouveau:novice_spell_book":1,"minecraft:orange_tulip":12,"minecraft:leather":1,"minecraft:flint":1,"minecraft:crimson_roots":1,"minecraft:sand":32,"byg:embur_gel_ball":2,"minecraft:gravel":1,"minecraft:white_tulip":5,"minecraft:sugar_cane":1,"alexsmobs:animal_dictionary":1,"minecraft:wheat":7,"minecraft:rotten_flesh":3,"create:brass_ingot":2,"create:wheat_flour":5,"minecraft:quartz":1,"minecraft:iron_ingot":40,"minecraft:bread":14,"byg:tall_embur_roots":1,"minecraft:wheat_seeds":2,"minecraft:feather":1,"minecraft:copper_ingot":35,"ars_nouveau:worn_notebook":1,"ars_nouveau:bombegranate_pod":1,"mekanism:salt":4,"minecraft:string":4,"minecraft:raw_iron":43,"create_new_age:magnetite_block":1,"create:zinc_ingot":35,"minecraft:oak_sapling":6,"minecraft:wooden_pickaxe":1,"minecraft:red_tulip":30},"minecraft:broken":{"minecraft:stone_pickaxe":1,"minecraft:stone_axe":1,"minecraft:stone_sword":1,"minecraft:iron_pickaxe":4},"minecraft:crafted":{"minecraft:oak_planks":107,"minecraft:cooked_chicken":8,"create:deployer":2,"minecraft:cooked_mutton":4,"minecraft:iron_boots":1,"create:cart_assembler":2,"minecraft:chest":8,"minecraft:rail":16,"minecraft:stone_hoe":1,"create:cogwheel":5,"create:brass_hand":2,"minecraft:raw_iron_block":15,"create:mechanical_plough":1,"minecraft:furnace_minecart":1,"create:depot":2,"minecraft:cooked_porkchop":4,"minecraft:crafting_table":2,"minecraft:wooden_pickaxe":1,"minecraft:iron_helmet":1,"create:sand_paper":1,"create:stressometer":1,"create:gearbox":1,"minecraft:iron_chestplate":1,"minecraft:shield":1,"create:super_glue":1,"minecraft:stick":115,"minecraft:iron_ingot":11,"minecraft:compass":1,"minecraft:iron_pickaxe":5,"minecraft:stone_sword":1,"create:large_cogwheel":3,"create:propeller":3,"minecraft:redstone":2,"comforts:sleeping_bag_white":1,"minecraft:furnace":5,"minecraft:bone_meal":21,"minecraft:raw_copper_block":11,"minecraft:iron_axe":1,"minecraft:slime_ball":4,"minecraft:stone_pickaxe":1,"minecraft:redstone_block":2,"create:electron_tube":2,"minecraft:minecart":3,"minecraft:bucket":1,"minecraft:stone_axe":1,"minecraft:air":654,"create:raw_zinc_block":3,"create:speedometer":1,"minecraft:iron_leggings":1,"create:shaft":16,"minecraft:torch":115,"minecraft:lapis_block":10,"ironchest:iron_chest":2},"minecraft:custom":{"minecraft:interact_with_crafting_table":47,"minecraft:leave_game":3,"minecraft:time_since_death":286682,"minecraft:sprint_one_cm":526324,"minecraft:damage_blocked_by_shield":1135,"minecraft:drop":87,"minecraft:play_time":314727,"minecraft:deaths":1,"minecraft:jump":4647,"minecraft:walk_on_water_one_cm":36888,"minecraft:interact_with_furnace":29,"minecraft:sleep_in_bed":15,"minecraft:waystone_activated":1,"minecraft:damage_dealt":14839,"minecraft:crouch_one_cm":151574,"minecraft:mob_kills":93,"minecraft:damage_dealt_resisted":16,"minecraft:climb_one_cm":778,"minecraft:walk_one_cm":581715,"minecraft:damage_dealt_absorbed":25,"minecraft:sneak_time":44589,"minecraft:walk_under_water_one_cm":34805,"minecraft:interact_with_blast_furnace":1,"minecraft:total_world_time":314727,"minecraft:interact_with_grindstone":1,"minecraft:time_since_rest":19861,"minecraft:damage_taken":3024,"minecraft:minecart_one_cm":456,"minecraft:swim_one_cm":32510,"minecraft:fly_one_cm":823625,"minecraft:open_chest":130,"minecraft:fall_one_cm":119966},"minecraft:killed_by":{"alexsmobs:centipede_head":1},"minecraft:mined":{"create:deepslate_zinc_ore":27,"create:andesite_casing":8,"minecraft:obsidian":9,"minecraft:granite":11,"minecraft:grass_block":21,"minecraft:soul_soil":3,"byg:tall_embur_roots":1,"minecraft:tall_seagrass":4,"byg:sythian_nylium":19,"minecraft:cobbled_deepslate":15,"minecraft:iron_ore":127,"minecraft:fire":3,"byg:blue_nether_quartz_ore":1,"byg:quartzite_sand":1,"minecraft:deepslate_lapis_ore":14,"minecraft:red_tulip":15,"create:mechanical_plough":1,"minecraft:oak_sign":1,"byg:tall_prairie_grass":2,"minecraft:deepslate_redstone_ore":25,"mekanism:osmium_ore":8,"minecraft:brown_mushroom":5,"minecraft:soul_fire":20,"mekanism:block_salt":1,"minecraft:torch":7,"minecraft:chest":2,"create:scoria":1,"mekanism:tin_ore":54,"minecraft:nether_quartz_ore":27,"minecraft:cobblestone":8,"minecraft:sugar_cane":2,"minecraft:oak_planks":7,"minecraft:wall_torch":6,"minecraft:seagrass":4,"byg:embur_nylium":5,"byg:soapstone":2,"byg:warped_coral_block":2,"minecraft:wheat":17,"byg:subzero_ash_block":64,"minecraft:orange_tulip":12,"minecraft:grass":34,"mekanism:deepslate_tin_ore":8,"minecraft:oak_log":43,"mekanism:lead_ore":2,"minecraft:sand":33,"minecraft:dirt":36,"minecraft:netherrack":366,"minecraft:oak_leaves":17,"minecraft:deepslate":76,"byg:travertine":24,"create:zinc_ore":36,"minecraft:nether_gold_ore":11,"minecraft:tuff":11,"minecraft:deepslate_diamond_ore":8,"ars_nouveau:green_archwood_leaves":1,"mekanism:deepslate_osmium_ore":4,"minecraft:lever":1,"minecraft:nether_bricks":5,"minecraft:crimson_roots":1,"create_new_age:thorium_ore":15,"byg:warped_cactus":2,"minecraft:hay_block":31,"minecraft:redstone_ore":4,"byg:blue_netherrack":79,"minecraft:furnace":9,"create:scorchia":9,"minecraft:andesite":71,"byg:hanging_sythian_roots_plant":1,"minecraft:deepslate_iron_ore":57,"minecraft:rail":7,"ironchest:iron_chest":2,"create:deployer":2,"minecraft:stone":116,"minecraft:white_tulip":5,"mekanism:deepslate_lead_ore":1,"ars_nouveau:green_archwood_log":1,"minecraft:soul_sand":1,"create_new_age:magnetite_block":2,"minecraft:crafting_table":11,"minecraft:cornflower":1,"byg:warped_soul_soil":1,"minecraft:campfire":1,"byg:sythian_stalk_block":1,"minecraft:tall_grass":6,"minecraft:copper_ore":41,"minecraft:deepslate_gold_ore":20,"minecraft:diorite":14,"create:blaze_burner":1,"byg:scoria_stone":3,"byg:wailing_grass":1,"minecraft:coal_ore":116,"byg:warped_bush":1,"minecraft:sunflower":1,"byg:embur_gel_block":2,"minecraft:gravel":16,"mekanism:deepslate_uranium_ore":5},"minecraft:picked_up":{"minecraft:iron_chestplate":1,"minecraft:wheat":18,"mekanism:raw_uranium":5,"ars_nouveau:bombegranate_pod":2,"byg:subzero_ash_block":68,"minecraft:string":7,"minecraft:raw_copper":244,"minecraft:soul_soil":3,"minecraft:iron_leggings":1,"minecraft:oak_sign":1,"minecraft:gold_nugget":47,"minecraft:cobbled_deepslate":121,"comforts:sleeping_bag_white":14,"minecraft:red_dye":30,"minecraft:white_tulip":5,"minecraft:iron_pickaxe":1,"minecraft:furnace":13,"minecraft:iron_boots":1,"minecraft:stick":9,"create:dough":4,"minecraft:torch":72,"create:andesite_casing":8,"minecraft:porkchop":4,"minecraft:diorite":16,"mekanism:raw_tin":60,"minecraft:stone_sword":1,"minecraft:rotten_flesh":37,"create:scoria":1,"minecraft:red_tulip":30,"byg:embur_gel_ball":2,"minecraft:blaze_rod":1,"minecraft:obsidian":9,"minecraft:cobblestone":140,"minecraft:furnace_minecart":2,"minecraft:feather":11,"minecraft:andesite":74,"minecraft:flint":3,"minecraft:tuff":11,"create:raw_zinc":58,"minecraft:lapis_lazuli":150,"minecraft:dirt":58,"create:mechanical_plough":1,"minecraft:bone":11,"minecraft:orange_tulip":12,"minecraft:bow":2,"minecraft:wheat_seeds":47,"minecraft:raw_gold":28,"create_new_age:magnetite_block":5,"byg:warped_coral_block":2,"byg:tall_embur_roots":1,"minecraft:oak_planks":38,"create:empty_blaze_burner":1,"minecraft:sand":33,"minecraft:diamond":9,"minecraft:lever":1,"minecraft:granite":17,"minecraft:crossbow":1,"byg:travertine":25,"minecraft:oak_sapling":6,"minecraft:netherrack":369,"minecraft:crimson_roots":1,"minecraft:charcoal":2,"minecraft:crafting_table":12,"create_new_age:thorium":38,"byg:soapstone":1,"minecraft:chicken":11,"minecraft:brown_mushroom":5,"minecraft:wooden_pickaxe":1,"minecraft:shield":1,"minecraft:cornflower":1,"create:scorchia":9,"minecraft:light_gray_wool":1,"minecraft:minecart":6,"minecraft:chest":2,"minecraft:sugar_cane":6,"minecraft:egg":6,"minecraft:raw_iron":190,"minecraft:orange_dye":24,"ironchest:iron_chest":2,"byg:sythian_stalk_block":14,"minecraft:white_dye":10,"minecraft:redstone":128,"create:deployer":2,"ars_nouveau:green_archwood_log":1,"minecraft:arrow":14,"minecraft:nether_bricks":5,"minecraft:hay_block":31,"byg:blue_netherrack":84,"minecraft:mutton":13,"minecraft:white_wool":8,"minecraft:rail":7,"create:iron_sheet":13,"mekanism:raw_lead":3,"minecraft:leather":5,"minecraft:oak_log":44,"minecraft:gunpowder":4,"byg:hanging_sythian_roots":3,"mekanism:salt":4,"byg:scoria_cobblestone":3,"alexsmobs:cockroach_wing_fragment":1,"minecraft:iron_ingot":95,"minecraft:soul_sand":65,"ars_nouveau:red_archwood_sapling":1,"minecraft:quartz":48,"byg:warped_soul_soil":1,"ars_nouveau:novice_spell_book":1,"minecraft:gravel":13,"byg:warped_cactus":2,"mekanism:raw_osmium":12,"minecraft:spider_eye":4,"create:wheat_flour":5,"minecraft:lime_dye":5,"create:brass_ingot":1,"minecraft:stone_axe":1,"minecraft:iron_helmet":1,"minecraft:coal":120,"minecraft:sunflower":1},"minecraft:used":{"byg:travertine":45,"create:deployer":8,"minecraft:iron_shovel":134,"create:scorchia":9,"minecraft:oak_sign":1,"minecraft:chest":8,"minecraft:shield":30,"minecraft:rotten_flesh":15,"minecraft:soul_sand":1,"minecraft:mutton":2,"create:minecart_contraption":2,"create:cogwheel":2,"ironchest:iron_chest":4,"minecraft:furnace_minecart":3,"create:depot":3,"minecraft:tuff":2,"ars_nouveau:bombegranate_pod":2,"minecraft:obsidian":1,"minecraft:lava_bucket":3,"minecraft:furnace":9,"create:mechanical_drill":18,"minecraft:egg":2,"ars_nouveau:green_archwood_log":1,"minecraft:diorite":8,"byg:warped_coral_block":2,"minecraft:stone_pickaxe":132,"minecraft:oak_planks":11,"minecraft:wooden_pickaxe":3,"create:mechanical_saw":2,"minecraft:lever":8,"minecraft:bread":40,"minecraft:gravel":8,"create:stressometer":1,"minecraft:andesite":5,"minecraft:stone_sword":136,"minecraft:flint_and_steel":1,"minecraft:stone_hoe":2,"minecraft:cooked_chicken":8,"minecraft:netherrack":346,"minecraft:torch":355,"minecraft:dirt":19,"create:mechanical_plough":2,"minecraft:granite":13,"create:wrench":65,"create:gearbox":1,"minecraft:iron_axe":110,"create:cart_assembler":9,"byg:blue_netherrack":84,"minecraft:minecart":7,"comforts:sleeping_bag_white":14,"minecraft:cobbled_deepslate":51,"minecraft:iron_leggings":1,"minecraft:wheat_seeds":17,"minecraft:cooked_mutton":3,"minecraft:water_bucket":16,"create:empty_blaze_burner":4,"create:blaze_burner":1,"create:furnace_minecart_contraption":2,"byg:warped_cactus":2,"minecraft:rail":17,"minecraft:crafting_table":12,"minecraft:oak_log":19,"minecraft:diamond_pickaxe":301,"minecraft:cornflower":1,"create:mechanical_press":1,"minecraft:sunflower":1,"minecraft:iron_pickaxe":1055,"byg:soapstone":1,"minecraft:stone_axe":92,"minecraft:cobblestone":169,"byg:warped_soul_soil":1,"minecraft:bucket":20,"create:hand_crank":3,"byg:subzero_ash_block":52}},"DataVersion":3120}