{"stats":{"minecraft:custom":{"minecraft:time_since_rest":5629,"minecraft:crouch_one_cm":2796,"minecraft:play_time":5629,"minecraft:sprint_one_cm":9367,"minecraft:walk_one_cm":4774,"minecraft:sneak_time":816,"minecraft:walk_under_water_one_cm":1434,"minecraft:drop":4,"minecraft:jump":100,"minecraft:time_since_death":5629,"minecraft:walk_on_water_one_cm":930,"minecraft:total_world_time":5629,"minecraft:swim_one_cm":5657,"minecraft:interact_with_crafting_table":4,"minecraft:fall_one_cm":3469,"minecraft:fly_one_cm":23655},"minecraft:picked_up":{"minecraft:raw_copper":23,"minecraft:crafting_table":1,"minecraft:oak_log":17,"minecraft:oak_sapling":4,"minecraft:cobblestone":29},"minecraft:mined":{"minecraft:grass":1,"minecraft:oak_log":16,"minecraft:copper_ore":8,"minecraft:stone":29,"minecraft:crafting_table":1,"minecraft:oak_leaves":1},"minecraft:used":{"minecraft:crafting_table":2,"minecraft:stone_pickaxe":34,"minecraft:wooden_pickaxe":3},"minecraft:dropped":{"byg:biomepedia":1,"ars_nouveau:worn_notebook":1,"alexsmobs:animal_dictionary":1,"minecraft:oak_sapling":4},"minecraft:crafted":{"minecraft:stone_sword":1,"minecraft:oak_planks":20,"minecraft:crafting_table":1,"minecraft:stick":2,"minecraft:wooden_pickaxe":1,"minecraft:air":73,"minecraft:stone_pickaxe":1}},"DataVersion":3120}