{"stats":{"minecraft:killed_by":{"alexsmobs:centipede_head":1},"minecraft:custom":{"minecraft:interact_with_furnace":28,"minecraft:mob_kills":57,"minecraft:interact_with_crafting_table":18,"minecraft:damage_dealt_resisted":16,"minecraft:time_since_death":61584,"minecraft:time_since_rest":61701,"minecraft:sprint_one_cm":175311,"minecraft:damage_taken":792,"minecraft:walk_one_cm":146707,"minecraft:damage_blocked_by_shield":1090,"minecraft:drop":7,"minecraft:damage_dealt":8862,"minecraft:damage_dealt_absorbed":25,"minecraft:swim_one_cm":5750,"minecraft:fly_one_cm":222960,"minecraft:open_chest":5,"minecraft:crouch_one_cm":42241,"minecraft:play_time":89629,"minecraft:deaths":1,"minecraft:sneak_time":16485,"minecraft:walk_under_water_one_cm":10075,"minecraft:jump":1338,"minecraft:walk_on_water_one_cm":4767,"minecraft:total_world_time":89629,"minecraft:fall_one_cm":32152},"minecraft:broken":{"minecraft:stone_pickaxe":1,"minecraft:stone_sword":1,"minecraft:iron_pickaxe":1},"minecraft:picked_up":{"minecraft:iron_chestplate":1,"minecraft:crafting_table":9,"minecraft:feather":10,"minecraft:chicken":8,"mekanism:raw_lead":3,"minecraft:andesite":12,"minecraft:leather":5,"minecraft:wooden_pickaxe":1,"minecraft:flint":1,"minecraft:tuff":2,"create:raw_zinc":35,"minecraft:oak_log":17,"minecraft:shield":1,"minecraft:gunpowder":2,"minecraft:string":5,"minecraft:lapis_lazuli":150,"minecraft:dirt":26,"minecraft:raw_copper":214,"minecraft:iron_leggings":1,"minecraft:bone":8,"minecraft:bow":2,"alexsmobs:cockroach_wing_fragment":1,"minecraft:cobbled_deepslate":83,"minecraft:raw_gold":28,"create_new_age:magnetite_block":1,"minecraft:iron_ingot":48,"minecraft:iron_pickaxe":1,"minecraft:light_gray_wool":1,"minecraft:egg":4,"minecraft:oak_planks":31,"minecraft:iron_boots":1,"minecraft:furnace":13,"minecraft:stick":3,"minecraft:raw_iron":178,"minecraft:torch":63,"minecraft:gravel":9,"minecraft:porkchop":4,"minecraft:spider_eye":2,"minecraft:diorite":14,"mekanism:raw_osmium":12,"minecraft:redstone":26,"mekanism:raw_tin":46,"minecraft:stone_sword":1,"minecraft:arrow":10,"minecraft:rotten_flesh":24,"minecraft:diamond":2,"minecraft:stone_axe":1,"minecraft:iron_helmet":1,"minecraft:granite":17,"minecraft:oak_sapling":4,"minecraft:mutton":8,"minecraft:coal":107,"minecraft:white_wool":5,"minecraft:cobblestone":77},"minecraft:mined":{"minecraft:deepslate_redstone_ore":5,"mekanism:deepslate_lead_ore":1,"create:deepslate_zinc_ore":27,"minecraft:tuff":2,"mekanism:osmium_ore":8,"minecraft:deepslate_diamond_ore":1,"create_new_age:magnetite_block":1,"mekanism:deepslate_osmium_ore":4,"minecraft:crafting_table":8,"minecraft:torch":3,"minecraft:granite":11,"minecraft:grass_block":5,"mekanism:tin_ore":38,"minecraft:tall_grass":5,"minecraft:copper_ore":31,"minecraft:deepslate_gold_ore":20,"minecraft:diorite":12,"minecraft:wall_torch":4,"minecraft:redstone_ore":1,"minecraft:furnace":9,"minecraft:iron_ore":115,"minecraft:cobbled_deepslate":12,"minecraft:andesite":9,"minecraft:deepslate_lapis_ore":14,"mekanism:lead_ore":2,"minecraft:grass":5,"mekanism:deepslate_tin_ore":8,"minecraft:oak_log":16,"minecraft:coal_ore":103,"minecraft:deepslate_iron_ore":57,"minecraft:gravel":10,"minecraft:dirt":17,"minecraft:stone":54,"byg:tall_prairie_grass":2,"minecraft:oak_leaves":1,"minecraft:deepslate":61,"create:zinc_ore":8},"minecraft:used":{"minecraft:cooked_mutton":3,"minecraft:water_bucket":1,"minecraft:diorite":8,"minecraft:stone_sword":136,"minecraft:stone_pickaxe":132,"minecraft:shield":29,"minecraft:wooden_pickaxe":3,"minecraft:cooked_chicken":2,"minecraft:rotten_flesh":15,"minecraft:torch":219,"minecraft:dirt":11,"minecraft:mutton":2,"minecraft:crafting_table":8,"minecraft:tuff":2,"minecraft:granite":13,"minecraft:iron_pickaxe":485,"minecraft:gravel":8,"minecraft:stone_axe":42,"minecraft:cobblestone":4,"minecraft:furnace":9,"minecraft:bucket":1,"minecraft:andesite":5,"minecraft:cobbled_deepslate":43,"minecraft:iron_leggings":1},"minecraft:killed":{"minecraft:pig":2,"minecraft:spider":6,"minecraft:creeper":1,"minecraft:horse":4,"minecraft:sheep":6,"minecraft:skeleton":9,"alexsmobs:cockroach":1,"minecraft:zombie":18,"minecraft:chicken":8},"minecraft:dropped":{"minecraft:gravel":1,"byg:biomepedia":1,"alexsmobs:animal_dictionary":1,"minecraft:flint":1,"ars_nouveau:worn_notebook":1,"minecraft:oak_sapling":4,"minecraft:wooden_pickaxe":1},"minecraft:crafted":{"minecraft:oak_planks":20,"minecraft:cooked_porkchop":4,"minecraft:crafting_table":1,"minecraft:cooked_chicken":8,"minecraft:wooden_pickaxe":1,"minecraft:iron_helmet":1,"minecraft:furnace":4,"minecraft:bucket":1,"minecraft:stone_axe":1,"minecraft:cooked_mutton":4,"minecraft:raw_copper_block":11,"minecraft:air":380,"create:raw_zinc_block":3,"minecraft:iron_boots":1,"minecraft:iron_chestplate":1,"minecraft:shield":1,"minecraft:stick":55,"minecraft:iron_ingot":11,"minecraft:iron_pickaxe":2,"minecraft:stone_pickaxe":1,"minecraft:stone_sword":1,"minecraft:iron_leggings":1,"minecraft:redstone_block":2,"minecraft:torch":67,"minecraft:lapis_block":10}},"DataVersion":3120}