{"stats":{"minecraft:killed_by":{"alexsmobs:centipede_head":1},"minecraft:broken":{"minecraft:stone_sword":1,"minecraft:stone_pickaxe":1,"minecraft:stone_axe":1,"minecraft:iron_pickaxe":2},"minecraft:custom":{"minecraft:mob_kills":68,"minecraft:interact_with_crafting_table":24,"minecraft:damage_dealt_resisted":16,"minecraft:leave_game":1,"minecraft:time_since_death":98639,"minecraft:climb_one_cm":750,"minecraft:sprint_one_cm":264601,"minecraft:walk_one_cm":188637,"minecraft:damage_blocked_by_shield":1135,"minecraft:drop":11,"minecraft:damage_dealt_absorbed":25,"minecraft:play_time":126684,"minecraft:deaths":1,"minecraft:sneak_time":21367,"minecraft:walk_under_water_one_cm":13405,"minecraft:jump":2128,"minecraft:interact_with_blast_furnace":1,"minecraft:walk_on_water_one_cm":5749,"minecraft:total_world_time":126684,"minecraft:interact_with_furnace":28,"minecraft:interact_with_grindstone":1,"minecraft:sleep_in_bed":7,"minecraft:time_since_rest":919,"minecraft:waystone_activated":1,"minecraft:damage_taken":962,"minecraft:damage_dealt":10091,"minecraft:swim_one_cm":10326,"minecraft:fly_one_cm":410078,"minecraft:open_chest":13,"minecraft:crouch_one_cm":60045,"minecraft:fall_one_cm":60026},"minecraft:picked_up":{"minecraft:charcoal":2,"minecraft:iron_chestplate":1,"minecraft:crafting_table":12,"minecraft:chicken":11,"minecraft:wooden_pickaxe":1,"minecraft:shield":1,"minecraft:string":5,"minecraft:raw_copper":214,"minecraft:iron_leggings":1,"minecraft:oak_sign":1,"minecraft:cobbled_deepslate":83,"comforts:sleeping_bag_white":6,"minecraft:iron_pickaxe":1,"minecraft:light_gray_wool":1,"minecraft:egg":6,"minecraft:furnace":13,"minecraft:iron_boots":1,"minecraft:stick":7,"minecraft:raw_iron":189,"minecraft:torch":63,"minecraft:porkchop":4,"minecraft:diorite":14,"minecraft:redstone":26,"mekanism:raw_tin":46,"ars_nouveau:green_archwood_log":1,"minecraft:arrow":12,"minecraft:stone_sword":1,"minecraft:rotten_flesh":32,"minecraft:hay_block":31,"minecraft:mutton":13,"minecraft:cobblestone":80,"minecraft:white_wool":8,"minecraft:feather":10,"mekanism:raw_lead":3,"minecraft:andesite":70,"minecraft:leather":5,"minecraft:flint":1,"minecraft:tuff":2,"create:raw_zinc":35,"minecraft:oak_log":44,"minecraft:gunpowder":2,"minecraft:lapis_lazuli":150,"minecraft:dirt":26,"minecraft:bone":8,"minecraft:bow":2,"alexsmobs:cockroach_wing_fragment":1,"minecraft:raw_gold":28,"create_new_age:magnetite_block":1,"minecraft:iron_ingot":48,"minecraft:oak_planks":38,"minecraft:gravel":9,"mekanism:raw_osmium":12,"minecraft:spider_eye":3,"minecraft:diamond":2,"minecraft:stone_axe":1,"minecraft:iron_helmet":1,"minecraft:granite":17,"minecraft:oak_sapling":6,"minecraft:coal":108},"minecraft:mined":{"create:zinc_ore":8,"create:deepslate_zinc_ore":27,"minecraft:tuff":2,"minecraft:deepslate_diamond_ore":1,"ars_nouveau:green_archwood_leaves":1,"mekanism:deepslate_osmium_ore":4,"minecraft:granite":11,"minecraft:grass_block":5,"minecraft:hay_block":31,"minecraft:redstone_ore":1,"minecraft:furnace":9,"minecraft:iron_ore":126,"minecraft:cobbled_deepslate":12,"minecraft:andesite":67,"minecraft:deepslate_lapis_ore":14,"minecraft:oak_sign":1,"minecraft:deepslate_iron_ore":57,"minecraft:stone":57,"byg:tall_prairie_grass":2,"mekanism:deepslate_lead_ore":1,"minecraft:deepslate_redstone_ore":5,"mekanism:osmium_ore":8,"ars_nouveau:green_archwood_log":1,"create_new_age:magnetite_block":1,"minecraft:crafting_table":11,"minecraft:torch":3,"mekanism:tin_ore":38,"minecraft:campfire":1,"minecraft:tall_grass":6,"minecraft:copper_ore":31,"minecraft:deepslate_gold_ore":20,"minecraft:oak_planks":7,"minecraft:diorite":12,"minecraft:wall_torch":4,"minecraft:grass":11,"mekanism:deepslate_tin_ore":8,"minecraft:oak_log":43,"minecraft:coal_ore":104,"mekanism:lead_ore":2,"minecraft:gravel":10,"minecraft:dirt":17,"minecraft:oak_leaves":17,"minecraft:deepslate":61},"minecraft:used":{"minecraft:stone_sword":136,"minecraft:oak_sign":1,"minecraft:shield":30,"minecraft:cooked_chicken":8,"minecraft:rotten_flesh":15,"minecraft:torch":236,"minecraft:dirt":11,"minecraft:mutton":2,"minecraft:tuff":2,"minecraft:granite":13,"minecraft:iron_axe":17,"minecraft:furnace":9,"minecraft:egg":2,"comforts:sleeping_bag_white":6,"minecraft:cobbled_deepslate":43,"ars_nouveau:green_archwood_log":1,"minecraft:iron_leggings":1,"minecraft:cooked_mutton":3,"minecraft:water_bucket":6,"minecraft:diorite":8,"minecraft:stone_pickaxe":132,"minecraft:oak_planks":7,"minecraft:wooden_pickaxe":3,"minecraft:crafting_table":12,"minecraft:oak_log":3,"minecraft:iron_pickaxe":558,"minecraft:gravel":8,"minecraft:stone_axe":92,"minecraft:cobblestone":4,"minecraft:andesite":5,"minecraft:bucket":7},"minecraft:killed":{"minecraft:spider":7,"minecraft:skeleton":10,"minecraft:horse":4,"minecraft:chicken":11,"minecraft:drowned":1,"minecraft:pig":2,"minecraft:creeper":1,"minecraft:sheep":9,"alexsmobs:cockroach":1,"minecraft:zombie":20},"minecraft:dropped":{"byg:biomepedia":1,"minecraft:leather":1,"minecraft:flint":1,"ars_nouveau:worn_notebook":1,"minecraft:string":4,"minecraft:gravel":1,"alexsmobs:animal_dictionary":1,"create_new_age:magnetite_block":1,"minecraft:oak_sapling":6,"minecraft:wooden_pickaxe":1},"minecraft:crafted":{"minecraft:oak_planks":20,"comforts:sleeping_bag_white":1,"minecraft:cooked_chicken":8,"minecraft:furnace":4,"minecraft:raw_copper_block":11,"minecraft:cooked_mutton":4,"minecraft:iron_boots":1,"minecraft:iron_axe":1,"minecraft:stone_pickaxe":1,"minecraft:redstone_block":2,"minecraft:raw_iron_block":15,"minecraft:cooked_porkchop":4,"minecraft:crafting_table":2,"minecraft:wooden_pickaxe":1,"minecraft:iron_helmet":1,"minecraft:bucket":1,"minecraft:stone_axe":1,"minecraft:air":397,"create:raw_zinc_block":3,"minecraft:iron_chestplate":1,"minecraft:shield":1,"minecraft:stick":59,"minecraft:iron_ingot":11,"minecraft:iron_pickaxe":3,"minecraft:stone_sword":1,"minecraft:iron_leggings":1,"minecraft:torch":67,"minecraft:lapis_block":10}},"DataVersion":3120}