{"stats":{"minecraft:killed_by":{"alexsmobs:centipede_head":1},"minecraft:killed":{"minecraft:spider":8,"minecraft:skeleton":13,"minecraft:chicken":11,"minecraft:piglin":6,"minecraft:pig":2,"minecraft:creeper":4,"minecraft:sheep":9,"minecraft:zombie":28,"minecraft:blaze":2,"minecraft:horse":4,"minecraft:drowned":1,"alexsmobs:cockroach":1,"ars_nouveau:whirlisprig":1},"minecraft:picked_up":{"minecraft:iron_chestplate":1,"minecraft:wheat":18,"mekanism:raw_uranium":5,"ars_nouveau:bombegranate_pod":2,"byg:subzero_ash_block":68,"minecraft:string":7,"minecraft:raw_copper":520,"minecraft:soul_soil":3,"minecraft:iron_leggings":1,"minecraft:oak_sign":1,"minecraft:gold_nugget":47,"minecraft:cobbled_deepslate":123,"comforts:sleeping_bag_white":15,"minecraft:red_dye":30,"minecraft:white_tulip":5,"minecraft:iron_pickaxe":1,"minecraft:furnace":13,"minecraft:iron_boots":1,"minecraft:stick":9,"create:dough":4,"minecraft:torch":74,"create:andesite_casing":8,"minecraft:porkchop":4,"minecraft:diorite":25,"mekanism:raw_tin":107,"minecraft:stone_sword":1,"minecraft:rotten_flesh":37,"create:scoria":1,"byg:embur_gel_ball":2,"minecraft:red_tulip":30,"create:asurine":1,"minecraft:blaze_rod":1,"minecraft:obsidian":9,"minecraft:cobblestone":190,"minecraft:furnace_minecart":2,"minecraft:feather":11,"minecraft:andesite":76,"minecraft:flint":3,"minecraft:tuff":12,"create:raw_zinc":81,"minecraft:lapis_lazuli":182,"minecraft:dirt":91,"create:mechanical_plough":1,"minecraft:bone":11,"minecraft:orange_tulip":12,"minecraft:bow":2,"minecraft:wheat_seeds":49,"minecraft:raw_gold":28,"create_new_age:magnetite_block":12,"byg:warped_coral_block":2,"byg:tall_embur_roots":1,"minecraft:oak_planks":38,"create:empty_blaze_burner":1,"minecraft:sand":33,"minecraft:diamond":9,"minecraft:lever":1,"minecraft:granite":18,"minecraft:crossbow":1,"byg:travertine":25,"minecraft:oak_sapling":6,"minecraft:netherrack":369,"minecraft:crimson_roots":1,"minecraft:charcoal":2,"minecraft:crafting_table":12,"create_new_age:thorium":38,"byg:soapstone":10,"minecraft:chicken":11,"minecraft:brown_mushroom":5,"minecraft:wooden_pickaxe":1,"minecraft:shield":1,"minecraft:cornflower":1,"create:scorchia":9,"minecraft:light_gray_wool":1,"minecraft:minecart":6,"minecraft:chest":2,"minecraft:sugar_cane":6,"minecraft:egg":6,"minecraft:raw_iron":262,"minecraft:orange_dye":24,"minecraft:copper_ingot":33,"ironchest:iron_chest":2,"byg:sythian_stalk_block":14,"minecraft:white_dye":10,"minecraft:redstone":128,"create:deployer":2,"ars_nouveau:green_archwood_log":1,"minecraft:arrow":14,"minecraft:nether_bricks":5,"minecraft:hay_block":31,"byg:blue_netherrack":84,"minecraft:mutton":13,"minecraft:white_wool":8,"minecraft:rail":7,"minecraft:oxeye_daisy":1,"create:iron_sheet":13,"mekanism:raw_lead":5,"minecraft:leather":5,"minecraft:oak_log":44,"minecraft:gunpowder":4,"byg:hanging_sythian_roots":3,"mekanism:salt":4,"byg:scoria_cobblestone":3,"alexsmobs:cockroach_wing_fragment":1,"minecraft:iron_ingot":101,"minecraft:soul_sand":65,"ars_nouveau:red_archwood_sapling":1,"minecraft:dandelion":1,"minecraft:quartz":48,"byg:warped_soul_soil":1,"minecraft:dripstone_block":47,"ars_nouveau:novice_spell_book":1,"minecraft:gravel":14,"byg:warped_cactus":2,"create_new_age:carbon_brushes":1,"mekanism:raw_osmium":43,"minecraft:spider_eye":4,"create:wheat_flour":5,"minecraft:lime_dye":5,"create:brass_ingot":1,"minecraft:stone_axe":1,"minecraft:iron_helmet":1,"minecraft:coal":212,"minecraft:sunflower":1},"minecraft:used":{"byg:travertine":45,"create:deployer":8,"minecraft:iron_shovel":172,"create:scorchia":9,"minecraft:oak_sign":2,"minecraft:chest":8,"minecraft:shield":30,"minecraft:rotten_flesh":15,"minecraft:soul_sand":1,"minecraft:mutton":2,"create:minecart_contraption":2,"create:cogwheel":2,"ironchest:iron_chest":4,"minecraft:furnace_minecart":3,"create:depot":3,"minecraft:tuff":3,"create:metal_girder":21,"ars_nouveau:bombegranate_pod":2,"minecraft:obsidian":1,"minecraft:lava_bucket":4,"create_new_age:magnetite_block":12,"create:shaft":2,"minecraft:furnace":9,"create:mechanical_drill":18,"minecraft:egg":2,"ars_nouveau:green_archwood_log":1,"minecraft:diorite":8,"byg:warped_coral_block":2,"minecraft:stone_pickaxe":132,"minecraft:oak_planks":11,"minecraft:wooden_pickaxe":3,"create:mechanical_saw":2,"minecraft:lever":8,"minecraft:bread":45,"create:asurine":1,"minecraft:gravel":12,"create:stressometer":1,"minecraft:andesite":9,"minecraft:stone_sword":136,"minecraft:flint_and_steel":1,"create_new_age:generator_coil":2,"minecraft:stone_hoe":2,"minecraft:cooked_chicken":8,"minecraft:netherrack":346,"minecraft:torch":381,"minecraft:dirt":19,"create:mechanical_plough":2,"minecraft:granite":13,"create:wrench":75,"create:gearbox":1,"minecraft:iron_axe":112,"create:cart_assembler":10,"byg:blue_netherrack":84,"minecraft:minecart":7,"comforts:sleeping_bag_white":15,"minecraft:cobbled_deepslate":51,"minecraft:iron_leggings":1,"minecraft:wheat_seeds":17,"minecraft:cooked_mutton":3,"minecraft:water_bucket":18,"create:empty_blaze_burner":4,"create:blaze_burner":1,"create:furnace_minecart_contraption":3,"byg:warped_cactus":2,"minecraft:rail":18,"minecraft:crafting_table":12,"minecraft:oak_log":19,"minecraft:diamond_pickaxe":810,"minecraft:cornflower":1,"create:mechanical_press":1,"minecraft:sunflower":1,"minecraft:iron_pickaxe":1055,"byg:soapstone":1,"minecraft:stone_axe":92,"minecraft:cobblestone":345,"byg:warped_soul_soil":1,"minecraft:bucket":22,"create:hand_crank":3,"create_new_age:carbon_brushes":4,"byg:subzero_ash_block":52},"minecraft:custom":{"minecraft:interact_with_crafting_table":48,"minecraft:leave_game":5,"minecraft:time_since_death":334175,"minecraft:sprint_one_cm":570937,"minecraft:damage_blocked_by_shield":1135,"minecraft:drop":95,"minecraft:play_time":362220,"minecraft:deaths":1,"minecraft:jump":5125,"minecraft:walk_on_water_one_cm":64448,"minecraft:interact_with_furnace":29,"minecraft:sleep_in_bed":16,"minecraft:waystone_activated":1,"minecraft:damage_dealt":15039,"minecraft:crouch_one_cm":172295,"minecraft:mob_kills":94,"minecraft:damage_dealt_resisted":16,"minecraft:climb_one_cm":778,"minecraft:walk_one_cm":633528,"minecraft:damage_dealt_absorbed":25,"minecraft:sneak_time":50365,"minecraft:walk_under_water_one_cm":51262,"minecraft:interact_with_blast_furnace":1,"minecraft:total_world_time":362220,"minecraft:interact_with_grindstone":1,"minecraft:time_since_rest":8664,"minecraft:damage_taken":3188,"minecraft:minecart_one_cm":456,"minecraft:swim_one_cm":55900,"minecraft:fly_one_cm":912453,"minecraft:open_chest":161,"minecraft:fall_one_cm":123341},"minecraft:mined":{"create:deepslate_zinc_ore":27,"create:andesite_casing":8,"minecraft:obsidian":9,"minecraft:granite":12,"minecraft:grass_block":54,"minecraft:soul_soil":3,"byg:tall_embur_roots":1,"minecraft:tall_seagrass":4,"byg:sythian_nylium":19,"minecraft:cobbled_deepslate":15,"minecraft:iron_ore":202,"minecraft:fire":3,"byg:blue_nether_quartz_ore":1,"byg:quartzite_sand":1,"minecraft:deepslate_lapis_ore":14,"create:asurine":1,"minecraft:red_tulip":15,"create:mechanical_plough":1,"minecraft:oak_sign":2,"byg:tall_prairie_grass":2,"minecraft:deepslate_redstone_ore":25,"mekanism:osmium_ore":39,"minecraft:brown_mushroom":5,"minecraft:soul_fire":20,"mekanism:block_salt":1,"minecraft:torch":9,"minecraft:chest":2,"create:scoria":1,"mekanism:tin_ore":109,"minecraft:nether_quartz_ore":27,"minecraft:cobblestone":22,"minecraft:sugar_cane":2,"minecraft:oak_planks":7,"minecraft:wall_torch":6,"minecraft:seagrass":4,"byg:embur_nylium":5,"byg:soapstone":11,"byg:warped_coral_block":2,"minecraft:wheat":17,"byg:subzero_ash_block":64,"minecraft:orange_tulip":12,"minecraft:grass":40,"mekanism:deepslate_tin_ore":8,"minecraft:oak_log":43,"mekanism:lead_ore":6,"minecraft:sand":33,"minecraft:dirt":36,"minecraft:netherrack":366,"minecraft:oak_leaves":17,"minecraft:deepslate":78,"byg:travertine":24,"create:zinc_ore":64,"minecraft:nether_gold_ore":11,"minecraft:tuff":12,"minecraft:deepslate_diamond_ore":8,"ars_nouveau:green_archwood_leaves":1,"mekanism:deepslate_osmium_ore":4,"minecraft:lever":1,"minecraft:nether_bricks":5,"minecraft:crimson_roots":1,"create_new_age:thorium_ore":15,"byg:warped_cactus":2,"minecraft:hay_block":31,"minecraft:redstone_ore":4,"byg:blue_netherrack":79,"minecraft:furnace":9,"create_new_age:carbon_brushes":1,"create:scorchia":9,"minecraft:andesite":73,"byg:hanging_sythian_roots_plant":1,"minecraft:deepslate_iron_ore":57,"minecraft:rail":7,"ironchest:iron_chest":2,"create:deployer":2,"minecraft:stone":156,"minecraft:white_tulip":5,"mekanism:deepslate_lead_ore":1,"ars_nouveau:green_archwood_log":1,"minecraft:soul_sand":1,"create_new_age:magnetite_block":9,"minecraft:crafting_table":11,"minecraft:cornflower":1,"minecraft:campfire":1,"byg:warped_soul_soil":1,"byg:sythian_stalk_block":1,"minecraft:tall_grass":13,"minecraft:copper_ore":121,"minecraft:deepslate_gold_ore":20,"minecraft:lapis_ore":5,"minecraft:diorite":23,"create:blaze_burner":1,"byg:scoria_stone":3,"byg:wailing_grass":1,"minecraft:coal_ore":209,"byg:warped_bush":1,"minecraft:sunflower":1,"byg:embur_gel_block":2,"minecraft:gravel":17,"minecraft:dripstone_block":48,"mekanism:deepslate_uranium_ore":5},"minecraft:crafted":{"minecraft:oak_planks":107,"minecraft:cooked_chicken":8,"create:deployer":2,"minecraft:cooked_mutton":4,"minecraft:iron_boots":1,"create:cart_assembler":2,"minecraft:chest":8,"minecraft:rail":16,"minecraft:stone_hoe":1,"create:cogwheel":5,"create:brass_hand":2,"minecraft:raw_iron_block":15,"create:mechanical_plough":1,"minecraft:furnace_minecart":1,"create:depot":2,"minecraft:cooked_porkchop":4,"minecraft:crafting_table":2,"minecraft:wooden_pickaxe":1,"minecraft:iron_helmet":1,"create:sand_paper":1,"create_new_age:carbon_brushes":1,"create:stressometer":1,"create:gearbox":1,"minecraft:iron_chestplate":1,"minecraft:shield":1,"create:super_glue":1,"minecraft:stick":119,"minecraft:iron_ingot":11,"minecraft:compass":1,"minecraft:iron_pickaxe":5,"minecraft:stone_sword":1,"create:large_cogwheel":3,"create:propeller":3,"minecraft:redstone":2,"comforts:sleeping_bag_white":1,"minecraft:furnace":5,"minecraft:bone_meal":21,"minecraft:raw_copper_block":11,"minecraft:iron_axe":1,"minecraft:slime_ball":4,"minecraft:stone_pickaxe":1,"create_new_age:generator_coil":1,"minecraft:redstone_block":2,"create:electron_tube":2,"minecraft:minecart":3,"minecraft:bucket":1,"create:andesite_alloy_block":1,"minecraft:stone_axe":1,"minecraft:air":670,"create:raw_zinc_block":3,"create:speedometer":1,"minecraft:iron_leggings":1,"create:shaft":24,"minecraft:torch":119,"minecraft:lapis_block":10,"ironchest:iron_chest":2},"minecraft:dropped":{"byg:biomepedia":1,"minecraft:soul_sand":64,"ars_nouveau:novice_spell_book":1,"minecraft:orange_tulip":12,"minecraft:leather":1,"minecraft:flint":1,"minecraft:dirt":33,"minecraft:crimson_roots":1,"minecraft:sand":32,"byg:embur_gel_ball":2,"minecraft:gravel":1,"minecraft:white_tulip":5,"minecraft:sugar_cane":1,"alexsmobs:animal_dictionary":1,"minecraft:wheat":7,"minecraft:rotten_flesh":3,"create:brass_ingot":2,"create:wheat_flour":5,"minecraft:quartz":1,"minecraft:iron_ingot":40,"minecraft:bread":14,"byg:tall_embur_roots":1,"minecraft:wheat_seeds":3,"minecraft:feather":1,"minecraft:granite":1,"minecraft:copper_ingot":35,"minecraft:oxeye_daisy":1,"ars_nouveau:worn_notebook":1,"ars_nouveau:bombegranate_pod":1,"mekanism:salt":4,"minecraft:string":4,"minecraft:dandelion":1,"minecraft:raw_copper":97,"minecraft:raw_iron":49,"create_new_age:magnetite_block":1,"create:zinc_ingot":35,"minecraft:oak_sapling":6,"minecraft:wooden_pickaxe":1,"minecraft:red_tulip":30},"minecraft:broken":{"minecraft:stone_pickaxe":1,"minecraft:stone_axe":1,"minecraft:stone_sword":1,"minecraft:iron_pickaxe":4}},"DataVersion":3120}