{"stats":{"minecraft:killed_by":{"minecraft:zombie":1},"minecraft:broken":{"minecraft:wooden_axe":1},"minecraft:custom":{"minecraft:interact_with_furnace":31,"minecraft:mob_kills":11,"minecraft:interact_with_crafting_table":11,"minecraft:leave_game":1,"minecraft:time_since_death":16370,"minecraft:time_since_rest":16400,"minecraft:sprint_one_cm":73261,"minecraft:damage_taken":485,"minecraft:walk_one_cm":40084,"minecraft:drop":1,"minecraft:damage_dealt":2110,"minecraft:swim_one_cm":2673,"minecraft:fly_one_cm":98260,"minecraft:crouch_one_cm":10457,"minecraft:play_time":23445,"minecraft:deaths":1,"minecraft:sneak_time":3590,"minecraft:walk_under_water_one_cm":365,"minecraft:jump":478,"minecraft:walk_on_water_one_cm":5648,"minecraft:total_world_time":23445,"minecraft:fall_one_cm":12442},"minecraft:picked_up":{"minecraft:wooden_axe":1,"byg:soapstone":2,"minecraft:crafting_table":2,"create_new_age:thorium":13,"minecraft:andesite":3,"mekanism:raw_uranium":2,"minecraft:leather":6,"minecraft:wooden_pickaxe":1,"create:raw_zinc":19,"minecraft:oak_log":14,"minecraft:lapis_lazuli":9,"minecraft:cobbled_deepslate":3,"minecraft:raw_gold":9,"minecraft:beef":16,"minecraft:stone_pickaxe":2,"minecraft:oak_planks":2,"minecraft:furnace":2,"minecraft:stick":2,"minecraft:raw_iron":48,"alexsmobs:animal_dictionary":1,"mekanism:raw_osmium":8,"mekanism:raw_tin":12,"byg:biomepedia":1,"minecraft:rotten_flesh":6,"ars_nouveau:worn_notebook":1,"minecraft:coal":22,"minecraft:cobblestone":25},"minecraft:mined":{"create:deepslate_zinc_ore":20,"mekanism:osmium_ore":8,"minecraft:crafting_table":2,"create_new_age:thorium_ore":4,"mekanism:tin_ore":5,"minecraft:lapis_ore":1,"minecraft:deepslate_gold_ore":9,"byg:soapstone":2,"minecraft:furnace":1,"minecraft:iron_ore":24,"minecraft:andesite":1,"minecraft:coal_ore":17,"mekanism:deepslate_tin_ore":7,"minecraft:oak_log":11,"minecraft:deepslate_iron_ore":14,"mekanism:deepslate_uranium_ore":2,"minecraft:stone":22,"minecraft:oak_leaves":1,"minecraft:deepslate":3},"minecraft:used":{"minecraft:stone_pickaxe":71,"minecraft:wooden_pickaxe":17,"minecraft:crafting_table":4,"minecraft:oak_log":1,"minecraft:wooden_axe":33,"minecraft:iron_pickaxe":53,"minecraft:furnace":2,"minecraft:cooked_beef":2},"minecraft:dropped":{"minecraft:stone_pickaxe":1},"minecraft:killed":{"minecraft:creeper":1,"minecraft:zombie":7,"minecraft:cow":3},"minecraft:crafted":{"minecraft:cooked_beef":8,"minecraft:oak_planks":6,"minecraft:crafting_table":2,"minecraft:wooden_pickaxe":1,"minecraft:furnace":1,"minecraft:air":43,"minecraft:iron_boots":1,"minecraft:iron_chestplate":1,"minecraft:shield":1,"minecraft:stick":2,"minecraft:iron_ingot":28,"minecraft:iron_pickaxe":1,"minecraft:stone_pickaxe":1,"minecraft:wooden_axe":1,"minecraft:iron_leggings":1}},"DataVersion":3120}