{"stats":{"minecraft:killed_by":{"minecraft:skeleton":1,"minecraft:zombie":1},"minecraft:broken":{"minecraft:wooden_pickaxe":2,"minecraft:stone_pickaxe":1,"minecraft:iron_pickaxe":1,"minecraft:golden_pickaxe":1,"minecraft:wooden_axe":1},"minecraft:custom":{"minecraft:mob_kills":25,"minecraft:interact_with_crafting_table":22,"minecraft:leave_game":3,"minecraft:time_since_death":57571,"minecraft:climb_one_cm":1023,"minecraft:sprint_one_cm":258870,"minecraft:walk_one_cm":139575,"minecraft:damage_blocked_by_shield":430,"minecraft:drop":37,"minecraft:talked_to_villager":1,"minecraft:play_time":86330,"minecraft:deaths":2,"minecraft:sneak_time":15492,"minecraft:walk_under_water_one_cm":7582,"minecraft:jump":1753,"minecraft:interact_with_blast_furnace":2,"minecraft:walk_on_water_one_cm":16995,"minecraft:total_world_time":86330,"minecraft:interact_with_furnace":43,"minecraft:sleep_in_bed":1,"minecraft:time_since_rest":11864,"minecraft:waystone_activated":1,"minecraft:damage_taken":1818,"minecraft:damage_dealt":4170,"minecraft:swim_one_cm":35127,"minecraft:fly_one_cm":331050,"minecraft:open_chest":14,"minecraft:crouch_one_cm":39179,"minecraft:fall_one_cm":44619},"minecraft:picked_up":{"minecraft:wooden_axe":1,"minecraft:fishing_rod":1,"minecraft:iron_chestplate":1,"minecraft:crafting_table":7,"byg:soapstone":2,"create_new_age:thorium":26,"mekanism:raw_uranium":6,"minecraft:stone_slab":2,"minecraft:wooden_pickaxe":3,"minecraft:gold_block":2,"minecraft:potion":1,"minecraft:string":6,"minecraft:iron_leggings":1,"minecraft:cobbled_deepslate":277,"comforts:sleeping_bag_white":1,"minecraft:beef":16,"minecraft:iron_pickaxe":1,"minecraft:iron_boots":1,"minecraft:furnace":4,"minecraft:stick":2,"minecraft:raw_iron":63,"minecraft:torch":2,"minecraft:spruce_fence":2,"minecraft:porkchop":24,"minecraft:diorite":12,"mekanism:raw_tin":46,"byg:biomepedia":3,"minecraft:arrow":14,"minecraft:rotten_flesh":13,"ars_nouveau:worn_notebook":2,"create:veridium":80,"minecraft:mutton":3,"minecraft:white_wool":5,"minecraft:cobblestone":53,"minecraft:cooked_beef":2,"mekanism:raw_lead":6,"minecraft:andesite":6,"minecraft:salmon":2,"minecraft:leather":10,"minecraft:tuff":15,"create:raw_zinc":62,"minecraft:oak_log":22,"minecraft:lapis_lazuli":18,"minecraft:cooked_mutton":1,"minecraft:leather_boots":1,"minecraft:apple":2,"minecraft:bow":1,"minecraft:wheat_seeds":4,"minecraft:raw_gold":42,"minecraft:stone_pickaxe":3,"minecraft:iron_ingot":35,"byg:subzero_crystal_shard":55,"minecraft:glass_bottle":2,"minecraft:oak_planks":2,"ars_elemental:yellow_archwood_log":32,"alexsmobs:animal_dictionary":2,"mekanism:raw_osmium":30,"minecraft:sugar":3,"mekanism:fluorite_gem":22,"byg:travertine":58,"minecraft:oak_sapling":1,"minecraft:coal":40,"minecraft:black_wool":1},"minecraft:mined":{"create:deepslate_zinc_ore":32,"minecraft:tuff":15,"mekanism:deepslate_osmium_ore":14,"minecraft:spruce_fence":2,"create_new_age:thorium_ore":4,"comforts:sleeping_bag_white":1,"minecraft:furnace":2,"minecraft:iron_ore":24,"minecraft:andesite":1,"minecraft:gold_block":2,"minecraft:deepslate_iron_ore":28,"byg:subzero_crystal_block":17,"minecraft:stone":36,"create:veridium":67,"minecraft:white_wool":3,"byg:tall_prairie_grass":9,"mekanism:deepslate_lead_ore":6,"mekanism:osmium_ore":8,"minecraft:dandelion":1,"minecraft:crafting_table":6,"minecraft:torch":1,"mekanism:tin_ore":5,"minecraft:stone_slab":1,"minecraft:tall_grass":14,"minecraft:cobblestone":1,"minecraft:deepslate_gold_ore":28,"minecraft:lapis_ore":1,"ars_elemental:yellow_archwood_log":33,"minecraft:diorite":12,"minecraft:wall_torch":1,"byg:soapstone":2,"mekanism:uranium_ore":1,"minecraft:grass":13,"mekanism:deepslate_tin_ore":23,"minecraft:coal_ore":17,"minecraft:oak_log":16,"byg:budding_subzero_crystal":3,"minecraft:sunflower":1,"mekanism:deepslate_fluorite_ore":3,"mekanism:deepslate_uranium_ore":2,"minecraft:oak_leaves":1,"minecraft:deepslate":209,"byg:travertine":57},"minecraft:used":{"minecraft:flint_and_steel":1,"minecraft:tropical_fish":1,"create:veridium":2,"minecraft:shield":10,"minecraft:cooked_salmon":2,"minecraft:rotten_flesh":2,"minecraft:torch":2,"minecraft:tuff":9,"minecraft:obsidian":2,"minecraft:wooden_axe":33,"minecraft:iron_axe":92,"minecraft:furnace":3,"minecraft:oak_sapling":1,"comforts:sleeping_bag_white":1,"minecraft:cooked_beef":8,"minecraft:cobbled_deepslate":5,"minecraft:cooked_mutton":1,"minecraft:diorite":12,"minecraft:stone_pickaxe":127,"minecraft:wooden_pickaxe":87,"minecraft:crafting_table":9,"minecraft:oak_log":1,"minecraft:apple":2,"minecraft:bread":5,"minecraft:iron_pickaxe":375,"byg:soapstone":2,"minecraft:potion":1,"minecraft:golden_pickaxe":50},"minecraft:killed":{"minecraft:witch":1,"minecraft:skeleton":2,"minecraft:cat":1,"minecraft:pig":6,"minecraft:creeper":1,"minecraft:sheep":2,"minecraft:zombie":9,"minecraft:cow":3},"minecraft:dropped":{"mekanism:fluorite_gem":11,"byg:biomepedia":1,"minecraft:bread":6,"minecraft:iron_ingot":24,"minecraft:porkchop":12,"minecraft:wheat_seeds":4,"minecraft:glass_bottle":2,"minecraft:apple":5,"minecraft:sugar":1,"minecraft:string":2,"minecraft:white_wool":2,"minecraft:cobbled_deepslate":39,"minecraft:rotten_flesh":5,"minecraft:iron_boots":1,"minecraft:andesite":3,"byg:subzero_crystal_shard":1,"minecraft:arrow":14,"minecraft:stone_pickaxe":1,"minecraft:black_wool":1},"minecraft:crafted":{"minecraft:oak_planks":14,"minecraft:cobblestone_slab":1,"comforts:sleeping_bag_white":1,"minecraft:furnace":1,"minecraft:iron_boots":1,"minecraft:iron_axe":1,"minecraft:stone_pickaxe":1,"minecraft:chest":1,"minecraft:cooked_beef":8,"sophisticatedbackpacks:backpack":1,"minecraft:crafting_table":3,"minecraft:wooden_pickaxe":1,"minecraft:iron_helmet":1,"minecraft:cooked_salmon":2,"minecraft:air":112,"minecraft:iron_chestplate":1,"minecraft:shield":2,"minecraft:stick":8,"minecraft:iron_ingot":39,"minecraft:iron_pickaxe":2,"minecraft:wooden_axe":1,"minecraft:gold_ingot":2,"minecraft:iron_leggings":1}},"DataVersion":3120}