{"stats":{"minecraft:killed_by":{"minecraft:skeleton":1,"minecraft:zombie":1},"minecraft:custom":{"minecraft:interact_with_furnace":43,"minecraft:mob_kills":24,"minecraft:interact_with_crafting_table":22,"minecraft:leave_game":3,"minecraft:time_since_death":45571,"minecraft:climb_one_cm":1023,"minecraft:waystone_activated":1,"minecraft:time_since_rest":45606,"minecraft:damage_taken":1743,"minecraft:sprint_one_cm":219606,"minecraft:walk_one_cm":120265,"minecraft:damage_blocked_by_shield":430,"minecraft:drop":16,"minecraft:damage_dealt":4085,"minecraft:talked_to_villager":1,"minecraft:swim_one_cm":26135,"minecraft:fly_one_cm":264803,"minecraft:open_chest":9,"minecraft:play_time":74330,"minecraft:crouch_one_cm":30603,"minecraft:deaths":2,"minecraft:sneak_time":13813,"minecraft:walk_under_water_one_cm":7181,"minecraft:jump":1470,"minecraft:interact_with_blast_furnace":2,"minecraft:walk_on_water_one_cm":15059,"minecraft:total_world_time":74330,"minecraft:fall_one_cm":36066},"minecraft:broken":{"minecraft:stone_pickaxe":1,"minecraft:iron_pickaxe":1,"minecraft:wooden_axe":1,"minecraft:wooden_pickaxe":2},"minecraft:picked_up":{"minecraft:crafting_table":7,"minecraft:iron_chestplate":1,"create_new_age:thorium":26,"byg:soapstone":2,"minecraft:cooked_beef":2,"minecraft:salmon":2,"mekanism:raw_uranium":6,"mekanism:raw_lead":6,"minecraft:andesite":6,"minecraft:leather":10,"minecraft:stone_slab":2,"minecraft:wooden_pickaxe":3,"minecraft:potion":1,"minecraft:tuff":15,"create:raw_zinc":62,"minecraft:oak_log":22,"minecraft:string":6,"minecraft:lapis_lazuli":18,"minecraft:iron_leggings":1,"minecraft:leather_boots":1,"minecraft:cooked_mutton":1,"minecraft:apple":2,"minecraft:bow":1,"minecraft:wheat_seeds":3,"minecraft:cobbled_deepslate":277,"minecraft:raw_gold":42,"minecraft:iron_ingot":35,"minecraft:beef":16,"minecraft:stone_pickaxe":3,"minecraft:iron_pickaxe":1,"minecraft:glass_bottle":2,"minecraft:oak_planks":2,"minecraft:iron_boots":1,"minecraft:furnace":4,"minecraft:raw_iron":63,"minecraft:stick":2,"minecraft:torch":2,"minecraft:spruce_fence":2,"minecraft:porkchop":24,"minecraft:diorite":12,"mekanism:raw_osmium":30,"mekanism:raw_tin":46,"alexsmobs:animal_dictionary":2,"byg:biomepedia":2,"minecraft:rotten_flesh":13,"minecraft:sugar":2,"ars_nouveau:worn_notebook":2,"mekanism:fluorite_gem":22,"create:veridium":80,"minecraft:black_wool":1,"minecraft:oak_sapling":1,"minecraft:mutton":1,"minecraft:white_wool":4,"minecraft:coal":40,"minecraft:fishing_rod":1,"minecraft:cobblestone":53,"minecraft:wooden_axe":1},"minecraft:mined":{"mekanism:deepslate_lead_ore":6,"create:deepslate_zinc_ore":32,"minecraft:tuff":15,"mekanism:osmium_ore":8,"minecraft:dandelion":1,"mekanism:deepslate_osmium_ore":14,"minecraft:crafting_table":6,"minecraft:torch":1,"minecraft:spruce_fence":2,"mekanism:tin_ore":5,"create_new_age:thorium_ore":4,"minecraft:stone_slab":1,"minecraft:cobblestone":1,"minecraft:tall_grass":13,"minecraft:lapis_ore":1,"minecraft:deepslate_gold_ore":28,"minecraft:diorite":12,"minecraft:wall_torch":1,"comforts:sleeping_bag_white":1,"mekanism:uranium_ore":1,"byg:soapstone":2,"minecraft:furnace":2,"minecraft:iron_ore":24,"minecraft:andesite":1,"minecraft:grass":13,"mekanism:deepslate_tin_ore":23,"minecraft:oak_log":16,"minecraft:coal_ore":17,"minecraft:deepslate_iron_ore":28,"mekanism:deepslate_fluorite_ore":3,"mekanism:deepslate_uranium_ore":2,"minecraft:white_wool":3,"minecraft:stone":36,"create:veridium":67,"minecraft:oak_leaves":1,"minecraft:deepslate":209},"minecraft:used":{"minecraft:diorite":12,"minecraft:tropical_fish":1,"minecraft:stone_pickaxe":127,"create:veridium":2,"minecraft:wooden_pickaxe":87,"minecraft:shield":10,"minecraft:cooked_salmon":2,"minecraft:rotten_flesh":2,"minecraft:torch":2,"minecraft:crafting_table":9,"minecraft:tuff":9,"minecraft:oak_log":1,"minecraft:wooden_axe":33,"minecraft:apple":2,"minecraft:iron_axe":56,"minecraft:bread":1,"minecraft:iron_pickaxe":346,"byg:soapstone":2,"minecraft:potion":1,"minecraft:oak_sapling":1,"minecraft:furnace":3,"minecraft:cooked_beef":8,"minecraft:cobbled_deepslate":2,"minecraft:cooked_mutton":1},"minecraft:killed":{"minecraft:pig":6,"minecraft:witch":1,"minecraft:creeper":1,"minecraft:sheep":1,"minecraft:skeleton":2,"minecraft:zombie":9,"minecraft:cat":1,"minecraft:cow":3},"minecraft:dropped":{"mekanism:fluorite_gem":11,"minecraft:iron_ingot":24,"minecraft:porkchop":12,"minecraft:wheat_seeds":3,"minecraft:cobbled_deepslate":39,"minecraft:glass_bottle":2,"minecraft:rotten_flesh":5,"minecraft:andesite":3,"minecraft:stone_pickaxe":1,"minecraft:sugar":1,"minecraft:black_wool":1},"minecraft:crafted":{"minecraft:cooked_beef":8,"minecraft:oak_planks":14,"minecraft:cobblestone_slab":1,"sophisticatedbackpacks:backpack":1,"minecraft:crafting_table":3,"comforts:sleeping_bag_white":1,"minecraft:wooden_pickaxe":1,"minecraft:iron_helmet":1,"minecraft:furnace":1,"minecraft:cooked_salmon":2,"minecraft:air":94,"minecraft:iron_boots":1,"minecraft:iron_chestplate":1,"minecraft:shield":2,"minecraft:iron_axe":1,"minecraft:stick":8,"minecraft:iron_ingot":39,"minecraft:iron_pickaxe":2,"minecraft:stone_pickaxe":1,"minecraft:wooden_axe":1,"minecraft:chest":1,"minecraft:iron_leggings":1}},"DataVersion":3120}