{"stats":{"minecraft:killed_by":{"minecraft:skeleton":1,"minecraft:zombie":1},"minecraft:broken":{"minecraft:wooden_axe":1},"minecraft:custom":{"minecraft:interact_with_furnace":32,"minecraft:mob_kills":13,"minecraft:interact_with_crafting_table":15,"minecraft:leave_game":1,"minecraft:time_since_death":6686,"minecraft:time_since_rest":6721,"minecraft:sprint_one_cm":111046,"minecraft:damage_taken":1429,"minecraft:walk_one_cm":52909,"minecraft:damage_blocked_by_shield":400,"minecraft:drop":2,"minecraft:damage_dealt":2758,"minecraft:swim_one_cm":2673,"minecraft:fly_one_cm":162599,"minecraft:crouch_one_cm":18645,"minecraft:play_time":35445,"minecraft:deaths":2,"minecraft:sneak_time":7043,"minecraft:walk_under_water_one_cm":365,"minecraft:jump":772,"minecraft:walk_on_water_one_cm":7355,"minecraft:total_world_time":35445,"minecraft:fall_one_cm":20832},"minecraft:picked_up":{"minecraft:wooden_axe":1,"minecraft:iron_chestplate":1,"byg:soapstone":2,"minecraft:crafting_table":5,"create_new_age:thorium":26,"minecraft:cooked_beef":2,"minecraft:andesite":6,"mekanism:raw_uranium":6,"minecraft:leather":9,"minecraft:wooden_pickaxe":3,"minecraft:potion":1,"create:raw_zinc":62,"minecraft:oak_log":17,"minecraft:lapis_lazuli":18,"minecraft:iron_leggings":1,"minecraft:cooked_mutton":1,"minecraft:bow":1,"minecraft:cobbled_deepslate":24,"minecraft:raw_gold":28,"minecraft:iron_ingot":25,"minecraft:beef":16,"minecraft:stone_pickaxe":3,"minecraft:iron_pickaxe":1,"minecraft:glass_bottle":1,"minecraft:oak_planks":2,"minecraft:iron_boots":1,"minecraft:furnace":4,"minecraft:stick":2,"minecraft:raw_iron":53,"minecraft:diorite":12,"alexsmobs:animal_dictionary":2,"mekanism:raw_osmium":30,"mekanism:raw_tin":37,"byg:biomepedia":2,"minecraft:sugar":2,"minecraft:rotten_flesh":12,"ars_nouveau:worn_notebook":2,"mekanism:fluorite_gem":22,"create:veridium":32,"minecraft:coal":40,"minecraft:cobblestone":52},"minecraft:mined":{"create:deepslate_zinc_ore":32,"mekanism:osmium_ore":8,"mekanism:deepslate_osmium_ore":14,"minecraft:crafting_table":4,"create_new_age:thorium_ore":4,"mekanism:tin_ore":5,"minecraft:lapis_ore":1,"minecraft:deepslate_gold_ore":14,"minecraft:diorite":12,"mekanism:uranium_ore":1,"byg:soapstone":2,"minecraft:furnace":2,"minecraft:iron_ore":24,"minecraft:andesite":1,"minecraft:coal_ore":17,"mekanism:deepslate_tin_ore":14,"minecraft:oak_log":11,"minecraft:deepslate_iron_ore":18,"mekanism:deepslate_fluorite_ore":3,"mekanism:deepslate_uranium_ore":2,"minecraft:stone":36,"create:veridium":18,"minecraft:oak_leaves":1,"minecraft:deepslate":9},"minecraft:used":{"minecraft:cooked_mutton":1,"minecraft:diorite":4,"minecraft:stone_pickaxe":75,"create:veridium":2,"minecraft:shield":9,"minecraft:wooden_pickaxe":43,"minecraft:crafting_table":5,"minecraft:oak_log":1,"minecraft:wooden_axe":33,"minecraft:iron_axe":1,"minecraft:iron_pickaxe":135,"byg:soapstone":2,"minecraft:potion":1,"minecraft:furnace":2,"minecraft:cooked_beef":6},"minecraft:killed":{"minecraft:witch":1,"minecraft:creeper":1,"minecraft:zombie":8,"minecraft:cow":3},"minecraft:dropped":{"mekanism:fluorite_gem":11,"minecraft:stone_pickaxe":1},"minecraft:crafted":{"minecraft:cooked_beef":8,"minecraft:oak_planks":9,"minecraft:crafting_table":2,"minecraft:wooden_pickaxe":1,"minecraft:iron_helmet":1,"minecraft:furnace":1,"minecraft:air":58,"minecraft:iron_boots":1,"minecraft:iron_chestplate":1,"minecraft:shield":2,"minecraft:iron_axe":1,"minecraft:stick":6,"minecraft:iron_ingot":28,"minecraft:iron_pickaxe":1,"minecraft:stone_pickaxe":1,"minecraft:wooden_axe":1,"minecraft:iron_leggings":1}},"DataVersion":3120}