{"stats":{"minecraft:custom":{"minecraft:time_since_rest":3091,"minecraft:crouch_one_cm":480,"minecraft:play_time":3091,"minecraft:sprint_one_cm":11223,"minecraft:damage_taken":40,"minecraft:walk_one_cm":1496,"minecraft:sneak_time":366,"minecraft:walk_under_water_one_cm":345,"minecraft:mob_kills":3,"minecraft:jump":72,"minecraft:damage_dealt":300,"minecraft:leave_game":1,"minecraft:time_since_death":3091,"minecraft:walk_on_water_one_cm":193,"minecraft:total_world_time":3091,"minecraft:fall_one_cm":1581,"minecraft:swim_one_cm":2673,"minecraft:interact_with_crafting_table":2,"minecraft:fly_one_cm":19190},"minecraft:picked_up":{"minecraft:leather":3,"minecraft:beef":8,"minecraft:oak_log":10},"minecraft:mined":{"minecraft:oak_log":11,"minecraft:oak_leaves":1},"minecraft:used":{"minecraft:oak_log":1,"minecraft:wooden_axe":8,"minecraft:crafting_table":1},"minecraft:killed":{"minecraft:cow":3},"minecraft:crafted":{"minecraft:oak_planks":5,"minecraft:crafting_table":1,"minecraft:stick":1,"minecraft:wooden_pickaxe":1,"minecraft:air":27,"minecraft:wooden_axe":1}},"DataVersion":3120}