{"stats":{"minecraft:killed_by":{"minecraft:zombie":1},"minecraft:custom":{"minecraft:time_since_rest":4400,"minecraft:interact_with_furnace":9,"minecraft:sprint_one_cm":43951,"minecraft:damage_taken":385,"minecraft:walk_one_cm":16236,"minecraft:mob_kills":7,"minecraft:damage_dealt":1205,"minecraft:interact_with_crafting_table":7,"minecraft:swim_one_cm":2673,"minecraft:fly_one_cm":64805,"minecraft:crouch_one_cm":3313,"minecraft:play_time":11445,"minecraft:deaths":1,"minecraft:sneak_time":1275,"minecraft:walk_under_water_one_cm":365,"minecraft:jump":293,"minecraft:leave_game":1,"minecraft:time_since_death":4370,"minecraft:walk_on_water_one_cm":5648,"minecraft:total_world_time":11445,"minecraft:fall_one_cm":7808},"minecraft:picked_up":{"minecraft:wooden_axe":1,"minecraft:stick":2,"minecraft:crafting_table":1,"minecraft:raw_iron":23,"minecraft:leather":6,"minecraft:wooden_pickaxe":1,"minecraft:oak_log":14,"alexsmobs:animal_dictionary":1,"byg:biomepedia":1,"minecraft:rotten_flesh":1,"ars_nouveau:worn_notebook":1,"minecraft:beef":16,"minecraft:stone_pickaxe":1,"minecraft:oak_planks":2,"minecraft:coal":10,"minecraft:cobblestone":13,"minecraft:furnace":1},"minecraft:mined":{"minecraft:iron_ore":13,"minecraft:crafting_table":1,"minecraft:oak_log":11,"minecraft:coal_ore":5,"minecraft:stone":12,"minecraft:oak_leaves":1},"minecraft:used":{"minecraft:oak_log":1,"minecraft:wooden_axe":21,"minecraft:stone_pickaxe":13,"minecraft:wooden_pickaxe":17,"minecraft:crafting_table":3,"minecraft:furnace":1},"minecraft:killed":{"minecraft:zombie":3,"minecraft:creeper":1,"minecraft:cow":3},"minecraft:crafted":{"minecraft:oak_planks":6,"minecraft:shield":1,"minecraft:crafting_table":2,"minecraft:stick":2,"minecraft:iron_ingot":13,"minecraft:wooden_pickaxe":1,"minecraft:stone_pickaxe":1,"minecraft:wooden_axe":1,"minecraft:furnace":1,"minecraft:air":39}},"DataVersion":3120}