{"stats":{"minecraft:custom":{"minecraft:time_since_rest":9840,"minecraft:interact_with_furnace":1,"minecraft:sprint_one_cm":33661,"minecraft:damage_taken":110,"minecraft:walk_one_cm":13268,"minecraft:mob_kills":15,"minecraft:drop":3,"minecraft:damage_dealt":1455,"minecraft:interact_with_crafting_table":4,"minecraft:fly_one_cm":41727,"minecraft:crouch_one_cm":2684,"minecraft:play_time":9840,"minecraft:sneak_time":1038,"minecraft:walk_under_water_one_cm":444,"minecraft:jump":205,"minecraft:leave_game":1,"minecraft:walk_on_water_one_cm":3814,"minecraft:time_since_death":9840,"minecraft:total_world_time":9840,"minecraft:fall_one_cm":5736},"minecraft:killed":{"minecraft:sheep":8,"minecraft:zombie":1,"minecraft:pig":4,"minecraft:cow":1},"minecraft:used":{"minecraft:stone_pickaxe":20,"minecraft:wooden_pickaxe":29,"minecraft:torch":3,"minecraft:stone_axe":21,"minecraft:crafting_table":3,"minecraft:furnace":1,"alexsmobs:animal_dictionary":2,"minecraft:egg":2},"minecraft:picked_up":{"minecraft:raw_iron":3,"minecraft:crafting_table":2,"minecraft:leather":1,"minecraft:porkchop":7,"minecraft:oak_log":5,"alexsmobs:animal_dictionary":1,"byg:biomepedia":1,"minecraft:wheat_seeds":1,"ars_nouveau:worn_notebook":1,"minecraft:beef":1,"minecraft:black_wool":1,"minecraft:coal":9,"minecraft:mutton":12,"minecraft:sunflower":1,"minecraft:white_wool":7,"minecraft:cobblestone":27,"minecraft:egg":2},"minecraft:mined":{"minecraft:iron_ore":3,"minecraft:crafting_table":2,"minecraft:grass":1,"minecraft:coal_ore":10,"minecraft:oak_log":5,"minecraft:sunflower":1,"minecraft:tall_grass":1,"minecraft:stone":27},"minecraft:crafted":{"minecraft:oak_planks":5,"minecraft:crafting_table":1,"minecraft:stick":2,"minecraft:wooden_pickaxe":1,"minecraft:stone_pickaxe":1,"minecraft:furnace":1,"minecraft:torch":2,"minecraft:stone_axe":1,"minecraft:air":41},"minecraft:dropped":{"ars_nouveau:worn_notebook":1,"minecraft:wheat_seeds":1,"alexsmobs:animal_dictionary":1}},"DataVersion":3120}