{"stats":{"minecraft:dropped":{"byg:biomepedia":1,"minecraft:iron_ingot":9,"minecraft:porkchop":12,"minecraft:wheat_seeds":4,"minecraft:feather":1,"minecraft:cobblestone":15,"ars_nouveau:blue_archwood_leaves":133,"minecraft:stick":2,"minecraft:pufferfish":8,"ars_nouveau:worn_notebook":1,"ars_nouveau:bombegranate_pod":2,"minecraft:diorite":2,"minecraft:torch":736,"minecraft:brown_wool":1,"minecraft:sunflower":13,"minecraft:iron_pickaxe":1,"minecraft:fishing_rod":2,"minecraft:white_wool":3,"alexsmobs:animal_dictionary":3,"minecraft:cobbled_deepslate":67,"minecraft:tuff":2,"minecraft:rotten_flesh":9,"minecraft:cooked_mutton":3,"ars_nouveau:archwood_slab":3,"minecraft:shears":1,"minecraft:salmon":2,"create_new_age:magnetite_block":1,"minecraft:chest":2,"minecraft:white_dye":3,"minecraft:wooden_pickaxe":1,"minecraft:arrow":8,"minecraft:bow":1,"minecraft:stone_hoe":2,"minecraft:egg":1},"minecraft:picked_up":{"ars_nouveau:red_archwood_log":110,"minecraft:fishing_rod":3,"minecraft:wheat":1,"minecraft:crafting_table":4,"byg:soapstone":17,"mekanism:raw_uranium":24,"ars_nouveau:blue_archwood_sapling":6,"ars_nouveau:bombegranate_pod":5,"ars_nouveau:archwood_planks":12,"ars_nouveau:archwood_slab":3,"minecraft:string":4,"minecraft:iron_axe":2,"minecraft:raw_copper":50,"minecraft:iron_leggings":1,"minecraft:pufferfish":8,"ars_nouveau:dowsing_rod":1,"minecraft:cobbled_deepslate":276,"minecraft:bucket":1,"minecraft:beef":2,"ars_nouveau:mendosteen_pod":5,"minecraft:iron_pickaxe":3,"ars_elemental:flashpine_pod":12,"minecraft:sugar_cane":8,"minecraft:chest":4,"minecraft:iron_boots":1,"minecraft:furnace":2,"minecraft:egg":3,"minecraft:stick":22,"minecraft:raw_iron":67,"minecraft:oak_door":2,"minecraft:torch":816,"ars_nouveau:blue_archwood_log":70,"minecraft:porkchop":15,"ars_nouveau:frostaya_pod":11,"minecraft:diorite":11,"mekanism:raw_tin":16,"ars_nouveau:green_archwood_log":74,"minecraft:rotten_flesh":16,"minecraft:arrow":8,"minecraft:tropical_fish":1,"ars_nouveau:agronomic_sourcelink":1,"ars_nouveau:worn_notebook":4,"minecraft:shears":1,"ars_nouveau:imbuement_chamber":1,"create:veridium":10,"ars_elemental:yellow_archwood_leaves":46,"minecraft:mutton":6,"minecraft:cobblestone":210,"minecraft:cod":3,"minecraft:skeleton_skull":1,"minecraft:white_wool":3,"minecraft:sponge":1,"minecraft:feather":1,"minecraft:glow_ink_sac":3,"mekanism:raw_lead":11,"minecraft:andesite":3,"minecraft:salmon":3,"minecraft:brown_wool":1,"minecraft:potato":4,"ars_elemental:yellow_archwood_sapling":14,"minecraft:tuff":2,"create:raw_zinc":20,"minecraft:oak_log":16,"ars_nouveau:scribes_table":2,"minecraft:lapis_lazuli":38,"minecraft:dirt":4,"minecraft:cooked_mutton":2,"ars_nouveau:green_archwood_sapling":8,"minecraft:bone":8,"minecraft:apple":10,"minecraft:bow":1,"ars_nouveau:source_gem":3,"minecraft:wheat_seeds":6,"create_new_age:magnetite_block":4,"minecraft:iron_ingot":39,"byg:subzero_crystal_shard":18,"minecraft:oak_planks":14,"minecraft:stone_hoe":2,"minecraft:smooth_basalt":1,"ars_nouveau:source_jar":1,"minecraft:pumpkin":5,"ars_nouveau:red_archwood_sapling":18,"minecraft:gravel":22,"minecraft:sand":3,"ars_nouveau:blue_archwood_leaves":168,"ars_elemental:yellow_archwood_log":33,"ars_nouveau:sourcestone":2,"alexsmobs:animal_dictionary":4,"mekanism:raw_osmium":28,"ars_nouveau:green_archwood_leaves":37,"minecraft:iron_helmet":1,"byg:travertine":46,"mekanism:fluorite_gem":19,"minecraft:bread":6,"minecraft:black_wool":1,"minecraft:coal":32,"minecraft:iron_chestplate":1,"minecraft:charcoal":2,"minecraft:sunflower":22},"minecraft:killed":{"minecraft:spider":3,"minecraft:skeleton":5,"minecraft:pig":3,"minecraft:sheep":4,"minecraft:pillager":1,"minecraft:zombie":6,"ars_nouveau:whirlisprig":2,"alexsmobs:crow":1,"minecraft:glow_squid":1,"minecraft:cow":1},"minecraft:custom":{"minecraft:mob_kills":29,"minecraft:interact_with_crafting_table":34,"minecraft:leave_game":4,"minecraft:time_since_death":35112,"minecraft:climb_one_cm":567,"minecraft:sprint_one_cm":181519,"minecraft:walk_one_cm":457972,"minecraft:drop":456,"minecraft:play_time":209603,"minecraft:deaths":1,"minecraft:sneak_time":1547,"minecraft:walk_under_water_one_cm":45758,"minecraft:jump":2182,"minecraft:interact_with_blast_furnace":1,"minecraft:walk_on_water_one_cm":32285,"minecraft:total_world_time":209603,"minecraft:interact_with_furnace":28,"minecraft:sleep_in_bed":8,"minecraft:time_since_rest":4892,"minecraft:waystone_activated":1,"minecraft:damage_taken":1288,"minecraft:damage_dealt":4834,"minecraft:swim_one_cm":20902,"minecraft:fly_one_cm":335078,"minecraft:open_chest":14,"minecraft:crouch_one_cm":3274,"minecraft:fish_caught":8,"minecraft:fall_one_cm":47246},"minecraft:crafted":{"minecraft:oak_door":1,"minecraft:oak_planks":16,"minecraft:fishing_rod":1,"ars_nouveau:archwood_planks":14,"minecraft:furnace":1,"minecraft:stone":12,"minecraft:bone_meal":5,"ars_nouveau:archwood_slab":7,"minecraft:cooked_mutton":4,"minecraft:glass":2,"minecraft:iron_boots":1,"minecraft:stone_pickaxe":2,"minecraft:chest":3,"minecraft:stone_hoe":1,"ars_nouveau:agronomic_sourcelink":1,"minecraft:cooked_cod":2,"minecraft:cooked_porkchop":2,"minecraft:crafting_table":3,"minecraft:wooden_pickaxe":1,"minecraft:iron_helmet":1,"ars_nouveau:source_jar":1,"minecraft:bucket":1,"minecraft:stone_axe":1,"minecraft:air":286,"minecraft:iron_chestplate":1,"minecraft:charcoal":33,"minecraft:gold_nugget":1,"minecraft:white_dye":3,"minecraft:stick":10,"minecraft:iron_ingot":10,"minecraft:iron_pickaxe":2,"minecraft:iron_leggings":1,"minecraft:gold_ingot":28,"ars_nouveau:scribes_table":1,"minecraft:torch":20,"minecraft:shears":1},"minecraft:mined":{"byg:travertine":12,"create:deepslate_zinc_ore":20,"ars_elemental:yellow_archwood_leaves":24,"minecraft:tuff":3,"minecraft:oak_door":2,"ars_nouveau:green_archwood_leaves":39,"mekanism:deepslate_osmium_ore":12,"minecraft:grass_block":1,"ars_nouveau:frostaya_pod":1,"minecraft:furnace":2,"ars_nouveau:mendosteen_pod":3,"minecraft:iron_ore":33,"minecraft:cobbled_deepslate":3,"byg:prairie_grass":7,"minecraft:andesite":3,"ars_nouveau:bombegranate_pod":1,"minecraft:pumpkin":5,"minecraft:deepslate_lapis_ore":1,"ars_nouveau:red_archwood_log":3,"minecraft:potatoes":2,"ars_nouveau:agronomic_sourcelink":1,"minecraft:deepslate_iron_ore":27,"minecraft:stone":136,"create:veridium":9,"byg:tall_prairie_grass":6,"mekanism:deepslate_lead_ore":11,"mekanism:osmium_ore":17,"ars_nouveau:green_archwood_log":74,"create_new_age:magnetite_block":3,"minecraft:crafting_table":4,"minecraft:torch":14,"minecraft:chest":2,"mekanism:tin_ore":10,"minecraft:tall_grass":7,"minecraft:copper_ore":12,"minecraft:cobblestone":3,"ars_nouveau:source_jar":1,"minecraft:lapis_ore":4,"ars_nouveau:scribes_table":2,"minecraft:sugar_cane":4,"ars_elemental:yellow_archwood_log":32,"ars_nouveau:blue_archwood_leaves":119,"minecraft:diorite":10,"minecraft:wall_torch":19,"minecraft:deepslate_copper_ore":2,"minecraft:skeleton_skull":1,"byg:soapstone":17,"ars_nouveau:blue_archwood_log":70,"minecraft:wheat":1,"minecraft:grass":32,"minecraft:black_wool":1,"mekanism:deepslate_tin_ore":6,"minecraft:oak_log":19,"minecraft:coal_ore":26,"minecraft:beetroots":1,"minecraft:sand":3,"minecraft:sunflower":18,"minecraft:gravel":4,"mekanism:deepslate_fluorite_ore":6,"minecraft:dirt":5,"mekanism:deepslate_uranium_ore":24,"minecraft:smooth_basalt":1,"ars_nouveau:imbuement_chamber":1,"minecraft:oak_leaves":5,"minecraft:deepslate":343},"minecraft:killed_by":{"minecraft:spider":1},"minecraft:broken":{"minecraft:stone_pickaxe":2,"minecraft:stone_axe":1,"minecraft:iron_pickaxe":1},"minecraft:used":{"byg:travertine":9,"minecraft:chest":5,"minecraft:stone":12,"minecraft:stone_hoe":4,"minecraft:rotten_flesh":7,"minecraft:oak_door":5,"minecraft:torch":77,"minecraft:dirt":8,"ars_nouveau:bombegranate_pod":1,"minecraft:lava_bucket":2,"ars_nouveau:frostaya_pod":1,"minecraft:iron_axe":180,"minecraft:iron_boots":1,"ars_nouveau:imbuement_chamber":1,"minecraft:smooth_basalt":1,"minecraft:furnace":3,"minecraft:cooked_cod":2,"minecraft:egg":2,"minecraft:potato":5,"minecraft:cobbled_deepslate":91,"ars_nouveau:green_archwood_log":2,"minecraft:iron_leggings":1,"minecraft:wheat_seeds":2,"minecraft:cooked_mutton":3,"minecraft:water_bucket":11,"minecraft:diorite":9,"minecraft:stone_pickaxe":262,"ars_nouveau:mendosteen_pod":5,"minecraft:wooden_pickaxe":26,"minecraft:salmon":1,"minecraft:sand":1,"minecraft:crafting_table":7,"ars_nouveau:agronomic_sourcelink":2,"minecraft:cod":1,"minecraft:shears":174,"minecraft:black_wool":1,"ars_elemental:flashpine_pod":7,"ars_nouveau:source_jar":2,"minecraft:sunflower":1,"minecraft:bread":2,"minecraft:iron_pickaxe":494,"byg:soapstone":7,"minecraft:stone_axe":86,"minecraft:fishing_rod":13,"minecraft:cobblestone":27,"minecraft:porkchop":1,"minecraft:cooked_porkchop":2,"minecraft:andesite":3,"minecraft:bucket":14,"alexsmobs:animal_dictionary":1,"ars_nouveau:scribes_table":3,"minecraft:bone_meal":6}},"DataVersion":3120}