{"stats":{"minecraft:custom":{"minecraft:interact_with_furnace":20,"minecraft:mob_kills":14,"minecraft:interact_with_crafting_table":24,"minecraft:leave_game":2,"minecraft:time_since_death":101350,"minecraft:time_since_rest":101350,"minecraft:sprint_one_cm":67842,"minecraft:damage_taken":755,"minecraft:walk_one_cm":231867,"minecraft:drop":125,"minecraft:damage_dealt":2159,"minecraft:swim_one_cm":12766,"minecraft:fly_one_cm":94531,"minecraft:open_chest":3,"minecraft:crouch_one_cm":2107,"minecraft:play_time":101350,"minecraft:sneak_time":876,"minecraft:walk_under_water_one_cm":29328,"minecraft:jump":907,"minecraft:walk_on_water_one_cm":17849,"minecraft:total_world_time":101350,"minecraft:fish_caught":7,"minecraft:fall_one_cm":24097},"minecraft:broken":{"minecraft:stone_pickaxe":2},"minecraft:picked_up":{"minecraft:fishing_rod":1,"minecraft:crafting_table":4,"byg:soapstone":17,"mekanism:raw_uranium":16,"mekanism:raw_lead":3,"minecraft:glow_ink_sac":3,"minecraft:andesite":3,"minecraft:salmon":3,"minecraft:tuff":2,"create:raw_zinc":10,"minecraft:oak_log":16,"minecraft:lapis_lazuli":8,"minecraft:string":2,"minecraft:dirt":3,"minecraft:raw_copper":50,"minecraft:cooked_mutton":2,"minecraft:pufferfish":8,"minecraft:bone":4,"minecraft:bow":1,"minecraft:wheat_seeds":1,"minecraft:cobbled_deepslate":166,"minecraft:iron_ingot":38,"minecraft:sugar_cane":8,"minecraft:chest":1,"minecraft:furnace":2,"minecraft:egg":3,"minecraft:stick":1,"minecraft:raw_iron":30,"minecraft:smooth_basalt":1,"minecraft:oak_door":2,"minecraft:pumpkin":5,"minecraft:torch":266,"minecraft:gravel":22,"minecraft:porkchop":2,"minecraft:diorite":9,"mekanism:raw_osmium":17,"mekanism:raw_tin":3,"minecraft:arrow":4,"minecraft:rotten_flesh":14,"minecraft:tropical_fish":1,"mekanism:fluorite_gem":19,"create:veridium":10,"minecraft:black_wool":1,"minecraft:mutton":4,"minecraft:coal":32,"minecraft:cod":2,"minecraft:white_wool":1,"minecraft:cobblestone":130,"minecraft:sunflower":3},"minecraft:mined":{"mekanism:deepslate_lead_ore":3,"create:deepslate_zinc_ore":10,"minecraft:tuff":3,"mekanism:osmium_ore":6,"minecraft:oak_door":2,"mekanism:deepslate_osmium_ore":11,"minecraft:crafting_table":4,"minecraft:torch":5,"minecraft:chest":1,"mekanism:tin_ore":1,"minecraft:copper_ore":12,"minecraft:cobblestone":3,"minecraft:sugar_cane":4,"minecraft:diorite":9,"minecraft:wall_torch":10,"minecraft:deepslate_copper_ore":2,"byg:soapstone":17,"minecraft:furnace":2,"minecraft:iron_ore":6,"minecraft:cobbled_deepslate":1,"minecraft:andesite":3,"minecraft:pumpkin":5,"minecraft:deepslate_lapis_ore":1,"minecraft:grass":5,"mekanism:deepslate_tin_ore":2,"minecraft:coal_ore":26,"minecraft:oak_log":16,"minecraft:deepslate_iron_ore":25,"minecraft:sunflower":3,"mekanism:deepslate_fluorite_ore":6,"minecraft:gravel":4,"minecraft:dirt":3,"mekanism:deepslate_uranium_ore":16,"minecraft:smooth_basalt":1,"minecraft:stone":126,"create:veridium":9,"minecraft:oak_leaves":5,"minecraft:deepslate":222},"minecraft:used":{"minecraft:diorite":9,"minecraft:water_bucket":4,"minecraft:stone_pickaxe":262,"minecraft:chest":2,"minecraft:wooden_pickaxe":26,"minecraft:stone":12,"minecraft:rotten_flesh":7,"minecraft:oak_door":5,"minecraft:torch":50,"minecraft:dirt":3,"minecraft:crafting_table":7,"minecraft:sunflower":1,"minecraft:iron_pickaxe":250,"byg:soapstone":7,"minecraft:fishing_rod":12,"minecraft:smooth_basalt":1,"minecraft:stone_axe":30,"minecraft:cobblestone":27,"minecraft:cooked_cod":2,"minecraft:furnace":3,"minecraft:cooked_porkchop":2,"minecraft:andesite":3,"minecraft:bucket":5,"minecraft:egg":2,"minecraft:cooked_mutton":3,"minecraft:cobbled_deepslate":40,"minecraft:iron_leggings":1},"minecraft:killed":{"minecraft:pig":2,"minecraft:spider":1,"minecraft:skeleton":2,"minecraft:sheep":2,"minecraft:zombie":4,"minecraft:glow_squid":1},"minecraft:dropped":{"minecraft:iron_ingot":9,"minecraft:wheat_seeds":1,"minecraft:cobbled_deepslate":3,"minecraft:rotten_flesh":7,"minecraft:cooked_mutton":3,"minecraft:pufferfish":8,"minecraft:stick":1,"minecraft:torch":246,"minecraft:sunflower":2,"minecraft:arrow":1,"minecraft:bow":1,"minecraft:wooden_pickaxe":1,"minecraft:egg":1},"minecraft:crafted":{"minecraft:cooked_cod":2,"minecraft:oak_door":1,"minecraft:oak_planks":16,"minecraft:fishing_rod":1,"minecraft:cooked_porkchop":2,"minecraft:crafting_table":3,"minecraft:iron_helmet":1,"minecraft:wooden_pickaxe":1,"minecraft:furnace":1,"minecraft:stone":12,"minecraft:bucket":1,"minecraft:stone_axe":1,"minecraft:cooked_mutton":4,"minecraft:air":200,"minecraft:iron_boots":1,"minecraft:iron_chestplate":1,"minecraft:stick":9,"minecraft:iron_ingot":10,"minecraft:iron_pickaxe":2,"minecraft:stone_pickaxe":2,"minecraft:chest":1,"minecraft:iron_leggings":1,"minecraft:gold_ingot":28,"minecraft:torch":20}},"DataVersion":3120}