{"stats":{"minecraft:broken":{"minecraft:iron_shovel":2,"minecraft:stone_pickaxe":3,"minecraft:stone_axe":1,"minecraft:stone_sword":1,"minecraft:iron_pickaxe":2},"minecraft:picked_up":{"minecraft:iron_chestplate":1,"minecraft:wheat":1,"minecraft:nether_brick_fence":4,"mekanism:raw_uranium":25,"minecraft:lead":2,"ars_nouveau:pierce_arrow":26,"alexsmobs:bison_fur_block":1,"minecraft:brown_bed":1,"ars_nouveau:bombegranate_pod":26,"byg:subzero_ash_block":31,"minecraft:brewing_stand":1,"byg:travertine_slab":1,"minecraft:string":138,"minecraft:soul_soil":36,"minecraft:raw_copper":50,"create:limestone":64,"minecraft:iron_leggings":1,"minecraft:pufferfish":8,"ars_nouveau:dowsing_rod":1,"ars_nouveau:glyph_fell":1,"minecraft:cobbled_deepslate":767,"minecraft:bucket":1,"comforts:sleeping_bag_white":8,"minecraft:calcite":4,"ars_nouveau:mendosteen_pod":10,"minecraft:iron_pickaxe":3,"mekanism:deepslate_uranium_ore":6,"ars_elemental:flashpine_pod":15,"minecraft:iron_boots":1,"minecraft:furnace":2,"minecraft:stick":54,"minecraft:jukebox":1,"minecraft:composter":4,"byg:green_mushroom":1,"minecraft:torch":1052,"minecraft:porkchop":15,"ars_nouveau:archwood_chest":1,"minecraft:diorite":38,"mekanism:raw_tin":77,"minecraft:stone_sword":2,"minecraft:rotten_flesh":51,"ars_nouveau:arcane_core":1,"minecraft:tropical_fish":1,"ars_nouveau:agronomic_sourcelink":2,"create:scoria":1,"ars_nouveau:worn_notebook":4,"ars_nouveau:apprentice_spell_book":1,"minecraft:polished_basalt":1,"ars_nouveau:imbuement_chamber":6,"create:asurine":63,"ars_nouveau:glyph_extract":1,"ars_nouveau:whirlisprig_shards":1,"create:veridium":10,"ars_elemental:yellow_archwood_leaves":46,"minecraft:cod":3,"minecraft:blaze_rod":2,"minecraft:obsidian":235,"minecraft:cobblestone":455,"alexsmobs:flying_fish":1,"ars_nouveau:manipulation_essence":2,"minecraft:sponge":5,"minecraft:feather":4,"minecraft:andesite":76,"minecraft:brown_wool":1,"ars_nouveau:source_berry":187,"alexsmobs:bison_fur":23,"minecraft:potato":373,"minecraft:tuff":61,"minecraft:flint":53,"ars_nouveau:magebloom":34,"create:raw_zinc":55,"ars_elemental:yellow_archwood_sapling":15,"ars_nouveau:earth_essence":1,"ars_nouveau:glyph_amplify":1,"ars_nouveau:scribes_table":4,"minecraft:dirt":622,"minecraft:lapis_lazuli":260,"ars_nouveau:amulet_of_mana_boost":1,"rechiseledcreate:asurine_cut_polished_connecting":3,"minecraft:bone":32,"minecraft:grindstone":3,"minecraft:bow":1,"minecraft:wheat_seeds":56,"ars_nouveau:source_gem":82,"minecraft:raw_gold":41,"create_new_age:magnetite_block":19,"minecraft:bell":1,"minecraft:fletching_table":1,"minecraft:stone_hoe":2,"minecraft:oak_planks":16,"ars_nouveau:glyph_projectile":2,"ars_nouveau:spell_bow":19,"minecraft:sand":10,"minecraft:poisonous_potato":5,"ars_nouveau:music_disc_aria_biblio":1,"ars_nouveau:blue_archwood_leaves":168,"sophisticatedbackpacks:iron_backpack":3,"minecraft:ink_sac":6,"minecraft:grass_block":4,"ars_elemental:yellow_archwood_log":74,"ars_nouveau:sourcestone":2,"alexsmobs:animal_dictionary":4,"minecraft:mossy_cobblestone":1,"ars_nouveau:apprentice_boots":1,"minecraft:deepslate":15,"minecraft:diamond":18,"waystones:waystone":2,"minecraft:deepslate_gold_ore":1,"minecraft:cracked_polished_blackstone_bricks":2,"byg:travertine":427,"minecraft:crossbow":1,"minecraft:granite":7,"minecraft:bone_meal":1,"minecraft:bread":24,"minecraft:emerald":1,"ars_nouveau:arcane_pedestal":3,"minecraft:diamond_pickaxe":1,"ars_nouveau:red_archwood_log":319,"minecraft:fishing_rod":3,"minecraft:charcoal":2,"minecraft:crafting_table":8,"byg:soapstone":69,"create_new_age:thorium":38,"minecraft:chicken":1,"minecraft:leather_leggings":1,"ars_nouveau:blue_archwood_sapling":15,"byg:emeraldite_ore":9,"ars_nouveau:archwood_slab":3,"ars_nouveau:amplify_arrow":20,"ars_nouveau:archwood_planks":19,"ars_nouveau:purple_archwood_leaves":64,"minecraft:iron_axe":39,"ars_nouveau:glyph_break":1,"ars_nouveau:apprentice_hood":1,"minecraft:iron_shovel":2,"ars_nouveau:glyph_pierce":1,"minecraft:beef":80,"minecraft:iron_nugget":24,"minecraft:poppy":5,"minecraft:sugar_cane":11,"minecraft:chest":8,"minecraft:spruce_trapdoor":1,"minecraft:egg":3,"minecraft:raw_iron":221,"ars_nouveau:purple_archwood_log":219,"minecraft:stone":3,"minecraft:oak_door":2,"minecraft:copper_ingot":1,"sophisticatedbackpacks:backpack":2,"ars_nouveau:blue_archwood_log":211,"ars_nouveau:purple_archwood_sapling":16,"minecraft:polished_blackstone_bricks":1,"ars_nouveau:split_arrow":1,"ars_nouveau:frostaya_pod":29,"minecraft:stone_button":6,"minecraft:carrot":28,"minecraft:redstone":24,"ars_nouveau:music_disc_firel_the_wild_hunt":1,"ars_nouveau:green_archwood_log":204,"minecraft:arrow":42,"ars_nouveau:enchanting_apparatus":3,"minecraft:nether_bricks":27,"minecraft:shears":1,"minecraft:hay_block":3,"minecraft:mutton":16,"minecraft:white_wool":10,"minecraft:skeleton_skull":1,"minecraft:rail":6,"minecraft:wet_sponge":4,"minecraft:clock":7,"minecraft:basalt":14,"minecraft:glow_ink_sac":3,"mekanism:raw_lead":22,"minecraft:salmon":3,"minecraft:leather":9,"minecraft:oak_log":25,"minecraft:gunpowder":21,"minecraft:cooked_mutton":2,"ars_nouveau:green_archwood_sapling":36,"ars_nouveau:apprentice_robes":1,"byg:scoria_cobblestone":152,"minecraft:apple":11,"byg:scoria_stone":3,"minecraft:iron_ingot":40,"byg:subzero_crystal_shard":59,"minecraft:soul_sand":38,"minecraft:smooth_basalt":1,"ars_nouveau:source_jar":12,"minecraft:pumpkin":5,"ars_nouveau:red_archwood_sapling":34,"minecraft:quartz":8,"minecraft:dandelion":2,"minecraft:raw_iron_block":2,"byg:wailing_bell_blossom":3,"ars_nouveau:novice_spell_book":3,"minecraft:gravel":528,"ars_nouveau:bastion_pod":12,"ars_nouveau:dominion_wand":1,"minecraft:blast_furnace":1,"mekanism:raw_osmium":59,"minecraft:spider_eye":3,"minecraft:leather_helmet":1,"ars_nouveau:apprentice_leggings":1,"ars_nouveau:glyph_light":1,"alexsmobs:raw_catfish":8,"minecraft:diamond_axe":1,"mekanism:fluorite_gem":19,"minecraft:iron_helmet":1,"ars_nouveau:green_archwood_leaves":37,"minecraft:black_wool":1,"minecraft:coal":169,"minecraft:sunflower":22,"minecraft:hopper":1,"minecraft:ender_pearl":3,"ars_nouveau:magebloom_crop":48},"minecraft:used":{"byg:travertine":394,"minecraft:nether_brick_fence":1,"minecraft:iron_shovel":598,"ars_nouveau:magebloom_crop":48,"minecraft:chest":13,"minecraft:stone":13,"minecraft:bell":1,"minecraft:rotten_flesh":7,"alexsmobs:bison_fur_block":1,"minecraft:soul_sand":15,"ars_nouveau:red_archwood_sapling":14,"minecraft:mutton":4,"minecraft:nether_bricks":1,"minecraft:carrot":13,"minecraft:tuff":6,"ars_nouveau:bombegranate_pod":1,"minecraft:obsidian":106,"ars_elemental:yellow_archwood_sapling":1,"minecraft:lava_bucket":2,"ars_nouveau:archwood_chest":3,"ars_nouveau:music_disc_aria_biblio":1,"minecraft:grass_block":4,"minecraft:wet_sponge":2,"ars_nouveau:apprentice_robes":2,"ars_nouveau:green_archwood_sapling":6,"ars_nouveau:archwood_door":3,"ars_nouveau:source_berry":32,"minecraft:bow":11,"minecraft:hay_block":3,"minecraft:furnace":3,"minecraft:cooked_cod":2,"ars_nouveau:blue_archwood_sapling":9,"minecraft:egg":2,"minecraft:potato":149,"ars_nouveau:green_archwood_log":2,"ars_nouveau:repository":2,"minecraft:oak_planks":2,"ars_nouveau:music_disc_firel_the_wild_hunt":1,"byg:scoria_stone":3,"minecraft:diorite":12,"mekanismtools:osmium_paxel":755,"minecraft:stone_pickaxe":393,"ars_nouveau:mendosteen_pod":5,"minecraft:ender_pearl":1,"minecraft:wooden_pickaxe":26,"minecraft:composter":1,"minecraft:sugar_cane":1,"minecraft:sand":2,"ars_nouveau:agronomic_sourcelink":3,"ars_nouveau:archwood_planks":141,"minecraft:blast_furnace":1,"minecraft:sponge":5,"minecraft:shears":174,"ars_nouveau:enchanting_apparatus":3,"waystones:waystone":2,"ars_nouveau:purple_archwood_sapling":15,"sophisticatedbackpacks:backpack":1,"ars_elemental:flashpine_pod":8,"minecraft:bread":20,"create:asurine":1,"minecraft:gravel":313,"minecraft:grindstone":7,"minecraft:andesite":6,"minecraft:bone_meal":31,"sophisticatedbackpacks:iron_backpack":3,"minecraft:stone_sword":128,"minecraft:flint_and_steel":1,"ars_nouveau:arcane_core":1,"ars_nouveau:dominion_wand":10,"minecraft:redstone":1,"minecraft:deepslate_gold_ore":1,"minecraft:stone_hoe":81,"minecraft:cooked_chicken":1,"minecraft:oak_door":5,"minecraft:torch":174,"minecraft:dirt":241,"minecraft:hopper":3,"ars_nouveau:bastion_pod":4,"byg:travertine_slab":13,"ars_nouveau:frostaya_pod":1,"minecraft:iron_axe":245,"minecraft:iron_boots":1,"ars_nouveau:imbuement_chamber":7,"minecraft:smooth_basalt":1,"minecraft:basalt":7,"minecraft:beef":4,"minecraft:soul_soil":4,"comforts:sleeping_bag_white":8,"minecraft:iron_leggings":2,"minecraft:cooked_beef":24,"rechiseledcreate:asurine_cut_polished_connecting":15,"minecraft:cobbled_deepslate":848,"minecraft:brown_bed":1,"sophisticatedbackpacks:gold_backpack":2,"minecraft:wheat_seeds":3,"minecraft:cooked_mutton":9,"alexsmobs:cooked_catfish":2,"minecraft:water_bucket":20,"ars_nouveau:apprentice_hood":1,"minecraft:baked_potato":40,"minecraft:fletching_table":5,"minecraft:salmon":1,"minecraft:mossy_cobblestone":1,"minecraft:crafting_table":12,"minecraft:cod":1,"alexsmobs:flying_fish":1,"ars_nouveau:apprentice_leggings":1,"minecraft:black_wool":1,"minecraft:apple":9,"minecraft:diamond_pickaxe":348,"ars_nouveau:source_jar":14,"minecraft:cracked_polished_blackstone_bricks":1,"minecraft:sunflower":1,"minecraft:iron_pickaxe":745,"ars_nouveau:arcane_pedestal":17,"minecraft:spruce_trapdoor":1,"byg:soapstone":19,"minecraft:stone_axe":86,"minecraft:fishing_rod":13,"minecraft:cobblestone":177,"minecraft:porkchop":1,"byg:scoria_cobblestone":152,"minecraft:cooked_porkchop":2,"minecraft:bucket":23,"alexsmobs:animal_dictionary":1,"minecraft:jukebox":1,"minecraft:dandelion":1,"byg:subzero_ash_block":22,"ars_nouveau:scribes_table":5},"minecraft:dropped":{"sophisticatedbackpacks:iron_backpack":1,"byg:biomepedia":1,"ars_nouveau:novice_spell_book":3,"minecraft:porkchop":12,"minecraft:diamond_axe":1,"mekanism:ingot_tin":76,"minecraft:baked_potato":1,"minecraft:crossbow":1,"minecraft:lantern":1,"ars_nouveau:earth_essence":1,"minecraft:fletching_table":1,"minecraft:leather_helmet":1,"alexsmobs:bison_fur":23,"minecraft:rail":6,"minecraft:emerald":1,"minecraft:flint":2,"minecraft:dirt":32,"ars_nouveau:glyph_break":1,"gravestone:obituary":1,"minecraft:bone_meal":18,"minecraft:iron_pickaxe":3,"minecraft:sand":2,"minecraft:sunflower":13,"minecraft:gold_ingot":1,"minecraft:fishing_rod":2,"minecraft:white_wool":7,"minecraft:bone":2,"minecraft:gravel":10,"mekanism:ingot_osmium":52,"alexsmobs:animal_dictionary":4,"minecraft:cobbled_deepslate":79,"byg:subzero_ash_block":7,"ars_nouveau:apprentice_spell_book":1,"ars_nouveau:wilden_spike":1,"minecraft:obsidian":11,"ars_nouveau:glyph_projectile":1,"minecraft:rotten_flesh":36,"byg:emeraldite_ore":9,"minecraft:cooked_mutton":3,"minecraft:nether_brick_fence":3,"ars_nouveau:archwood_slab":3,"minecraft:salmon":2,"minecraft:chest":2,"minecraft:leather_leggings":1,"farmersdelight:rope":3,"minecraft:white_dye":3,"minecraft:arrow":22,"minecraft:beef":1,"minecraft:quartz":8,"ars_nouveau:red_archwood_sapling":1,"minecraft:egg":1,"minecraft:stone_hoe":3,"minecraft:iron_ingot":9,"minecraft:wheat_seeds":40,"minecraft:feather":2,"minecraft:poisonous_potato":5,"ars_nouveau:magebloom":3,"minecraft:cobblestone":15,"byg:wailing_bell_blossom":3,"alexsmobs:raw_catfish":6,"minecraft:pufferfish":8,"minecraft:stick":3,"ars_nouveau:blue_archwood_leaves":133,"ars_nouveau:worn_notebook":1,"ars_nouveau:bombegranate_pod":2,"ars_nouveau:green_archwood_sapling":13,"minecraft:diorite":2,"minecraft:ink_sac":2,"minecraft:torch":947,"mekanism:raw_uranium":1,"minecraft:brown_wool":1,"minecraft:iron_axe":70,"byg:green_mushroom":1,"minecraft:iron_shovel":2,"minecraft:dandelion":1,"mekanism:deepslate_uranium_ore":6,"minecraft:stone_sword":2,"minecraft:tuff":19,"sophisticatedbackpacks:backpack":1,"minecraft:shears":1,"minecraft:flint_and_steel":1,"create_new_age:magnetite_block":4,"minecraft:diamond_pickaxe":1,"minecraft:andesite":1,"minecraft:spider_eye":3,"minecraft:bell":1,"minecraft:wooden_pickaxe":1,"minecraft:bow":1,"minecraft:calcite":1,"mekanism:ingot_lead":22},"minecraft:killed_by":{"minecraft:spider":1},"minecraft:mined":{"create:deepslate_zinc_ore":20,"byg:green_mushroom_block":8,"minecraft:brewing_stand":1,"minecraft:obsidian":9,"minecraft:granite":2,"minecraft:grass_block":558,"sophisticatedbackpacks:iron_backpack":2,"minecraft:cracked_polished_blackstone_bricks":2,"ars_nouveau:bastion_pod":1,"minecraft:soul_soil":22,"minecraft:composter":4,"ars_nouveau:sourceberry_bush":11,"minecraft:hopper":1,"byg:wood_blewit_mushroom_block":12,"ars_nouveau:frostaya_pod":2,"minecraft:spawner":3,"ars_nouveau:arcane_core":1,"comforts:sleeping_bag_white":1,"minecraft:polished_blackstone_bricks":1,"minecraft:raw_iron_block":2,"minecraft:cobbled_deepslate":50,"minecraft:iron_ore":42,"minecraft:fire":25,"byg:prairie_grass":8,"minecraft:pumpkin":5,"minecraft:fletching_table":1,"minecraft:deepslate_lapis_ore":2,"create:asurine":16,"ars_nouveau:red_archwood_log":3,"byg:travertine_slab":1,"ars_nouveau:enchanting_apparatus":1,"create:veridium":9,"create:limestone":39,"byg:tall_prairie_grass":15,"minecraft:deepslate_redstone_ore":2,"byg:scorched_grass":1,"mekanism:osmium_ore":19,"ars_nouveau:light_block":18,"minecraft:soul_fire":2,"minecraft:torch":20,"minecraft:blast_furnace":1,"ars_elemental:flashpine_pod":1,"minecraft:poppy":4,"minecraft:chest":3,"mekanism:tin_ore":10,"minecraft:cobblestone":7,"minecraft:oak_planks":2,"minecraft:grindstone":3,"minecraft:sugar_cane":6,"ars_nouveau:scribes_table":3,"minecraft:wall_torch":28,"minecraft:deepslate_copper_ore":2,"minecraft:skeleton_skull":1,"byg:wailing_bell_blossom":3,"byg:soapstone":64,"ars_nouveau:green_archwood_sapling":1,"ars_nouveau:archwood_planks":4,"minecraft:wheat":1,"minecraft:jukebox":1,"byg:subzero_ash_block":41,"minecraft:grass":182,"mekanism:deepslate_tin_ore":6,"minecraft:oak_log":19,"minecraft:beetroots":1,"minecraft:sand":3,"minecraft:dirt":45,"minecraft:smooth_basalt":1,"ars_nouveau:red_archwood_sapling":5,"minecraft:oak_leaves":5,"minecraft:deepslate":485,"byg:travertine":278,"ars_elemental:yellow_archwood_leaves":24,"minecraft:tuff":26,"byg:scoria_cobblestone":6,"minecraft:mossy_cobblestone":1,"minecraft:deepslate_diamond_ore":9,"minecraft:oak_door":2,"ars_nouveau:green_archwood_leaves":42,"mekanism:deepslate_osmium_ore":12,"minecraft:nether_bricks":28,"gravestone:gravestone":1,"create_new_age:thorium_ore":2,"minecraft:redstone_wire":1,"minecraft:hay_block":3,"ars_nouveau:magebloom_crop":40,"byg:brown_mushroom_stem":3,"minecraft:furnace":2,"minecraft:carrots":8,"ars_nouveau:mendosteen_pod":6,"minecraft:nether_sprouts":1,"minecraft:andesite":39,"ars_nouveau:bombegranate_pod":3,"minecraft:bell":1,"minecraft:nether_brick_fence":5,"minecraft:potatoes":123,"ars_nouveau:agronomic_sourcelink":2,"minecraft:deepslate_iron_ore":67,"minecraft:rail":6,"minecraft:wet_sponge":4,"sophisticatedbackpacks:backpack":1,"minecraft:stone":191,"byg:white_puffball":1,"ars_nouveau:purple_archwood_log":53,"mekanism:deepslate_lead_ore":11,"ars_nouveau:green_archwood_log":74,"minecraft:soul_sand":23,"minecraft:basalt":3,"create_new_age:magnetite_block":6,"minecraft:crafting_table":5,"minecraft:sponge":1,"minecraft:tall_grass":16,"minecraft:copper_ore":12,"ars_nouveau:source_jar":12,"minecraft:deepslate_gold_ore":19,"minecraft:lapis_ore":4,"ars_elemental:yellow_archwood_log":32,"minecraft:diorite":22,"ars_nouveau:blue_archwood_leaves":119,"ars_nouveau:blue_archwood_log":74,"byg:scoria_stone":85,"ars_nouveau:arcane_pedestal":3,"ars_nouveau:purple_archwood_leaves":4,"byg:wailing_grass":1,"minecraft:black_wool":1,"minecraft:coal_ore":37,"alexsmobs:bison_fur_block":1,"rechiseledcreate:asurine_cut_polished_connecting":3,"minecraft:sunflower":18,"minecraft:gravel":271,"mekanism:deepslate_fluorite_ore":6,"minecraft:cobweb":124,"mekanism:deepslate_uranium_ore":25,"ars_nouveau:imbuement_chamber":6},"minecraft:killed":{"minecraft:cave_spider":11,"minecraft:spider":15,"minecraft:skeleton":31,"minecraft:chicken":1,"minecraft:magma_cube":16,"minecraft:pig":3,"minecraft:salmon":1,"mekanismadditions:baby_creeper":2,"minecraft:creeper":21,"minecraft:sheep":11,"minecraft:trader_llama":2,"minecraft:pillager":3,"minecraft:zombie":57,"alexsmobs:terrapin":4,"minecraft:ghast":2,"minecraft:glow_squid":1,"minecraft:blaze":4,"minecraft:cow":7,"mekanismadditions:baby_skeleton":3,"alexsmobs:bison":10,"minecraft:drowned":7,"alexsmobs:flying_fish":2,"minecraft:wandering_trader":1,"minecraft:squid":1,"alexsmobs:catfish":5,"ars_nouveau:whirlisprig":2,"alexsmobs:crow":3,"minecraft:wither_skeleton":5,"minecraft:enderman":5},"minecraft:crafted":{"minecraft:grindstone":1,"minecraft:oak_planks":34,"ars_nouveau:archwood_planks":2787,"mekanism:ingot_osmium":28,"minecraft:stone":12,"sophisticatedbackpacks:crafting_upgrade":1,"minecraft:cooked_mutton":4,"minecraft:quartz_block":2,"minecraft:glass":2,"minecraft:hopper":2,"ars_nouveau:apprentice_hood":1,"minecraft:bow":1,"minecraft:iron_boots":2,"minecraft:chest":11,"ars_nouveau:apprentice_spell_book":2,"ars_nouveau:enchanting_apparatus":1,"minecraft:stone_hoe":2,"mekanismtools:osmium_pickaxe":1,"minecraft:golden_boots":1,"minecraft:raw_iron_block":7,"minecraft:emerald":174,"mekanism:ingot_tin":9,"ars_nouveau:dull_trinket":1,"sophisticatedbackpacks:backpack":1,"minecraft:diamond_axe":4,"minecraft:cooked_porkchop":2,"minecraft:crafting_table":6,"minecraft:wooden_pickaxe":1,"byg:travertine_slab":2,"minecraft:iron_helmet":2,"minecraft:raw_gold_block":2,"ars_nouveau:source_jar":2,"minecraft:clock":1,"minecraft:gold_block":7,"minecraft:fletching_table":1,"minecraft:hay_block":1,"sophisticatedbackpacks:upgrade_base":2,"mekanism:ingot_lead":6,"rechiseled:chisel":1,"minecraft:iron_chestplate":1,"minecraft:book":2,"minecraft:paper":4,"ars_nouveau:apprentice_robes":2,"minecraft:charcoal":33,"ars_nouveau:archwood_chest":2,"minecraft:stick":4967,"minecraft:stone_slab":6,"minecraft:iron_ingot":36,"minecraft:iron_pickaxe":6,"minecraft:stone_sword":3,"minecraft:gold_ingot":38,"ars_nouveau:scribes_table":1,"ars_nouveau:arcane_pedestal":10,"minecraft:shears":1,"minecraft:oak_door":1,"mekanismtools:osmium_paxel":1,"minecraft:fishing_rod":1,"minecraft:jukebox":1,"minecraft:iron_nugget":2,"alexsmobs:bison_fur":9,"ars_nouveau:apprentice_leggings":2,"comforts:sleeping_bag_white":1,"mekanismtools:osmium_shovel":1,"ars_nouveau:magebloom_fiber":13,"minecraft:furnace":2,"minecraft:stone_button":1,"minecraft:blast_furnace":1,"sophisticatedbackpacks:jukebox_upgrade":1,"minecraft:bone_meal":17,"ars_nouveau:archwood_slab":13,"minecraft:flint_and_steel":1,"ars_nouveau:source_gem_block":1,"mekanismtools:osmium_axe":1,"minecraft:lantern":1,"ars_nouveau:novice_spell_book":2,"minecraft:iron_axe":36,"minecraft:stone_pickaxe":3,"ars_nouveau:apprentice_boots":1,"ars_nouveau:agronomic_sourcelink":1,"sophisticatedbackpacks:iron_backpack":1,"minecraft:red_dye":4,"minecraft:cooked_cod":2,"ars_nouveau:imbuement_chamber":1,"ars_nouveau:repository":2,"minecraft:iron_sword":2,"minecraft:bell":1,"minecraft:bucket":1,"minecraft:stone_axe":1,"minecraft:air":777,"minecraft:blue_dye":4,"ars_nouveau:sourcestone":28,"minecraft:gold_nugget":41,"minecraft:white_dye":3,"alexsmobs:bison_fur_block":1,"minecraft:flint":110,"minecraft:iron_shovel":5,"minecraft:iron_leggings":2,"minecraft:torch":28,"minecraft:lapis_lazuli":18,"minecraft:lapis_block":18},"minecraft:custom":{"minecraft:interact_with_crafting_table":127,"minecraft:bell_ring":1,"minecraft:leave_game":15,"minecraft:time_since_death":531505,"minecraft:sprint_one_cm":1591605,"minecraft:drop":662,"minecraft:talked_to_villager":63,"minecraft:play_time":1169009,"minecraft:deaths":2,"minecraft:jump":12846,"minecraft:walk_on_water_one_cm":158875,"minecraft:interact_with_furnace":66,"minecraft:play_record":2,"minecraft:traded_with_villager":222,"minecraft:sleep_in_bed":59,"minecraft:waystone_activated":5,"minecraft:damage_dealt":26464,"minecraft:crouch_one_cm":106552,"minecraft:mob_kills":246,"minecraft:inspect_hopper":19,"minecraft:damage_dealt_resisted":310,"minecraft:climb_one_cm":2458,"minecraft:walk_one_cm":2963699,"minecraft:damage_dealt_absorbed":27,"minecraft:sneak_time":29479,"minecraft:walk_under_water_one_cm":210788,"minecraft:boat_one_cm":520,"minecraft:interact_with_blast_furnace":1,"minecraft:total_world_time":1169009,"minecraft:time_since_rest":8801,"minecraft:damage_taken":5356,"minecraft:swim_one_cm":169593,"minecraft:fly_one_cm":2489481,"minecraft:open_chest":473,"minecraft:fish_caught":8,"minecraft:fall_one_cm":235612}},"DataVersion":3120}