{"stats":{"minecraft:killed_by":{"minecraft:spider":1},"minecraft:killed":{"minecraft:cave_spider":4,"minecraft:spider":7,"minecraft:skeleton":12,"minecraft:magma_cube":5,"minecraft:pig":3,"minecraft:creeper":8,"minecraft:sheep":7,"minecraft:pillager":1,"minecraft:zombie":31,"alexsmobs:terrapin":1,"minecraft:ghast":1,"minecraft:glow_squid":1,"minecraft:blaze":2,"minecraft:cow":5,"minecraft:drowned":1,"minecraft:squid":1,"alexsmobs:catfish":1,"ars_nouveau:whirlisprig":2,"alexsmobs:crow":2,"minecraft:wither_skeleton":3},"minecraft:picked_up":{"minecraft:iron_chestplate":1,"minecraft:wheat":1,"minecraft:nether_brick_fence":3,"mekanism:raw_uranium":24,"minecraft:brown_bed":1,"ars_nouveau:bombegranate_pod":5,"byg:subzero_ash_block":6,"byg:travertine_slab":1,"minecraft:string":10,"minecraft:soul_soil":27,"minecraft:raw_copper":50,"minecraft:iron_leggings":1,"minecraft:pufferfish":8,"ars_nouveau:dowsing_rod":1,"minecraft:cobbled_deepslate":566,"minecraft:bucket":1,"comforts:sleeping_bag_white":3,"minecraft:calcite":3,"ars_nouveau:mendosteen_pod":5,"minecraft:iron_pickaxe":3,"ars_elemental:flashpine_pod":12,"minecraft:furnace":2,"minecraft:iron_boots":1,"minecraft:stick":22,"byg:green_mushroom":1,"minecraft:torch":1051,"minecraft:porkchop":15,"ars_nouveau:archwood_chest":1,"minecraft:diorite":37,"mekanism:raw_tin":77,"minecraft:stone_sword":1,"minecraft:rotten_flesh":33,"ars_nouveau:agronomic_sourcelink":2,"minecraft:tropical_fish":1,"ars_nouveau:arcane_core":1,"ars_nouveau:worn_notebook":4,"ars_nouveau:imbuement_chamber":4,"ars_nouveau:whirlisprig_shards":1,"create:veridium":10,"ars_elemental:yellow_archwood_leaves":46,"minecraft:blaze_rod":2,"minecraft:cod":3,"minecraft:cobblestone":425,"minecraft:sponge":5,"minecraft:feather":1,"minecraft:andesite":75,"minecraft:brown_wool":1,"minecraft:potato":210,"minecraft:flint":3,"ars_nouveau:magebloom":3,"create:raw_zinc":47,"minecraft:tuff":27,"ars_elemental:yellow_archwood_sapling":14,"ars_nouveau:scribes_table":3,"minecraft:lapis_lazuli":132,"ars_nouveau:amulet_of_mana_boost":1,"minecraft:dirt":569,"minecraft:bone":13,"minecraft:bow":1,"ars_nouveau:source_gem":48,"minecraft:wheat_seeds":46,"minecraft:raw_gold":16,"create_new_age:magnetite_block":16,"minecraft:stone_hoe":2,"minecraft:oak_planks":14,"ars_nouveau:glyph_projectile":2,"minecraft:poisonous_potato":4,"minecraft:sand":6,"ars_nouveau:blue_archwood_leaves":168,"ars_elemental:yellow_archwood_log":33,"ars_nouveau:sourcestone":2,"alexsmobs:animal_dictionary":4,"minecraft:diamond":11,"waystones:waystone":2,"minecraft:cracked_polished_blackstone_bricks":2,"minecraft:granite":7,"byg:travertine":415,"minecraft:bread":20,"ars_nouveau:arcane_pedestal":2,"minecraft:fishing_rod":3,"ars_nouveau:red_archwood_log":110,"minecraft:charcoal":2,"minecraft:crafting_table":8,"create_new_age:thorium":38,"byg:soapstone":65,"ars_nouveau:blue_archwood_sapling":6,"ars_nouveau:archwood_slab":3,"ars_nouveau:archwood_planks":12,"minecraft:iron_axe":3,"ars_nouveau:glyph_break":1,"minecraft:iron_shovel":2,"minecraft:beef":8,"minecraft:sugar_cane":11,"minecraft:chest":8,"minecraft:spruce_trapdoor":1,"minecraft:egg":3,"minecraft:raw_iron":151,"minecraft:oak_door":2,"ars_nouveau:blue_archwood_log":70,"minecraft:polished_blackstone_bricks":1,"ars_nouveau:frostaya_pod":11,"minecraft:redstone":14,"ars_nouveau:green_archwood_log":74,"ars_nouveau:enchanting_apparatus":3,"minecraft:arrow":8,"minecraft:nether_bricks":27,"minecraft:shears":1,"minecraft:mutton":10,"minecraft:skeleton_skull":1,"minecraft:white_wool":6,"minecraft:wet_sponge":4,"minecraft:basalt":1,"minecraft:glow_ink_sac":3,"mekanism:raw_lead":22,"minecraft:salmon":3,"minecraft:leather":6,"minecraft:oak_log":22,"minecraft:gunpowder":7,"minecraft:cooked_mutton":2,"byg:scoria_cobblestone":108,"ars_nouveau:apprentice_robes":1,"ars_nouveau:green_archwood_sapling":8,"minecraft:apple":10,"minecraft:iron_ingot":39,"byg:subzero_crystal_shard":59,"minecraft:soul_sand":23,"minecraft:smooth_basalt":1,"ars_nouveau:source_jar":3,"minecraft:pumpkin":5,"ars_nouveau:red_archwood_sapling":23,"minecraft:quartz":8,"minecraft:dandelion":2,"ars_nouveau:novice_spell_book":3,"minecraft:gravel":26,"ars_nouveau:dominion_wand":1,"mekanism:raw_osmium":59,"ars_nouveau:glyph_light":1,"alexsmobs:raw_catfish":2,"minecraft:iron_helmet":1,"ars_nouveau:green_archwood_leaves":37,"mekanism:fluorite_gem":19,"minecraft:black_wool":1,"minecraft:coal":166,"minecraft:hopper":1,"minecraft:sunflower":22,"ars_nouveau:magebloom_crop":9},"minecraft:used":{"byg:travertine":388,"minecraft:iron_shovel":566,"ars_nouveau:magebloom_crop":7,"minecraft:chest":13,"minecraft:stone":12,"minecraft:rotten_flesh":7,"ars_nouveau:red_archwood_sapling":7,"minecraft:mutton":4,"minecraft:nether_bricks":1,"minecraft:tuff":6,"ars_nouveau:bombegranate_pod":1,"ars_nouveau:archwood_chest":3,"minecraft:lava_bucket":2,"minecraft:wet_sponge":2,"ars_nouveau:apprentice_robes":1,"ars_nouveau:green_archwood_sapling":4,"minecraft:furnace":3,"minecraft:cooked_cod":2,"minecraft:egg":2,"minecraft:potato":103,"ars_nouveau:green_archwood_log":2,"ars_nouveau:repository":1,"minecraft:diorite":11,"minecraft:stone_pickaxe":393,"ars_nouveau:mendosteen_pod":5,"minecraft:wooden_pickaxe":26,"minecraft:sand":2,"ars_nouveau:agronomic_sourcelink":3,"minecraft:sponge":5,"minecraft:shears":174,"ars_nouveau:enchanting_apparatus":3,"waystones:waystone":2,"ars_elemental:flashpine_pod":7,"minecraft:bread":16,"minecraft:gravel":4,"minecraft:andesite":6,"minecraft:bone_meal":24,"ars_nouveau:arcane_core":1,"minecraft:stone_hoe":81,"minecraft:oak_door":5,"minecraft:torch":161,"minecraft:dirt":140,"minecraft:hopper":3,"byg:travertine_slab":13,"ars_nouveau:frostaya_pod":1,"minecraft:iron_axe":227,"minecraft:iron_boots":1,"ars_nouveau:imbuement_chamber":4,"minecraft:smooth_basalt":1,"comforts:sleeping_bag_white":3,"minecraft:cooked_beef":5,"minecraft:cobbled_deepslate":371,"minecraft:brown_bed":1,"minecraft:iron_leggings":1,"minecraft:wheat_seeds":2,"minecraft:cooked_mutton":3,"minecraft:water_bucket":15,"minecraft:baked_potato":8,"minecraft:salmon":1,"minecraft:crafting_table":12,"minecraft:cod":1,"minecraft:diamond_pickaxe":310,"minecraft:black_wool":1,"minecraft:apple":8,"ars_nouveau:source_jar":4,"minecraft:cracked_polished_blackstone_bricks":1,"minecraft:sunflower":1,"minecraft:iron_pickaxe":745,"ars_nouveau:arcane_pedestal":8,"minecraft:spruce_trapdoor":1,"byg:soapstone":9,"minecraft:stone_axe":86,"minecraft:fishing_rod":13,"minecraft:cobblestone":166,"minecraft:porkchop":1,"minecraft:cooked_porkchop":2,"byg:scoria_cobblestone":66,"minecraft:bucket":18,"alexsmobs:animal_dictionary":1,"minecraft:dandelion":1,"ars_nouveau:scribes_table":4,"byg:subzero_ash_block":5},"minecraft:custom":{"minecraft:interact_with_crafting_table":89,"minecraft:leave_game":7,"minecraft:time_since_death":397526,"minecraft:sprint_one_cm":572155,"minecraft:drop":517,"minecraft:talked_to_villager":1,"minecraft:play_time":572017,"minecraft:deaths":1,"minecraft:jump":5820,"minecraft:walk_on_water_one_cm":105509,"minecraft:interact_with_furnace":49,"minecraft:sleep_in_bed":27,"minecraft:waystone_activated":4,"minecraft:damage_dealt":6693,"minecraft:crouch_one_cm":53064,"minecraft:mob_kills":103,"minecraft:inspect_hopper":7,"minecraft:damage_dealt_resisted":238,"minecraft:climb_one_cm":1307,"minecraft:walk_one_cm":1423976,"minecraft:sneak_time":13117,"minecraft:walk_under_water_one_cm":116879,"minecraft:interact_with_blast_furnace":1,"minecraft:total_world_time":572017,"minecraft:time_since_rest":68472,"minecraft:damage_taken":2526,"minecraft:swim_one_cm":45129,"minecraft:fly_one_cm":1005993,"minecraft:open_chest":204,"minecraft:fish_caught":8,"minecraft:fall_one_cm":106097},"minecraft:mined":{"create:deepslate_zinc_ore":20,"byg:green_mushroom_block":8,"minecraft:granite":2,"minecraft:grass_block":537,"minecraft:cracked_polished_blackstone_bricks":2,"minecraft:soul_soil":18,"minecraft:hopper":1,"byg:wood_blewit_mushroom_block":12,"ars_nouveau:frostaya_pod":1,"ars_nouveau:arcane_core":1,"comforts:sleeping_bag_white":1,"minecraft:polished_blackstone_bricks":1,"minecraft:fire":1,"minecraft:iron_ore":41,"minecraft:cobbled_deepslate":5,"byg:prairie_grass":7,"minecraft:pumpkin":5,"minecraft:deepslate_lapis_ore":1,"ars_nouveau:red_archwood_log":3,"byg:travertine_slab":1,"ars_nouveau:enchanting_apparatus":1,"create:veridium":9,"byg:tall_prairie_grass":9,"minecraft:deepslate_redstone_ore":2,"byg:scorched_grass":1,"mekanism:osmium_ore":19,"minecraft:soul_fire":1,"ars_nouveau:light_block":6,"minecraft:torch":20,"minecraft:chest":3,"mekanism:tin_ore":10,"minecraft:cobblestone":3,"ars_nouveau:scribes_table":3,"minecraft:sugar_cane":5,"minecraft:wall_torch":28,"minecraft:deepslate_copper_ore":2,"minecraft:skeleton_skull":1,"byg:soapstone":60,"minecraft:wheat":1,"byg:subzero_ash_block":3,"minecraft:grass":152,"mekanism:deepslate_tin_ore":6,"minecraft:oak_log":19,"minecraft:beetroots":1,"minecraft:sand":3,"minecraft:dirt":26,"minecraft:smooth_basalt":1,"ars_nouveau:red_archwood_sapling":5,"minecraft:oak_leaves":5,"minecraft:deepslate":470,"byg:travertine":264,"ars_elemental:yellow_archwood_leaves":24,"minecraft:tuff":13,"byg:scoria_cobblestone":2,"minecraft:deepslate_diamond_ore":7,"minecraft:oak_door":2,"ars_nouveau:green_archwood_leaves":39,"mekanism:deepslate_osmium_ore":12,"minecraft:nether_bricks":28,"create_new_age:thorium_ore":2,"ars_nouveau:magebloom_crop":3,"byg:brown_mushroom_stem":3,"minecraft:furnace":2,"ars_nouveau:mendosteen_pod":3,"minecraft:nether_sprouts":1,"minecraft:andesite":39,"ars_nouveau:bombegranate_pod":1,"minecraft:nether_brick_fence":4,"ars_nouveau:agronomic_sourcelink":2,"minecraft:potatoes":77,"minecraft:deepslate_iron_ore":27,"minecraft:wet_sponge":4,"minecraft:stone":184,"mekanism:deepslate_lead_ore":11,"ars_nouveau:green_archwood_log":74,"minecraft:soul_sand":11,"minecraft:basalt":1,"create_new_age:magnetite_block":3,"minecraft:crafting_table":5,"minecraft:sponge":1,"minecraft:tall_grass":15,"minecraft:copper_ore":12,"ars_nouveau:source_jar":3,"minecraft:lapis_ore":4,"ars_elemental:yellow_archwood_log":32,"minecraft:diorite":22,"ars_nouveau:blue_archwood_leaves":119,"byg:scoria_stone":80,"ars_nouveau:blue_archwood_log":70,"ars_nouveau:arcane_pedestal":2,"minecraft:black_wool":1,"minecraft:coal_ore":34,"minecraft:sunflower":18,"minecraft:gravel":12,"mekanism:deepslate_fluorite_ore":6,"mekanism:deepslate_uranium_ore":24,"ars_nouveau:imbuement_chamber":4},"minecraft:crafted":{"minecraft:oak_planks":22,"ars_nouveau:archwood_planks":27,"mekanism:ingot_osmium":28,"minecraft:stone":12,"sophisticatedbackpacks:crafting_upgrade":1,"minecraft:cooked_mutton":4,"minecraft:glass":2,"minecraft:hopper":2,"minecraft:iron_boots":1,"minecraft:chest":11,"ars_nouveau:enchanting_apparatus":1,"minecraft:stone_hoe":2,"minecraft:golden_boots":1,"mekanism:ingot_tin":9,"ars_nouveau:dull_trinket":1,"sophisticatedbackpacks:backpack":1,"minecraft:cooked_porkchop":2,"minecraft:crafting_table":6,"minecraft:iron_helmet":1,"byg:travertine_slab":2,"minecraft:wooden_pickaxe":1,"ars_nouveau:source_jar":1,"minecraft:fletching_table":1,"sophisticatedbackpacks:upgrade_base":1,"mekanism:ingot_lead":6,"minecraft:iron_chestplate":1,"minecraft:book":1,"minecraft:paper":1,"minecraft:charcoal":33,"ars_nouveau:archwood_chest":2,"minecraft:stick":15,"minecraft:iron_ingot":34,"minecraft:iron_pickaxe":5,"minecraft:gold_ingot":28,"ars_nouveau:scribes_table":1,"ars_nouveau:arcane_pedestal":6,"minecraft:shears":1,"minecraft:oak_door":1,"minecraft:fishing_rod":1,"minecraft:iron_nugget":2,"comforts:sleeping_bag_white":1,"ars_nouveau:magebloom_fiber":3,"minecraft:furnace":1,"minecraft:bone_meal":9,"ars_nouveau:archwood_slab":7,"minecraft:lantern":1,"ars_nouveau:novice_spell_book":1,"minecraft:iron_axe":2,"minecraft:stone_pickaxe":3,"ars_nouveau:agronomic_sourcelink":1,"sophisticatedbackpacks:iron_backpack":1,"minecraft:cooked_cod":2,"ars_nouveau:repository":1,"minecraft:iron_sword":1,"minecraft:bucket":1,"minecraft:stone_axe":1,"minecraft:air":582,"ars_nouveau:sourcestone":4,"minecraft:gold_nugget":5,"minecraft:white_dye":3,"minecraft:iron_shovel":4,"minecraft:iron_leggings":1,"minecraft:torch":28},"minecraft:dropped":{"byg:biomepedia":1,"ars_nouveau:novice_spell_book":3,"minecraft:porkchop":12,"minecraft:lantern":1,"minecraft:fletching_table":1,"minecraft:flint":1,"minecraft:dirt":32,"ars_nouveau:glyph_break":1,"minecraft:sunflower":13,"minecraft:sand":2,"minecraft:iron_pickaxe":3,"minecraft:fishing_rod":2,"minecraft:white_wool":3,"byg:subzero_ash_block":1,"alexsmobs:animal_dictionary":4,"minecraft:cobbled_deepslate":77,"ars_nouveau:glyph_projectile":1,"minecraft:rotten_flesh":24,"minecraft:cooked_mutton":3,"minecraft:salmon":2,"ars_nouveau:archwood_slab":3,"minecraft:chest":2,"minecraft:white_dye":3,"minecraft:arrow":8,"minecraft:beef":1,"minecraft:quartz":8,"minecraft:egg":1,"minecraft:stone_hoe":3,"minecraft:iron_ingot":9,"minecraft:wheat_seeds":31,"minecraft:poisonous_potato":4,"minecraft:feather":1,"minecraft:cobblestone":15,"minecraft:stick":2,"ars_nouveau:blue_archwood_leaves":133,"minecraft:pufferfish":8,"ars_nouveau:worn_notebook":1,"ars_nouveau:bombegranate_pod":2,"minecraft:diorite":2,"minecraft:torch":947,"minecraft:brown_wool":1,"minecraft:iron_axe":1,"byg:green_mushroom":1,"minecraft:iron_shovel":2,"minecraft:dandelion":1,"minecraft:tuff":2,"minecraft:shears":1,"create_new_age:magnetite_block":4,"minecraft:bow":1,"minecraft:wooden_pickaxe":1},"minecraft:broken":{"minecraft:iron_shovel":2,"minecraft:stone_pickaxe":3,"minecraft:stone_axe":1,"minecraft:iron_pickaxe":2}},"DataVersion":3120}