{"stats":{"minecraft:custom":{"minecraft:interact_with_furnace":10,"minecraft:mob_kills":8,"minecraft:interact_with_crafting_table":12,"minecraft:time_since_death":41678,"minecraft:time_since_rest":41678,"minecraft:sprint_one_cm":37925,"minecraft:damage_taken":480,"minecraft:walk_one_cm":133097,"minecraft:drop":10,"minecraft:damage_dealt":1040,"minecraft:fly_one_cm":62417,"minecraft:swim_one_cm":9701,"minecraft:crouch_one_cm":1592,"minecraft:play_time":41678,"minecraft:sneak_time":584,"minecraft:walk_under_water_one_cm":6505,"minecraft:jump":616,"minecraft:walk_on_water_one_cm":8379,"minecraft:total_world_time":41678,"minecraft:fall_one_cm":17656},"minecraft:broken":{"minecraft:stone_pickaxe":1},"minecraft:picked_up":{"minecraft:crafting_table":3,"byg:soapstone":17,"mekanism:raw_lead":2,"minecraft:andesite":1,"minecraft:oak_log":16,"minecraft:dirt":3,"minecraft:raw_copper":42,"minecraft:cooked_mutton":2,"minecraft:bone":2,"minecraft:bow":1,"minecraft:wheat_seeds":1,"minecraft:cobbled_deepslate":2,"minecraft:sugar_cane":8,"minecraft:egg":3,"minecraft:furnace":1,"minecraft:raw_iron":6,"minecraft:oak_door":2,"minecraft:pumpkin":5,"minecraft:porkchop":2,"minecraft:diorite":9,"mekanism:raw_osmium":17,"mekanism:raw_tin":3,"minecraft:arrow":2,"minecraft:rotten_flesh":7,"mekanism:fluorite_gem":5,"minecraft:black_wool":1,"minecraft:mutton":4,"minecraft:coal":26,"minecraft:white_wool":1,"minecraft:cobblestone":130,"minecraft:sunflower":3},"minecraft:mined":{"mekanism:deepslate_lead_ore":2,"mekanism:osmium_ore":6,"minecraft:oak_door":2,"mekanism:deepslate_osmium_ore":11,"minecraft:crafting_table":3,"mekanism:tin_ore":1,"minecraft:copper_ore":12,"minecraft:cobblestone":3,"minecraft:sugar_cane":4,"minecraft:diorite":9,"byg:soapstone":17,"minecraft:furnace":1,"minecraft:iron_ore":6,"minecraft:cobbled_deepslate":1,"minecraft:andesite":1,"minecraft:pumpkin":5,"minecraft:grass":5,"mekanism:deepslate_tin_ore":2,"minecraft:oak_log":16,"minecraft:coal_ore":26,"minecraft:sunflower":3,"mekanism:deepslate_fluorite_ore":2,"minecraft:dirt":3,"minecraft:stone":126,"minecraft:oak_leaves":5,"minecraft:deepslate":2},"minecraft:used":{"minecraft:cooked_mutton":2,"minecraft:diorite":3,"minecraft:stone_pickaxe":213,"minecraft:wooden_pickaxe":26,"minecraft:stone":12,"minecraft:oak_door":4,"minecraft:torch":8,"minecraft:dirt":3,"minecraft:crafting_table":5,"minecraft:sunflower":1,"byg:soapstone":7,"minecraft:stone_axe":13,"minecraft:cobblestone":27,"minecraft:furnace":2,"minecraft:cooked_porkchop":2,"minecraft:egg":2,"minecraft:cobbled_deepslate":2},"minecraft:killed":{"minecraft:pig":2,"minecraft:sheep":2,"minecraft:skeleton":1,"minecraft:zombie":2},"minecraft:dropped":{"minecraft:wheat_seeds":1,"minecraft:cooked_mutton":3,"minecraft:sunflower":2,"minecraft:arrow":1,"minecraft:bow":1,"minecraft:wooden_pickaxe":1,"minecraft:egg":1},"minecraft:crafted":{"minecraft:oak_door":1,"minecraft:oak_planks":8,"minecraft:cooked_porkchop":2,"minecraft:crafting_table":2,"minecraft:wooden_pickaxe":1,"minecraft:furnace":1,"minecraft:stone":12,"minecraft:stone_axe":1,"minecraft:cooked_mutton":4,"minecraft:air":70,"minecraft:stick":3,"minecraft:stone_pickaxe":2,"minecraft:torch":4}},"DataVersion":3120}