{"stats":{"minecraft:custom":{"minecraft:interact_with_furnace":16,"minecraft:mob_kills":14,"minecraft:interact_with_crafting_table":21,"minecraft:leave_game":1,"minecraft:time_since_death":77581,"minecraft:time_since_rest":77581,"minecraft:sprint_one_cm":61694,"minecraft:damage_taken":715,"minecraft:walk_one_cm":203862,"minecraft:drop":13,"minecraft:damage_dealt":2159,"minecraft:swim_one_cm":12766,"minecraft:fly_one_cm":94199,"minecraft:crouch_one_cm":2099,"minecraft:play_time":77581,"minecraft:sneak_time":870,"minecraft:walk_under_water_one_cm":17447,"minecraft:jump":860,"minecraft:walk_on_water_one_cm":13534,"minecraft:total_world_time":77581,"minecraft:fall_one_cm":24097},"minecraft:broken":{"minecraft:stone_pickaxe":2},"minecraft:picked_up":{"minecraft:crafting_table":4,"byg:soapstone":17,"mekanism:raw_uranium":8,"minecraft:glow_ink_sac":3,"mekanism:raw_lead":3,"minecraft:andesite":3,"create:raw_zinc":10,"minecraft:oak_log":16,"minecraft:dirt":3,"minecraft:lapis_lazuli":8,"minecraft:string":2,"minecraft:raw_copper":50,"minecraft:cooked_mutton":2,"minecraft:bone":4,"minecraft:bow":1,"minecraft:wheat_seeds":1,"minecraft:cobbled_deepslate":98,"minecraft:iron_ingot":38,"minecraft:sugar_cane":8,"minecraft:egg":3,"minecraft:furnace":2,"minecraft:raw_iron":29,"minecraft:smooth_basalt":1,"minecraft:oak_door":2,"minecraft:pumpkin":5,"minecraft:torch":11,"minecraft:gravel":22,"minecraft:porkchop":2,"minecraft:diorite":9,"mekanism:raw_osmium":17,"mekanism:raw_tin":3,"minecraft:arrow":4,"minecraft:rotten_flesh":14,"mekanism:fluorite_gem":19,"create:veridium":10,"minecraft:black_wool":1,"minecraft:mutton":4,"minecraft:coal":32,"minecraft:white_wool":1,"minecraft:cobblestone":130,"minecraft:sunflower":3},"minecraft:mined":{"mekanism:deepslate_lead_ore":3,"create:deepslate_zinc_ore":10,"mekanism:osmium_ore":6,"minecraft:oak_door":2,"mekanism:deepslate_osmium_ore":11,"minecraft:crafting_table":4,"minecraft:torch":5,"mekanism:tin_ore":1,"minecraft:copper_ore":12,"minecraft:cobblestone":3,"minecraft:sugar_cane":4,"minecraft:diorite":9,"minecraft:wall_torch":4,"minecraft:deepslate_copper_ore":2,"byg:soapstone":17,"minecraft:furnace":2,"minecraft:iron_ore":6,"minecraft:cobbled_deepslate":1,"minecraft:andesite":3,"minecraft:pumpkin":5,"minecraft:deepslate_lapis_ore":1,"minecraft:grass":5,"mekanism:deepslate_tin_ore":2,"minecraft:oak_log":16,"minecraft:coal_ore":26,"minecraft:deepslate_iron_ore":24,"minecraft:gravel":4,"minecraft:sunflower":3,"mekanism:deepslate_fluorite_ore":6,"minecraft:dirt":3,"mekanism:deepslate_uranium_ore":8,"minecraft:smooth_basalt":1,"minecraft:stone":126,"create:veridium":9,"minecraft:oak_leaves":5,"minecraft:deepslate":140},"minecraft:used":{"minecraft:cooked_mutton":3,"minecraft:water_bucket":2,"minecraft:diorite":9,"minecraft:stone_pickaxe":262,"minecraft:wooden_pickaxe":26,"minecraft:stone":12,"minecraft:rotten_flesh":7,"minecraft:oak_door":5,"minecraft:torch":33,"minecraft:dirt":3,"minecraft:crafting_table":7,"minecraft:sunflower":1,"minecraft:iron_pickaxe":154,"byg:soapstone":7,"minecraft:smooth_basalt":1,"minecraft:stone_axe":29,"minecraft:cobblestone":27,"minecraft:furnace":3,"minecraft:cooked_porkchop":2,"minecraft:bucket":2,"minecraft:andesite":3,"minecraft:egg":2,"minecraft:cobbled_deepslate":19,"minecraft:iron_leggings":1},"minecraft:killed":{"minecraft:pig":2,"minecraft:spider":1,"minecraft:sheep":2,"minecraft:skeleton":2,"minecraft:zombie":4,"minecraft:glow_squid":1},"minecraft:dropped":{"minecraft:iron_ingot":9,"minecraft:wheat_seeds":1,"minecraft:cobbled_deepslate":3,"minecraft:rotten_flesh":7,"minecraft:cooked_mutton":3,"minecraft:sunflower":2,"minecraft:arrow":1,"minecraft:bow":1,"minecraft:wooden_pickaxe":1,"minecraft:egg":1},"minecraft:crafted":{"minecraft:oak_door":1,"minecraft:oak_planks":16,"minecraft:cooked_porkchop":2,"minecraft:crafting_table":3,"minecraft:wooden_pickaxe":1,"minecraft:iron_helmet":1,"minecraft:furnace":1,"minecraft:stone":12,"minecraft:bucket":1,"minecraft:stone_axe":1,"minecraft:cooked_mutton":4,"minecraft:air":193,"minecraft:iron_boots":1,"minecraft:iron_chestplate":1,"minecraft:stick":8,"minecraft:iron_ingot":10,"minecraft:iron_pickaxe":1,"minecraft:stone_pickaxe":2,"minecraft:iron_leggings":1,"minecraft:torch":20}},"DataVersion":3120}