{"stats":{"minecraft:custom":{"minecraft:interact_with_crafting_table":110,"minecraft:leave_game":13,"minecraft:time_since_death":358382,"minecraft:sprint_one_cm":1416898,"minecraft:drop":572,"minecraft:talked_to_villager":4,"minecraft:play_time":995886,"minecraft:deaths":2,"minecraft:jump":11239,"minecraft:walk_on_water_one_cm":133752,"minecraft:interact_with_furnace":57,"minecraft:play_record":2,"minecraft:sleep_in_bed":48,"minecraft:waystone_activated":5,"minecraft:damage_dealt":24154,"minecraft:crouch_one_cm":105592,"minecraft:mob_kills":230,"minecraft:inspect_hopper":17,"minecraft:damage_dealt_resisted":258,"minecraft:climb_one_cm":2458,"minecraft:walk_one_cm":2519776,"minecraft:damage_dealt_absorbed":27,"minecraft:sneak_time":28317,"minecraft:walk_under_water_one_cm":159554,"minecraft:boat_one_cm":520,"minecraft:interact_with_blast_furnace":1,"minecraft:total_world_time":995886,"minecraft:time_since_rest":12189,"minecraft:damage_taken":4807,"minecraft:fly_one_cm":2156801,"minecraft:swim_one_cm":110774,"minecraft:open_chest":393,"minecraft:fish_caught":8,"minecraft:fall_one_cm":207407},"minecraft:picked_up":{"minecraft:iron_chestplate":1,"minecraft:wheat":1,"minecraft:nether_brick_fence":4,"mekanism:raw_uranium":25,"minecraft:lead":2,"ars_nouveau:pierce_arrow":26,"alexsmobs:bison_fur_block":1,"minecraft:brown_bed":1,"ars_nouveau:bombegranate_pod":11,"byg:subzero_ash_block":31,"minecraft:brewing_stand":1,"byg:travertine_slab":1,"minecraft:string":138,"minecraft:raw_copper":50,"minecraft:soul_soil":36,"create:limestone":64,"minecraft:iron_leggings":1,"minecraft:pufferfish":8,"ars_nouveau:dowsing_rod":1,"minecraft:cobbled_deepslate":752,"minecraft:bucket":1,"comforts:sleeping_bag_white":7,"minecraft:calcite":3,"ars_nouveau:mendosteen_pod":10,"minecraft:iron_pickaxe":3,"mekanism:deepslate_uranium_ore":6,"ars_elemental:flashpine_pod":15,"minecraft:iron_boots":1,"minecraft:furnace":2,"minecraft:stick":25,"minecraft:jukebox":1,"byg:green_mushroom":1,"minecraft:torch":1051,"minecraft:porkchop":15,"ars_nouveau:archwood_chest":1,"minecraft:diorite":37,"mekanism:raw_tin":77,"ars_nouveau:apprentice_spell_book":1,"minecraft:stone_sword":2,"minecraft:rotten_flesh":49,"ars_nouveau:arcane_core":1,"ars_nouveau:agronomic_sourcelink":2,"minecraft:tropical_fish":1,"create:scoria":1,"ars_nouveau:worn_notebook":4,"minecraft:polished_basalt":1,"ars_nouveau:imbuement_chamber":6,"create:asurine":10,"ars_nouveau:glyph_extract":1,"create:veridium":10,"ars_nouveau:whirlisprig_shards":1,"ars_elemental:yellow_archwood_leaves":46,"minecraft:blaze_rod":2,"alexsmobs:flying_fish":1,"minecraft:obsidian":235,"minecraft:cod":3,"minecraft:cobblestone":441,"minecraft:sponge":5,"minecraft:feather":4,"minecraft:andesite":76,"ars_nouveau:source_berry":45,"minecraft:brown_wool":1,"minecraft:potato":281,"alexsmobs:bison_fur":23,"create:raw_zinc":47,"ars_nouveau:magebloom":26,"minecraft:flint":3,"minecraft:tuff":61,"ars_elemental:yellow_archwood_sapling":14,"ars_nouveau:glyph_amplify":1,"ars_nouveau:scribes_table":3,"minecraft:lapis_lazuli":236,"ars_nouveau:amulet_of_mana_boost":1,"minecraft:dirt":597,"minecraft:bone":29,"minecraft:bow":1,"ars_nouveau:source_gem":65,"minecraft:wheat_seeds":52,"minecraft:raw_gold":41,"create_new_age:magnetite_block":19,"minecraft:stone_hoe":2,"minecraft:oak_planks":14,"ars_nouveau:glyph_projectile":2,"minecraft:poisonous_potato":4,"ars_nouveau:music_disc_aria_biblio":1,"minecraft:sand":6,"ars_nouveau:blue_archwood_leaves":168,"sophisticatedbackpacks:iron_backpack":2,"minecraft:grass_block":4,"ars_elemental:yellow_archwood_log":33,"ars_nouveau:sourcestone":2,"alexsmobs:animal_dictionary":4,"minecraft:mossy_cobblestone":1,"ars_nouveau:apprentice_boots":1,"minecraft:deepslate":15,"minecraft:diamond":18,"waystones:waystone":2,"minecraft:deepslate_gold_ore":1,"minecraft:cracked_polished_blackstone_bricks":2,"minecraft:crossbow":1,"minecraft:granite":7,"byg:travertine":427,"minecraft:emerald":1,"minecraft:bread":24,"ars_nouveau:arcane_pedestal":2,"minecraft:diamond_pickaxe":1,"ars_nouveau:red_archwood_log":110,"minecraft:fishing_rod":3,"minecraft:charcoal":2,"minecraft:crafting_table":8,"byg:soapstone":65,"create_new_age:thorium":38,"minecraft:chicken":1,"ars_nouveau:blue_archwood_sapling":6,"byg:emeraldite_ore":9,"ars_nouveau:purple_archwood_leaves":64,"ars_nouveau:archwood_slab":3,"ars_nouveau:amplify_arrow":20,"ars_nouveau:archwood_planks":16,"minecraft:iron_axe":3,"ars_nouveau:glyph_break":1,"ars_nouveau:apprentice_hood":1,"minecraft:iron_shovel":2,"ars_nouveau:glyph_pierce":1,"minecraft:beef":80,"minecraft:iron_nugget":24,"minecraft:poppy":5,"minecraft:sugar_cane":11,"minecraft:chest":8,"minecraft:spruce_trapdoor":1,"minecraft:egg":3,"ars_nouveau:purple_archwood_log":53,"minecraft:raw_iron":220,"minecraft:stone":2,"minecraft:oak_door":2,"minecraft:copper_ingot":1,"ars_nouveau:purple_archwood_sapling":1,"ars_nouveau:blue_archwood_log":72,"minecraft:polished_blackstone_bricks":1,"ars_nouveau:frostaya_pod":14,"minecraft:carrot":1,"minecraft:redstone":14,"ars_nouveau:music_disc_firel_the_wild_hunt":1,"ars_nouveau:green_archwood_log":74,"ars_nouveau:enchanting_apparatus":3,"minecraft:arrow":28,"minecraft:nether_bricks":27,"minecraft:shears":1,"minecraft:hay_block":3,"minecraft:mutton":16,"minecraft:rail":6,"minecraft:skeleton_skull":1,"minecraft:white_wool":10,"minecraft:wet_sponge":4,"minecraft:basalt":14,"minecraft:glow_ink_sac":3,"mekanism:raw_lead":22,"minecraft:salmon":3,"minecraft:leather":9,"minecraft:oak_log":22,"minecraft:gunpowder":19,"minecraft:cooked_mutton":2,"byg:scoria_cobblestone":152,"ars_nouveau:apprentice_robes":1,"ars_nouveau:green_archwood_sapling":8,"minecraft:apple":11,"byg:scoria_stone":3,"minecraft:iron_ingot":39,"byg:subzero_crystal_shard":59,"minecraft:soul_sand":38,"minecraft:smooth_basalt":1,"ars_nouveau:source_jar":3,"minecraft:pumpkin":5,"ars_nouveau:red_archwood_sapling":25,"minecraft:quartz":8,"minecraft:dandelion":2,"minecraft:raw_iron_block":2,"byg:wailing_bell_blossom":3,"ars_nouveau:novice_spell_book":3,"minecraft:gravel":28,"ars_nouveau:bastion_pod":6,"ars_nouveau:dominion_wand":1,"mekanism:raw_osmium":59,"minecraft:spider_eye":3,"ars_nouveau:apprentice_leggings":1,"ars_nouveau:glyph_light":1,"alexsmobs:raw_catfish":2,"minecraft:iron_helmet":1,"mekanism:fluorite_gem":19,"ars_nouveau:green_archwood_leaves":37,"minecraft:black_wool":1,"minecraft:coal":169,"ars_nouveau:magebloom_crop":37,"minecraft:hopper":1,"minecraft:ender_pearl":3,"minecraft:sunflower":22},"minecraft:broken":{"minecraft:iron_shovel":2,"minecraft:stone_pickaxe":3,"minecraft:stone_axe":1,"minecraft:stone_sword":1,"minecraft:iron_pickaxe":2},"minecraft:used":{"byg:travertine":394,"minecraft:nether_brick_fence":1,"minecraft:iron_shovel":566,"ars_nouveau:magebloom_crop":37,"minecraft:chest":13,"minecraft:stone":12,"minecraft:rotten_flesh":7,"alexsmobs:bison_fur_block":1,"minecraft:soul_sand":15,"ars_nouveau:red_archwood_sapling":8,"minecraft:mutton":4,"minecraft:nether_bricks":1,"minecraft:carrot":1,"minecraft:tuff":6,"ars_nouveau:bombegranate_pod":1,"minecraft:obsidian":106,"minecraft:lava_bucket":2,"ars_nouveau:archwood_chest":3,"ars_nouveau:music_disc_aria_biblio":1,"minecraft:grass_block":4,"minecraft:wet_sponge":2,"ars_nouveau:apprentice_robes":2,"ars_nouveau:green_archwood_sapling":4,"ars_nouveau:source_berry":1,"minecraft:bow":11,"minecraft:hay_block":3,"minecraft:furnace":3,"minecraft:cooked_cod":2,"minecraft:egg":2,"minecraft:potato":124,"ars_nouveau:green_archwood_log":2,"ars_nouveau:repository":1,"ars_nouveau:music_disc_firel_the_wild_hunt":1,"byg:scoria_stone":3,"minecraft:diorite":11,"mekanismtools:osmium_paxel":459,"minecraft:stone_pickaxe":393,"ars_nouveau:mendosteen_pod":5,"minecraft:ender_pearl":1,"minecraft:wooden_pickaxe":26,"minecraft:sand":2,"ars_nouveau:archwood_planks":133,"ars_nouveau:agronomic_sourcelink":3,"minecraft:sponge":5,"minecraft:shears":174,"ars_nouveau:enchanting_apparatus":3,"waystones:waystone":2,"ars_elemental:flashpine_pod":8,"minecraft:bread":20,"minecraft:gravel":4,"minecraft:andesite":6,"minecraft:bone_meal":30,"sophisticatedbackpacks:iron_backpack":2,"minecraft:stone_sword":128,"minecraft:flint_and_steel":1,"ars_nouveau:arcane_core":1,"ars_nouveau:dominion_wand":8,"minecraft:deepslate_gold_ore":1,"minecraft:stone_hoe":81,"minecraft:cooked_chicken":1,"minecraft:oak_door":5,"minecraft:torch":173,"minecraft:dirt":237,"minecraft:hopper":3,"byg:travertine_slab":13,"ars_nouveau:frostaya_pod":1,"minecraft:iron_axe":245,"minecraft:iron_boots":1,"ars_nouveau:imbuement_chamber":7,"minecraft:smooth_basalt":1,"minecraft:basalt":7,"minecraft:beef":4,"minecraft:soul_soil":4,"comforts:sleeping_bag_white":7,"minecraft:cooked_beef":19,"minecraft:cobbled_deepslate":847,"minecraft:iron_leggings":2,"minecraft:brown_bed":1,"sophisticatedbackpacks:gold_backpack":2,"minecraft:wheat_seeds":2,"minecraft:cooked_mutton":9,"alexsmobs:cooked_catfish":2,"minecraft:water_bucket":20,"ars_nouveau:apprentice_hood":1,"minecraft:baked_potato":32,"minecraft:salmon":1,"minecraft:mossy_cobblestone":1,"minecraft:crafting_table":12,"minecraft:cod":1,"alexsmobs:flying_fish":1,"ars_nouveau:apprentice_leggings":1,"minecraft:black_wool":1,"minecraft:apple":9,"minecraft:diamond_pickaxe":337,"ars_nouveau:source_jar":4,"minecraft:cracked_polished_blackstone_bricks":1,"minecraft:sunflower":1,"minecraft:iron_pickaxe":745,"ars_nouveau:arcane_pedestal":8,"minecraft:spruce_trapdoor":1,"byg:soapstone":9,"minecraft:stone_axe":86,"minecraft:fishing_rod":13,"minecraft:cobblestone":176,"minecraft:porkchop":1,"byg:scoria_cobblestone":152,"minecraft:cooked_porkchop":2,"minecraft:bucket":23,"alexsmobs:animal_dictionary":1,"minecraft:jukebox":1,"minecraft:dandelion":1,"byg:subzero_ash_block":22,"ars_nouveau:scribes_table":4},"minecraft:killed":{"minecraft:cave_spider":11,"minecraft:spider":15,"minecraft:skeleton":29,"minecraft:chicken":1,"minecraft:magma_cube":16,"minecraft:pig":3,"mekanismadditions:baby_creeper":1,"minecraft:creeper":20,"minecraft:sheep":11,"minecraft:trader_llama":2,"minecraft:pillager":3,"minecraft:zombie":56,"alexsmobs:terrapin":3,"minecraft:ghast":2,"minecraft:glow_squid":1,"minecraft:blaze":4,"minecraft:cow":7,"mekanismadditions:baby_skeleton":3,"alexsmobs:bison":10,"minecraft:drowned":3,"alexsmobs:flying_fish":2,"minecraft:wandering_trader":1,"minecraft:squid":1,"alexsmobs:catfish":1,"ars_nouveau:whirlisprig":2,"alexsmobs:crow":3,"minecraft:wither_skeleton":5,"minecraft:enderman":4},"minecraft:killed_by":{"minecraft:spider":1},"minecraft:dropped":{"sophisticatedbackpacks:iron_backpack":1,"byg:biomepedia":1,"ars_nouveau:novice_spell_book":3,"minecraft:porkchop":12,"mekanism:ingot_tin":76,"minecraft:crossbow":1,"minecraft:lantern":1,"minecraft:fletching_table":1,"alexsmobs:bison_fur":23,"minecraft:rail":6,"minecraft:emerald":1,"minecraft:flint":1,"minecraft:dirt":32,"ars_nouveau:glyph_break":1,"gravestone:obituary":1,"minecraft:bone_meal":18,"minecraft:sand":2,"minecraft:sunflower":13,"minecraft:iron_pickaxe":3,"minecraft:fishing_rod":2,"minecraft:white_wool":7,"minecraft:gold_ingot":1,"minecraft:bone":2,"mekanism:ingot_osmium":52,"ars_nouveau:apprentice_spell_book":1,"alexsmobs:animal_dictionary":4,"minecraft:cobbled_deepslate":77,"byg:subzero_ash_block":7,"ars_nouveau:wilden_spike":1,"minecraft:obsidian":11,"ars_nouveau:glyph_projectile":1,"minecraft:rotten_flesh":36,"byg:emeraldite_ore":9,"minecraft:cooked_mutton":3,"minecraft:nether_brick_fence":3,"ars_nouveau:archwood_slab":3,"minecraft:salmon":2,"minecraft:chest":2,"farmersdelight:rope":3,"minecraft:white_dye":3,"minecraft:arrow":9,"minecraft:beef":1,"minecraft:quartz":8,"ars_nouveau:red_archwood_sapling":1,"minecraft:egg":1,"minecraft:stone_hoe":3,"minecraft:iron_ingot":9,"minecraft:wheat_seeds":40,"minecraft:feather":2,"minecraft:poisonous_potato":4,"ars_nouveau:magebloom":3,"minecraft:cobblestone":15,"byg:wailing_bell_blossom":3,"minecraft:pufferfish":8,"minecraft:stick":3,"ars_nouveau:blue_archwood_leaves":133,"ars_nouveau:worn_notebook":1,"ars_nouveau:bombegranate_pod":2,"minecraft:diorite":2,"minecraft:torch":947,"mekanism:raw_uranium":1,"minecraft:brown_wool":1,"minecraft:iron_axe":1,"byg:green_mushroom":1,"minecraft:iron_shovel":2,"minecraft:dandelion":1,"mekanism:deepslate_uranium_ore":6,"minecraft:stone_sword":2,"minecraft:tuff":19,"minecraft:shears":1,"minecraft:flint_and_steel":1,"create_new_age:magnetite_block":4,"minecraft:diamond_pickaxe":1,"minecraft:andesite":1,"minecraft:spider_eye":3,"minecraft:wooden_pickaxe":1,"minecraft:bow":1,"mekanism:ingot_lead":22},"minecraft:mined":{"create:deepslate_zinc_ore":20,"byg:green_mushroom_block":8,"minecraft:brewing_stand":1,"minecraft:obsidian":9,"minecraft:granite":2,"minecraft:grass_block":551,"sophisticatedbackpacks:iron_backpack":1,"minecraft:cracked_polished_blackstone_bricks":2,"ars_nouveau:bastion_pod":1,"minecraft:soul_soil":22,"ars_nouveau:sourceberry_bush":9,"minecraft:hopper":1,"byg:wood_blewit_mushroom_block":12,"ars_nouveau:frostaya_pod":2,"minecraft:spawner":3,"ars_nouveau:arcane_core":1,"comforts:sleeping_bag_white":1,"minecraft:polished_blackstone_bricks":1,"minecraft:raw_iron_block":2,"minecraft:iron_ore":41,"minecraft:cobbled_deepslate":38,"minecraft:fire":25,"byg:prairie_grass":8,"minecraft:pumpkin":5,"minecraft:deepslate_lapis_ore":2,"create:asurine":10,"ars_nouveau:red_archwood_log":3,"byg:travertine_slab":1,"ars_nouveau:enchanting_apparatus":1,"create:veridium":9,"create:limestone":39,"byg:tall_prairie_grass":15,"minecraft:deepslate_redstone_ore":2,"byg:scorched_grass":1,"mekanism:osmium_ore":19,"ars_nouveau:light_block":17,"minecraft:soul_fire":2,"minecraft:torch":20,"ars_elemental:flashpine_pod":1,"minecraft:poppy":4,"minecraft:chest":3,"mekanism:tin_ore":10,"minecraft:cobblestone":4,"ars_nouveau:scribes_table":3,"minecraft:sugar_cane":6,"minecraft:wall_torch":28,"minecraft:deepslate_copper_ore":2,"minecraft:skeleton_skull":1,"byg:wailing_bell_blossom":3,"byg:soapstone":60,"ars_nouveau:archwood_planks":4,"minecraft:wheat":1,"minecraft:jukebox":1,"byg:subzero_ash_block":41,"minecraft:grass":159,"mekanism:deepslate_tin_ore":6,"minecraft:oak_log":19,"minecraft:beetroots":1,"minecraft:sand":3,"minecraft:dirt":37,"minecraft:smooth_basalt":1,"ars_nouveau:red_archwood_sapling":5,"minecraft:oak_leaves":5,"minecraft:deepslate":485,"byg:travertine":278,"ars_elemental:yellow_archwood_leaves":24,"minecraft:tuff":26,"byg:scoria_cobblestone":6,"minecraft:mossy_cobblestone":1,"minecraft:deepslate_diamond_ore":9,"minecraft:oak_door":2,"ars_nouveau:green_archwood_leaves":42,"mekanism:deepslate_osmium_ore":12,"minecraft:nether_bricks":28,"gravestone:gravestone":1,"create_new_age:thorium_ore":2,"minecraft:hay_block":3,"ars_nouveau:magebloom_crop":30,"byg:brown_mushroom_stem":3,"minecraft:furnace":2,"ars_nouveau:mendosteen_pod":6,"minecraft:nether_sprouts":1,"minecraft:andesite":39,"ars_nouveau:bombegranate_pod":3,"minecraft:nether_brick_fence":5,"minecraft:potatoes":96,"ars_nouveau:agronomic_sourcelink":2,"minecraft:deepslate_iron_ore":67,"minecraft:rail":6,"minecraft:wet_sponge":4,"minecraft:stone":190,"ars_nouveau:purple_archwood_log":53,"byg:white_puffball":1,"mekanism:deepslate_lead_ore":11,"ars_nouveau:green_archwood_log":74,"minecraft:soul_sand":23,"minecraft:basalt":3,"create_new_age:magnetite_block":6,"minecraft:crafting_table":5,"minecraft:sponge":1,"minecraft:tall_grass":16,"minecraft:copper_ore":12,"ars_nouveau:source_jar":3,"minecraft:deepslate_gold_ore":19,"minecraft:lapis_ore":4,"ars_elemental:yellow_archwood_log":32,"minecraft:diorite":22,"ars_nouveau:blue_archwood_leaves":119,"ars_nouveau:blue_archwood_log":72,"byg:scoria_stone":85,"ars_nouveau:arcane_pedestal":2,"ars_nouveau:purple_archwood_leaves":4,"byg:wailing_grass":1,"minecraft:black_wool":1,"minecraft:coal_ore":37,"alexsmobs:bison_fur_block":1,"minecraft:sunflower":18,"minecraft:gravel":12,"mekanism:deepslate_fluorite_ore":6,"mekanism:deepslate_uranium_ore":25,"minecraft:cobweb":124,"ars_nouveau:imbuement_chamber":6},"minecraft:crafted":{"minecraft:oak_planks":22,"ars_nouveau:archwood_planks":255,"mekanism:ingot_osmium":28,"minecraft:stone":12,"sophisticatedbackpacks:crafting_upgrade":1,"minecraft:cooked_mutton":4,"minecraft:quartz_block":2,"minecraft:glass":2,"minecraft:hopper":2,"ars_nouveau:apprentice_hood":1,"minecraft:bow":1,"minecraft:iron_boots":2,"minecraft:chest":11,"ars_nouveau:apprentice_spell_book":1,"ars_nouveau:enchanting_apparatus":1,"minecraft:stone_hoe":2,"minecraft:golden_boots":1,"minecraft:raw_iron_block":7,"mekanismtools:osmium_pickaxe":1,"mekanism:ingot_tin":9,"ars_nouveau:dull_trinket":1,"sophisticatedbackpacks:backpack":1,"minecraft:cooked_porkchop":2,"minecraft:crafting_table":6,"minecraft:iron_helmet":2,"minecraft:wooden_pickaxe":1,"byg:travertine_slab":2,"minecraft:raw_gold_block":2,"ars_nouveau:source_jar":1,"minecraft:gold_block":7,"minecraft:fletching_table":1,"minecraft:hay_block":1,"sophisticatedbackpacks:upgrade_base":2,"mekanism:ingot_lead":6,"minecraft:book":1,"minecraft:iron_chestplate":1,"minecraft:paper":1,"ars_nouveau:apprentice_robes":2,"minecraft:charcoal":33,"ars_nouveau:archwood_chest":2,"minecraft:stick":27,"minecraft:iron_ingot":36,"minecraft:iron_pickaxe":5,"minecraft:stone_sword":3,"minecraft:gold_ingot":29,"ars_nouveau:scribes_table":1,"ars_nouveau:arcane_pedestal":6,"minecraft:shears":1,"minecraft:oak_door":1,"mekanismtools:osmium_paxel":1,"minecraft:fishing_rod":1,"minecraft:jukebox":1,"minecraft:iron_nugget":2,"alexsmobs:bison_fur":9,"ars_nouveau:apprentice_leggings":2,"comforts:sleeping_bag_white":1,"mekanismtools:osmium_shovel":1,"ars_nouveau:magebloom_fiber":13,"minecraft:furnace":1,"sophisticatedbackpacks:jukebox_upgrade":1,"minecraft:bone_meal":17,"ars_nouveau:archwood_slab":7,"minecraft:flint_and_steel":1,"mekanismtools:osmium_axe":1,"minecraft:lantern":1,"ars_nouveau:novice_spell_book":1,"minecraft:iron_axe":2,"minecraft:stone_pickaxe":3,"ars_nouveau:apprentice_boots":1,"ars_nouveau:agronomic_sourcelink":1,"sophisticatedbackpacks:iron_backpack":1,"minecraft:red_dye":4,"minecraft:cooked_cod":2,"ars_nouveau:imbuement_chamber":1,"ars_nouveau:repository":1,"minecraft:iron_sword":1,"minecraft:bucket":1,"minecraft:stone_axe":1,"minecraft:air":777,"minecraft:blue_dye":3,"ars_nouveau:sourcestone":4,"minecraft:gold_nugget":5,"minecraft:white_dye":3,"alexsmobs:bison_fur_block":1,"minecraft:iron_shovel":4,"minecraft:iron_leggings":2,"minecraft:torch":28,"minecraft:lapis_block":18}},"DataVersion":3120}