{"stats":{"minecraft:custom":{"minecraft:time_since_rest":5678,"minecraft:crouch_one_cm":141,"minecraft:play_time":5678,"minecraft:sprint_one_cm":15355,"minecraft:walk_one_cm":14025,"minecraft:sneak_time":66,"minecraft:walk_under_water_one_cm":663,"minecraft:mob_kills":1,"minecraft:drop":2,"minecraft:jump":127,"minecraft:damage_dealt":100,"minecraft:time_since_death":5678,"minecraft:walk_on_water_one_cm":588,"minecraft:total_world_time":5678,"minecraft:swim_one_cm":3397,"minecraft:fall_one_cm":1788,"minecraft:fly_one_cm":18712},"minecraft:picked_up":{"minecraft:porkchop":1,"minecraft:oak_log":16,"minecraft:sugar_cane":8,"minecraft:egg":3,"minecraft:sunflower":1},"minecraft:mined":{"minecraft:grass":2,"minecraft:oak_log":16,"minecraft:sunflower":1,"minecraft:sugar_cane":4,"minecraft:oak_leaves":5},"minecraft:used":{"minecraft:egg":1},"minecraft:killed":{"minecraft:pig":1},"minecraft:dropped":{"minecraft:sunflower":1,"minecraft:egg":1}},"DataVersion":3120}