{"stats":{"minecraft:custom":{"minecraft:time_since_rest":29678,"minecraft:interact_with_furnace":10,"minecraft:sprint_one_cm":29855,"minecraft:damage_taken":225,"minecraft:walk_one_cm":89988,"minecraft:mob_kills":6,"minecraft:drop":4,"minecraft:damage_dealt":447,"minecraft:swim_one_cm":9680,"minecraft:interact_with_crafting_table":10,"minecraft:fly_one_cm":48338,"minecraft:crouch_one_cm":141,"minecraft:play_time":29678,"minecraft:sneak_time":66,"minecraft:walk_under_water_one_cm":1596,"minecraft:jump":461,"minecraft:walk_on_water_one_cm":2866,"minecraft:time_since_death":29678,"minecraft:total_world_time":29678,"minecraft:fall_one_cm":10111},"minecraft:broken":{"minecraft:stone_pickaxe":1},"minecraft:picked_up":{"minecraft:raw_iron":2,"minecraft:crafting_table":3,"byg:soapstone":7,"minecraft:oak_door":2,"minecraft:pumpkin":5,"minecraft:andesite":1,"minecraft:porkchop":2,"minecraft:oak_log":16,"mekanism:raw_tin":1,"minecraft:dirt":3,"minecraft:raw_copper":16,"minecraft:rotten_flesh":5,"minecraft:wheat_seeds":1,"minecraft:furnace":1,"minecraft:coal":26,"minecraft:black_wool":1,"minecraft:sugar_cane":8,"minecraft:mutton":4,"minecraft:white_wool":1,"minecraft:cobblestone":98,"minecraft:sunflower":3,"minecraft:egg":3},"minecraft:mined":{"byg:soapstone":9,"minecraft:furnace":1,"minecraft:oak_door":2,"minecraft:iron_ore":2,"minecraft:andesite":1,"minecraft:pumpkin":5,"minecraft:crafting_table":3,"minecraft:grass":5,"minecraft:coal_ore":26,"minecraft:oak_log":16,"mekanism:tin_ore":1,"minecraft:sunflower":3,"minecraft:dirt":3,"minecraft:copper_ore":5,"minecraft:stone":98,"minecraft:sugar_cane":4,"minecraft:oak_leaves":5},"minecraft:used":{"minecraft:cooked_mutton":1,"minecraft:sunflower":1,"minecraft:stone_pickaxe":131,"minecraft:wooden_pickaxe":23,"minecraft:stone":12,"byg:soapstone":3,"minecraft:oak_door":4,"minecraft:stone_axe":5,"minecraft:torch":1,"minecraft:dirt":3,"minecraft:cobblestone":23,"minecraft:crafting_table":4,"minecraft:furnace":2,"minecraft:cooked_porkchop":2,"minecraft:egg":2},"minecraft:dropped":{"minecraft:wheat_seeds":1,"minecraft:sunflower":2,"minecraft:egg":1},"minecraft:killed":{"minecraft:sheep":2,"minecraft:zombie":1,"minecraft:pig":2},"minecraft:crafted":{"minecraft:oak_door":1,"minecraft:oak_planks":8,"minecraft:cooked_porkchop":2,"minecraft:crafting_table":1,"minecraft:stick":2,"minecraft:wooden_pickaxe":1,"minecraft:stone_pickaxe":1,"minecraft:furnace":1,"minecraft:stone":12,"minecraft:torch":2,"minecraft:stone_axe":1,"minecraft:cooked_mutton":4,"minecraft:air":56}},"DataVersion":3120}