{"stats":{"minecraft:custom":{"minecraft:time_since_rest":17678,"minecraft:sprint_one_cm":27110,"minecraft:damage_taken":75,"minecraft:walk_one_cm":43514,"minecraft:mob_kills":6,"minecraft:drop":4,"minecraft:damage_dealt":447,"minecraft:swim_one_cm":9680,"minecraft:interact_with_crafting_table":5,"minecraft:fly_one_cm":43129,"minecraft:crouch_one_cm":141,"minecraft:play_time":17678,"minecraft:sneak_time":66,"minecraft:walk_under_water_one_cm":1596,"minecraft:jump":329,"minecraft:walk_on_water_one_cm":2301,"minecraft:time_since_death":17678,"minecraft:total_world_time":17678,"minecraft:fall_one_cm":6798},"minecraft:picked_up":{"minecraft:raw_iron":1,"minecraft:crafting_table":3,"byg:soapstone":3,"minecraft:pumpkin":5,"minecraft:porkchop":2,"minecraft:oak_log":16,"minecraft:dirt":3,"minecraft:raw_copper":10,"minecraft:rotten_flesh":5,"minecraft:wheat_seeds":1,"minecraft:black_wool":1,"minecraft:sugar_cane":8,"minecraft:mutton":4,"minecraft:white_wool":1,"minecraft:cobblestone":37,"minecraft:sunflower":3,"minecraft:egg":3},"minecraft:mined":{"byg:soapstone":3,"minecraft:iron_ore":1,"minecraft:pumpkin":5,"minecraft:crafting_table":3,"minecraft:grass":5,"minecraft:oak_log":16,"minecraft:sunflower":3,"minecraft:dirt":3,"minecraft:copper_ore":3,"minecraft:stone":40,"minecraft:sugar_cane":4,"minecraft:oak_leaves":5},"minecraft:used":{"minecraft:sunflower":1,"minecraft:stone_pickaxe":35,"minecraft:wooden_pickaxe":23,"minecraft:stone_axe":3,"minecraft:dirt":3,"minecraft:crafting_table":3,"minecraft:egg":2},"minecraft:dropped":{"minecraft:wheat_seeds":1,"minecraft:sunflower":2,"minecraft:egg":1},"minecraft:killed":{"minecraft:sheep":2,"minecraft:zombie":1,"minecraft:pig":2},"minecraft:crafted":{"minecraft:oak_planks":8,"minecraft:crafting_table":1,"minecraft:stick":2,"minecraft:wooden_pickaxe":1,"minecraft:stone_pickaxe":1,"minecraft:stone_axe":1,"minecraft:air":44}},"DataVersion":3120}