{"stats":{"minecraft:mined":{"create:deepslate_zinc_ore":20,"minecraft:grass_block":533,"minecraft:hopper":1,"ars_nouveau:frostaya_pod":1,"ars_nouveau:arcane_core":1,"minecraft:iron_ore":41,"minecraft:cobbled_deepslate":5,"byg:prairie_grass":7,"minecraft:pumpkin":5,"minecraft:deepslate_lapis_ore":1,"ars_nouveau:red_archwood_log":3,"create:veridium":9,"byg:tall_prairie_grass":9,"mekanism:osmium_ore":19,"minecraft:torch":17,"minecraft:chest":3,"mekanism:tin_ore":10,"minecraft:cobblestone":3,"ars_nouveau:scribes_table":2,"minecraft:sugar_cane":5,"minecraft:wall_torch":20,"minecraft:deepslate_copper_ore":2,"minecraft:skeleton_skull":1,"byg:soapstone":36,"minecraft:wheat":1,"minecraft:grass":34,"mekanism:deepslate_tin_ore":6,"minecraft:oak_log":19,"minecraft:beetroots":1,"minecraft:sand":3,"minecraft:dirt":10,"minecraft:smooth_basalt":1,"ars_nouveau:red_archwood_sapling":5,"minecraft:oak_leaves":5,"minecraft:deepslate":343,"byg:travertine":12,"ars_elemental:yellow_archwood_leaves":24,"minecraft:tuff":3,"minecraft:oak_door":2,"ars_nouveau:green_archwood_leaves":39,"mekanism:deepslate_osmium_ore":12,"create_new_age:thorium_ore":2,"minecraft:furnace":2,"ars_nouveau:mendosteen_pod":3,"minecraft:andesite":21,"ars_nouveau:bombegranate_pod":1,"ars_nouveau:agronomic_sourcelink":2,"minecraft:potatoes":31,"minecraft:deepslate_iron_ore":27,"minecraft:wet_sponge":4,"minecraft:stone":140,"mekanism:deepslate_lead_ore":11,"ars_nouveau:green_archwood_log":74,"create_new_age:magnetite_block":3,"minecraft:crafting_table":4,"minecraft:sponge":1,"minecraft:tall_grass":11,"minecraft:copper_ore":12,"ars_nouveau:source_jar":3,"minecraft:lapis_ore":4,"ars_elemental:yellow_archwood_log":32,"minecraft:diorite":10,"ars_nouveau:blue_archwood_leaves":119,"ars_nouveau:blue_archwood_log":70,"ars_nouveau:arcane_pedestal":2,"minecraft:black_wool":1,"minecraft:coal_ore":26,"minecraft:sunflower":18,"minecraft:gravel":12,"mekanism:deepslate_fluorite_ore":6,"mekanism:deepslate_uranium_ore":24,"ars_nouveau:imbuement_chamber":4},"minecraft:crafted":{"minecraft:oak_planks":21,"ars_nouveau:archwood_planks":27,"mekanism:ingot_osmium":28,"minecraft:stone":12,"minecraft:cooked_mutton":4,"minecraft:hopper":2,"minecraft:glass":2,"minecraft:iron_boots":1,"minecraft:chest":9,"minecraft:stone_hoe":2,"mekanism:ingot_tin":9,"minecraft:cooked_porkchop":2,"minecraft:crafting_table":4,"byg:travertine_slab":1,"minecraft:wooden_pickaxe":1,"minecraft:iron_helmet":1,"ars_nouveau:source_jar":1,"minecraft:fletching_table":1,"mekanism:ingot_lead":6,"minecraft:book":1,"minecraft:iron_chestplate":1,"minecraft:paper":1,"minecraft:charcoal":33,"ars_nouveau:archwood_chest":2,"minecraft:stick":11,"minecraft:iron_ingot":34,"minecraft:iron_pickaxe":4,"minecraft:gold_ingot":28,"ars_nouveau:scribes_table":1,"minecraft:shears":1,"minecraft:oak_door":1,"minecraft:fishing_rod":1,"comforts:sleeping_bag_white":1,"minecraft:furnace":1,"minecraft:bone_meal":8,"ars_nouveau:archwood_slab":7,"ars_nouveau:novice_spell_book":1,"minecraft:iron_axe":1,"minecraft:stone_pickaxe":3,"ars_nouveau:agronomic_sourcelink":1,"minecraft:cooked_cod":2,"ars_nouveau:repository":1,"minecraft:iron_sword":1,"minecraft:bucket":1,"minecraft:stone_axe":1,"minecraft:air":457,"ars_nouveau:sourcestone":2,"minecraft:gold_nugget":5,"minecraft:white_dye":3,"minecraft:iron_shovel":4,"minecraft:iron_leggings":1,"minecraft:torch":20},"minecraft:dropped":{"byg:biomepedia":1,"ars_nouveau:novice_spell_book":1,"minecraft:porkchop":12,"minecraft:fletching_table":1,"minecraft:flint":1,"minecraft:dirt":32,"ars_nouveau:glyph_break":1,"minecraft:sunflower":13,"minecraft:sand":2,"minecraft:iron_pickaxe":3,"minecraft:fishing_rod":2,"minecraft:white_wool":3,"alexsmobs:animal_dictionary":4,"minecraft:cobbled_deepslate":77,"ars_nouveau:glyph_projectile":1,"minecraft:rotten_flesh":21,"minecraft:cooked_mutton":3,"ars_nouveau:archwood_slab":3,"minecraft:salmon":2,"minecraft:chest":2,"minecraft:white_dye":3,"minecraft:arrow":8,"minecraft:beef":1,"minecraft:egg":1,"minecraft:stone_hoe":3,"minecraft:iron_ingot":9,"minecraft:wheat_seeds":24,"minecraft:poisonous_potato":1,"minecraft:feather":1,"minecraft:cobblestone":15,"ars_nouveau:blue_archwood_leaves":133,"minecraft:stick":2,"minecraft:pufferfish":8,"ars_nouveau:worn_notebook":1,"ars_nouveau:bombegranate_pod":2,"minecraft:diorite":2,"minecraft:torch":920,"minecraft:brown_wool":1,"minecraft:iron_axe":1,"minecraft:iron_shovel":2,"minecraft:dandelion":1,"minecraft:tuff":2,"minecraft:shears":1,"create_new_age:magnetite_block":4,"minecraft:bow":1,"minecraft:wooden_pickaxe":1},"minecraft:picked_up":{"minecraft:iron_chestplate":1,"minecraft:wheat":1,"mekanism:raw_uranium":24,"minecraft:brown_bed":1,"ars_nouveau:bombegranate_pod":5,"minecraft:string":8,"minecraft:raw_copper":50,"minecraft:iron_leggings":1,"minecraft:pufferfish":8,"ars_nouveau:dowsing_rod":1,"minecraft:cobbled_deepslate":287,"minecraft:bucket":1,"comforts:sleeping_bag_white":1,"minecraft:calcite":3,"ars_nouveau:mendosteen_pod":5,"minecraft:iron_pickaxe":3,"ars_elemental:flashpine_pod":12,"minecraft:iron_boots":1,"minecraft:furnace":2,"minecraft:stick":22,"minecraft:torch":1020,"minecraft:porkchop":15,"ars_nouveau:archwood_chest":1,"minecraft:diorite":13,"mekanism:raw_tin":77,"minecraft:rotten_flesh":30,"ars_nouveau:arcane_core":1,"minecraft:tropical_fish":1,"ars_nouveau:agronomic_sourcelink":2,"ars_nouveau:worn_notebook":4,"ars_nouveau:imbuement_chamber":4,"ars_nouveau:whirlisprig_shards":1,"create:veridium":10,"ars_elemental:yellow_archwood_leaves":46,"minecraft:cod":3,"minecraft:cobblestone":312,"minecraft:sponge":5,"minecraft:feather":1,"minecraft:andesite":47,"minecraft:brown_wool":1,"minecraft:potato":100,"minecraft:flint":3,"ars_elemental:yellow_archwood_sapling":14,"minecraft:tuff":2,"create:raw_zinc":47,"ars_nouveau:scribes_table":2,"minecraft:lapis_lazuli":131,"minecraft:dirt":546,"minecraft:bone":8,"minecraft:bow":1,"ars_nouveau:source_gem":31,"minecraft:wheat_seeds":26,"create_new_age:magnetite_block":14,"minecraft:raw_gold":10,"minecraft:stone_hoe":2,"minecraft:oak_planks":14,"ars_nouveau:glyph_projectile":2,"minecraft:poisonous_potato":1,"minecraft:sand":5,"ars_nouveau:blue_archwood_leaves":168,"ars_elemental:yellow_archwood_log":33,"ars_nouveau:sourcestone":2,"alexsmobs:animal_dictionary":4,"waystones:waystone":1,"byg:travertine":46,"minecraft:bread":20,"ars_nouveau:arcane_pedestal":2,"minecraft:fishing_rod":3,"ars_nouveau:red_archwood_log":110,"minecraft:charcoal":2,"minecraft:crafting_table":6,"create_new_age:thorium":38,"byg:soapstone":38,"ars_nouveau:blue_archwood_sapling":6,"ars_nouveau:archwood_slab":3,"ars_nouveau:archwood_planks":12,"minecraft:iron_axe":3,"ars_nouveau:glyph_break":1,"minecraft:iron_shovel":2,"minecraft:beef":8,"minecraft:sugar_cane":11,"minecraft:chest":8,"minecraft:spruce_trapdoor":1,"minecraft:egg":3,"minecraft:raw_iron":150,"minecraft:oak_door":2,"ars_nouveau:blue_archwood_log":70,"ars_nouveau:frostaya_pod":11,"ars_nouveau:green_archwood_log":74,"minecraft:arrow":8,"minecraft:shears":1,"minecraft:mutton":10,"minecraft:skeleton_skull":1,"minecraft:white_wool":6,"minecraft:wet_sponge":4,"minecraft:glow_ink_sac":3,"mekanism:raw_lead":22,"minecraft:salmon":3,"minecraft:leather":6,"minecraft:oak_log":21,"minecraft:gunpowder":7,"minecraft:cooked_mutton":2,"ars_nouveau:green_archwood_sapling":8,"minecraft:apple":10,"minecraft:iron_ingot":39,"byg:subzero_crystal_shard":18,"minecraft:smooth_basalt":1,"minecraft:pumpkin":5,"ars_nouveau:source_jar":3,"ars_nouveau:red_archwood_sapling":23,"minecraft:dandelion":2,"ars_nouveau:novice_spell_book":1,"minecraft:gravel":26,"mekanism:raw_osmium":59,"minecraft:iron_helmet":1,"ars_nouveau:green_archwood_leaves":37,"mekanism:fluorite_gem":19,"minecraft:black_wool":1,"minecraft:coal":91,"minecraft:hopper":1,"minecraft:sunflower":22},"minecraft:killed":{"minecraft:spider":7,"minecraft:skeleton":11,"minecraft:pig":3,"minecraft:creeper":8,"minecraft:sheep":7,"minecraft:pillager":1,"minecraft:zombie":28,"alexsmobs:terrapin":1,"minecraft:glow_squid":1,"minecraft:cow":5,"minecraft:drowned":1,"minecraft:squid":1,"ars_nouveau:whirlisprig":2,"alexsmobs:crow":2},"minecraft:broken":{"minecraft:iron_shovel":2,"minecraft:stone_pickaxe":2,"minecraft:stone_axe":1,"minecraft:iron_pickaxe":1},"minecraft:used":{"byg:travertine":23,"minecraft:iron_shovel":544,"minecraft:chest":13,"minecraft:stone":12,"minecraft:rotten_flesh":7,"ars_nouveau:red_archwood_sapling":7,"minecraft:mutton":4,"ars_nouveau:bombegranate_pod":1,"ars_nouveau:archwood_chest":3,"minecraft:lava_bucket":2,"minecraft:wet_sponge":2,"ars_nouveau:green_archwood_sapling":4,"minecraft:furnace":3,"minecraft:cooked_cod":2,"minecraft:egg":2,"minecraft:potato":84,"ars_nouveau:green_archwood_log":2,"ars_nouveau:repository":1,"minecraft:diorite":11,"minecraft:stone_pickaxe":323,"ars_nouveau:mendosteen_pod":5,"minecraft:wooden_pickaxe":26,"minecraft:sand":1,"ars_nouveau:agronomic_sourcelink":3,"minecraft:sponge":5,"minecraft:shears":174,"waystones:waystone":1,"ars_elemental:flashpine_pod":7,"minecraft:bread":16,"minecraft:gravel":4,"minecraft:andesite":3,"minecraft:bone_meal":17,"minecraft:stone_hoe":81,"minecraft:oak_door":5,"minecraft:torch":118,"minecraft:dirt":128,"minecraft:hopper":3,"byg:travertine_slab":1,"ars_nouveau:frostaya_pod":1,"minecraft:iron_axe":181,"ars_nouveau:imbuement_chamber":4,"minecraft:iron_boots":1,"minecraft:smooth_basalt":1,"comforts:sleeping_bag_white":1,"minecraft:cobbled_deepslate":92,"minecraft:iron_leggings":1,"minecraft:brown_bed":1,"minecraft:wheat_seeds":2,"minecraft:cooked_mutton":3,"minecraft:water_bucket":15,"minecraft:salmon":1,"minecraft:crafting_table":10,"minecraft:cod":1,"minecraft:black_wool":1,"minecraft:apple":8,"ars_nouveau:source_jar":4,"minecraft:sunflower":1,"minecraft:iron_pickaxe":495,"minecraft:spruce_trapdoor":1,"byg:soapstone":9,"minecraft:stone_axe":86,"minecraft:fishing_rod":13,"minecraft:cobblestone":166,"minecraft:cooked_porkchop":2,"minecraft:porkchop":1,"minecraft:bucket":18,"alexsmobs:animal_dictionary":1,"minecraft:dandelion":1,"ars_nouveau:scribes_table":3},"minecraft:killed_by":{"minecraft:spider":1},"minecraft:custom":{"minecraft:interact_with_crafting_table":67,"minecraft:leave_game":5,"minecraft:time_since_death":231845,"minecraft:sprint_one_cm":426577,"minecraft:drop":495,"minecraft:talked_to_villager":1,"minecraft:play_time":406336,"minecraft:deaths":1,"minecraft:jump":4575,"minecraft:walk_on_water_one_cm":85826,"minecraft:interact_with_furnace":44,"minecraft:sleep_in_bed":21,"minecraft:waystone_activated":3,"minecraft:damage_dealt":5034,"minecraft:crouch_one_cm":7056,"minecraft:mob_kills":83,"minecraft:inspect_hopper":5,"minecraft:damage_dealt_resisted":238,"minecraft:climb_one_cm":1307,"minecraft:walk_one_cm":1013905,"minecraft:sneak_time":3366,"minecraft:walk_under_water_one_cm":96017,"minecraft:interact_with_blast_furnace":1,"minecraft:total_world_time":406336,"minecraft:time_since_rest":4801,"minecraft:damage_taken":1814,"minecraft:swim_one_cm":37171,"minecraft:fly_one_cm":793344,"minecraft:open_chest":138,"minecraft:fish_caught":8,"minecraft:fall_one_cm":87769}},"DataVersion":3120}