{"stats":{"minecraft:dropped":{"byg:biomepedia":1,"minecraft:iron_ingot":9,"ars_nouveau:novice_spell_book":1,"minecraft:porkchop":12,"minecraft:wheat_seeds":24,"minecraft:poisonous_potato":1,"minecraft:feather":1,"minecraft:cobblestone":15,"minecraft:fletching_table":1,"ars_nouveau:blue_archwood_leaves":133,"minecraft:stick":2,"minecraft:pufferfish":8,"minecraft:dirt":20,"ars_nouveau:worn_notebook":1,"ars_nouveau:bombegranate_pod":2,"minecraft:diorite":2,"minecraft:torch":818,"minecraft:brown_wool":1,"ars_nouveau:glyph_break":1,"minecraft:sunflower":13,"minecraft:iron_axe":1,"minecraft:iron_pickaxe":3,"minecraft:iron_shovel":2,"minecraft:fishing_rod":2,"minecraft:white_wool":3,"minecraft:dandelion":1,"alexsmobs:animal_dictionary":3,"minecraft:cobbled_deepslate":67,"minecraft:tuff":2,"ars_nouveau:glyph_projectile":1,"minecraft:rotten_flesh":9,"minecraft:cooked_mutton":3,"ars_nouveau:archwood_slab":3,"minecraft:shears":1,"minecraft:salmon":2,"create_new_age:magnetite_block":4,"minecraft:chest":2,"minecraft:beef":1,"minecraft:white_dye":3,"minecraft:wooden_pickaxe":1,"minecraft:arrow":8,"minecraft:bow":1,"minecraft:stone_hoe":3,"minecraft:egg":1},"minecraft:picked_up":{"ars_nouveau:red_archwood_log":110,"minecraft:fishing_rod":3,"minecraft:wheat":1,"minecraft:crafting_table":4,"byg:soapstone":17,"mekanism:raw_uranium":24,"ars_nouveau:blue_archwood_sapling":6,"ars_nouveau:bombegranate_pod":5,"ars_nouveau:archwood_planks":12,"ars_nouveau:archwood_slab":3,"minecraft:string":4,"minecraft:iron_axe":3,"minecraft:raw_copper":50,"ars_nouveau:glyph_break":1,"minecraft:iron_leggings":1,"minecraft:iron_shovel":2,"minecraft:pufferfish":8,"ars_nouveau:dowsing_rod":1,"minecraft:cobbled_deepslate":276,"minecraft:bucket":1,"minecraft:beef":3,"ars_nouveau:mendosteen_pod":5,"minecraft:iron_pickaxe":3,"ars_elemental:flashpine_pod":12,"minecraft:sugar_cane":11,"minecraft:chest":5,"minecraft:iron_boots":1,"minecraft:furnace":2,"minecraft:egg":3,"minecraft:stick":22,"minecraft:raw_iron":67,"minecraft:oak_door":2,"minecraft:torch":900,"ars_nouveau:blue_archwood_log":70,"minecraft:porkchop":15,"ars_nouveau:frostaya_pod":11,"minecraft:diorite":11,"mekanism:raw_tin":17,"ars_nouveau:green_archwood_log":74,"minecraft:rotten_flesh":17,"minecraft:arrow":8,"minecraft:tropical_fish":1,"ars_nouveau:agronomic_sourcelink":2,"ars_nouveau:worn_notebook":4,"minecraft:shears":1,"ars_nouveau:imbuement_chamber":3,"create:veridium":10,"ars_elemental:yellow_archwood_leaves":46,"minecraft:mutton":6,"minecraft:cobblestone":215,"minecraft:cod":3,"minecraft:skeleton_skull":1,"minecraft:white_wool":3,"minecraft:sponge":1,"minecraft:feather":1,"minecraft:glow_ink_sac":3,"mekanism:raw_lead":11,"minecraft:andesite":3,"minecraft:salmon":3,"minecraft:leather":1,"minecraft:brown_wool":1,"minecraft:potato":26,"minecraft:flint":3,"ars_elemental:yellow_archwood_sapling":14,"minecraft:tuff":2,"create:raw_zinc":20,"minecraft:oak_log":16,"ars_nouveau:scribes_table":2,"minecraft:lapis_lazuli":41,"minecraft:dirt":536,"minecraft:cooked_mutton":2,"ars_nouveau:green_archwood_sapling":8,"minecraft:bone":8,"minecraft:apple":10,"minecraft:bow":1,"ars_nouveau:source_gem":11,"minecraft:wheat_seeds":26,"create_new_age:magnetite_block":4,"minecraft:iron_ingot":39,"byg:subzero_crystal_shard":18,"ars_nouveau:glyph_projectile":2,"minecraft:oak_planks":14,"minecraft:stone_hoe":2,"minecraft:smooth_basalt":1,"ars_nouveau:source_jar":3,"minecraft:pumpkin":5,"ars_nouveau:novice_spell_book":1,"ars_nouveau:red_archwood_sapling":23,"minecraft:dandelion":2,"minecraft:poisonous_potato":1,"minecraft:gravel":26,"minecraft:sand":4,"ars_nouveau:blue_archwood_leaves":168,"ars_elemental:yellow_archwood_log":33,"ars_nouveau:sourcestone":2,"alexsmobs:animal_dictionary":4,"mekanism:raw_osmium":28,"ars_nouveau:green_archwood_leaves":37,"minecraft:iron_helmet":1,"byg:travertine":46,"mekanism:fluorite_gem":19,"minecraft:bread":20,"minecraft:black_wool":1,"minecraft:coal":32,"minecraft:iron_chestplate":1,"minecraft:charcoal":2,"minecraft:sunflower":22},"minecraft:killed":{"minecraft:spider":3,"minecraft:skeleton":6,"minecraft:pig":3,"minecraft:sheep":4,"minecraft:pillager":1,"minecraft:zombie":7,"ars_nouveau:whirlisprig":2,"alexsmobs:crow":1,"minecraft:glow_squid":1,"minecraft:cow":2},"minecraft:custom":{"minecraft:mob_kills":33,"minecraft:interact_with_crafting_table":51,"minecraft:leave_game":4,"minecraft:time_since_death":101112,"minecraft:climb_one_cm":567,"minecraft:sprint_one_cm":281650,"minecraft:walk_one_cm":629859,"minecraft:drop":477,"minecraft:talked_to_villager":1,"minecraft:play_time":275603,"minecraft:deaths":1,"minecraft:sneak_time":2383,"minecraft:walk_under_water_one_cm":54029,"minecraft:jump":2830,"minecraft:interact_with_blast_furnace":1,"minecraft:walk_on_water_one_cm":39512,"minecraft:total_world_time":275603,"minecraft:interact_with_furnace":33,"minecraft:sleep_in_bed":13,"minecraft:time_since_rest":1716,"minecraft:waystone_activated":1,"minecraft:damage_taken":1355,"minecraft:damage_dealt":4946,"minecraft:swim_one_cm":24110,"minecraft:fly_one_cm":502756,"minecraft:open_chest":37,"minecraft:crouch_one_cm":5285,"minecraft:fish_caught":8,"minecraft:fall_one_cm":58090},"minecraft:crafted":{"minecraft:oak_door":1,"minecraft:oak_planks":16,"minecraft:fishing_rod":1,"ars_nouveau:archwood_planks":14,"mekanism:ingot_osmium":10,"minecraft:furnace":1,"minecraft:stone":12,"minecraft:bone_meal":8,"ars_nouveau:archwood_slab":7,"minecraft:cooked_mutton":4,"minecraft:glass":2,"ars_nouveau:novice_spell_book":1,"minecraft:iron_boots":1,"minecraft:iron_axe":1,"minecraft:stone_pickaxe":2,"minecraft:chest":6,"minecraft:stone_hoe":2,"ars_nouveau:agronomic_sourcelink":1,"mekanism:ingot_tin":9,"minecraft:cooked_cod":2,"minecraft:cooked_porkchop":2,"minecraft:crafting_table":3,"minecraft:wooden_pickaxe":1,"minecraft:iron_helmet":1,"minecraft:iron_sword":1,"ars_nouveau:source_jar":1,"minecraft:fletching_table":1,"minecraft:bucket":1,"minecraft:stone_axe":1,"minecraft:air":316,"minecraft:book":1,"minecraft:paper":1,"minecraft:iron_chestplate":1,"minecraft:charcoal":33,"minecraft:gold_nugget":1,"minecraft:white_dye":3,"minecraft:stick":11,"minecraft:iron_ingot":34,"minecraft:iron_pickaxe":4,"minecraft:iron_shovel":4,"minecraft:iron_leggings":1,"minecraft:gold_ingot":28,"ars_nouveau:scribes_table":1,"minecraft:torch":20,"minecraft:shears":1},"minecraft:mined":{"byg:travertine":12,"create:deepslate_zinc_ore":20,"ars_elemental:yellow_archwood_leaves":24,"minecraft:tuff":3,"minecraft:oak_door":2,"ars_nouveau:green_archwood_leaves":39,"mekanism:deepslate_osmium_ore":12,"minecraft:grass_block":533,"ars_nouveau:frostaya_pod":1,"minecraft:furnace":2,"ars_nouveau:mendosteen_pod":3,"minecraft:iron_ore":33,"minecraft:cobbled_deepslate":3,"byg:prairie_grass":7,"minecraft:andesite":3,"ars_nouveau:bombegranate_pod":1,"minecraft:pumpkin":5,"minecraft:deepslate_lapis_ore":1,"ars_nouveau:red_archwood_log":3,"minecraft:potatoes":9,"ars_nouveau:agronomic_sourcelink":2,"minecraft:deepslate_iron_ore":27,"minecraft:stone":136,"create:veridium":9,"byg:tall_prairie_grass":6,"mekanism:deepslate_lead_ore":11,"mekanism:osmium_ore":17,"ars_nouveau:green_archwood_log":74,"create_new_age:magnetite_block":3,"minecraft:crafting_table":4,"minecraft:torch":16,"minecraft:chest":3,"mekanism:tin_ore":10,"minecraft:tall_grass":11,"minecraft:copper_ore":12,"minecraft:cobblestone":3,"ars_nouveau:source_jar":3,"minecraft:lapis_ore":4,"ars_nouveau:scribes_table":2,"minecraft:sugar_cane":5,"ars_elemental:yellow_archwood_log":32,"ars_nouveau:blue_archwood_leaves":119,"minecraft:diorite":10,"minecraft:wall_torch":19,"minecraft:deepslate_copper_ore":2,"minecraft:skeleton_skull":1,"byg:soapstone":17,"ars_nouveau:blue_archwood_log":70,"minecraft:wheat":1,"minecraft:grass":33,"minecraft:black_wool":1,"mekanism:deepslate_tin_ore":6,"minecraft:oak_log":19,"minecraft:coal_ore":26,"minecraft:beetroots":1,"minecraft:sand":3,"minecraft:sunflower":18,"minecraft:gravel":12,"mekanism:deepslate_fluorite_ore":6,"minecraft:dirt":9,"mekanism:deepslate_uranium_ore":24,"minecraft:smooth_basalt":1,"ars_nouveau:red_archwood_sapling":5,"ars_nouveau:imbuement_chamber":3,"minecraft:oak_leaves":5,"minecraft:deepslate":343},"minecraft:killed_by":{"minecraft:spider":1},"minecraft:broken":{"minecraft:iron_shovel":2,"minecraft:stone_pickaxe":2,"minecraft:stone_axe":1,"minecraft:iron_pickaxe":1},"minecraft:used":{"byg:travertine":9,"minecraft:iron_shovel":544,"minecraft:chest":8,"minecraft:stone":12,"minecraft:stone_hoe":81,"minecraft:rotten_flesh":7,"minecraft:oak_door":5,"minecraft:torch":79,"minecraft:dirt":124,"ars_nouveau:red_archwood_sapling":6,"ars_nouveau:bombegranate_pod":1,"minecraft:lava_bucket":2,"ars_nouveau:frostaya_pod":1,"minecraft:iron_axe":181,"minecraft:iron_boots":1,"ars_nouveau:imbuement_chamber":3,"ars_nouveau:green_archwood_sapling":4,"minecraft:smooth_basalt":1,"minecraft:furnace":3,"minecraft:cooked_cod":2,"minecraft:egg":2,"minecraft:potato":41,"minecraft:cobbled_deepslate":91,"ars_nouveau:green_archwood_log":2,"minecraft:iron_leggings":1,"minecraft:wheat_seeds":2,"minecraft:cooked_mutton":3,"minecraft:water_bucket":11,"minecraft:diorite":9,"minecraft:stone_pickaxe":262,"ars_nouveau:mendosteen_pod":5,"minecraft:wooden_pickaxe":26,"minecraft:salmon":1,"minecraft:sand":1,"minecraft:crafting_table":7,"ars_nouveau:agronomic_sourcelink":3,"minecraft:cod":1,"minecraft:shears":174,"minecraft:apple":8,"minecraft:black_wool":1,"ars_elemental:flashpine_pod":7,"ars_nouveau:source_jar":4,"minecraft:sunflower":1,"minecraft:bread":3,"minecraft:iron_pickaxe":495,"minecraft:gravel":4,"byg:soapstone":7,"minecraft:stone_axe":86,"minecraft:fishing_rod":13,"minecraft:cobblestone":27,"minecraft:porkchop":1,"minecraft:cooked_porkchop":2,"minecraft:andesite":3,"minecraft:bucket":14,"alexsmobs:animal_dictionary":1,"minecraft:dandelion":1,"ars_nouveau:scribes_table":3,"minecraft:bone_meal":15}},"DataVersion":3120}