{"stats":{"minecraft:killed_by":{"minecraft:wither_skeleton":1,"minecraft:spider":1},"minecraft:custom":{"minecraft:interact_with_crafting_table":133,"minecraft:bell_ring":1,"minecraft:leave_game":16,"minecraft:time_since_death":53116,"minecraft:play_time":1258372,"minecraft:deaths":3,"minecraft:jump":13979,"minecraft:interact_with_furnace":66,"minecraft:play_record":2,"minecraft:traded_with_villager":233,"minecraft:sleep_in_bed":62,"minecraft:waystone_activated":5,"minecraft:damage_dealt":36679,"minecraft:inspect_hopper":19,"minecraft:damage_dealt_absorbed":146,"minecraft:sneak_time":29798,"minecraft:interact_with_blast_furnace":1,"minecraft:total_world_time":1258372,"minecraft:time_since_rest":1496,"minecraft:swim_one_cm":176483,"minecraft:fly_one_cm":2721197,"minecraft:open_chest":509,"minecraft:fish_caught":8,"minecraft:fall_one_cm":248597,"minecraft:sprint_one_cm":1897964,"minecraft:drop":680,"minecraft:talked_to_villager":72,"minecraft:walk_on_water_one_cm":160762,"minecraft:crouch_one_cm":107871,"minecraft:mob_kills":307,"minecraft:damage_dealt_resisted":549,"minecraft:climb_one_cm":2678,"minecraft:walk_one_cm":3210126,"minecraft:walk_under_water_one_cm":213206,"minecraft:boat_one_cm":520,"minecraft:damage_taken":6472},"minecraft:mined":{"byg:green_mushroom_block":8,"minecraft:obsidian":9,"minecraft:granite":2,"minecraft:hopper":1,"byg:wood_blewit_mushroom_block":12,"minecraft:spawner":3,"minecraft:polished_blackstone_bricks":1,"minecraft:fire":30,"minecraft:cobbled_deepslate":50,"byg:prairie_grass":8,"minecraft:pumpkin":5,"minecraft:fletching_table":1,"minecraft:deepslate_lapis_ore":2,"create:veridium":9,"create:limestone":39,"byg:scorched_grass":1,"mekanism:osmium_ore":19,"ars_nouveau:light_block":21,"minecraft:soul_fire":3,"minecraft:torch":20,"minecraft:blast_furnace":1,"ars_elemental:flashpine_pod":1,"mekanism:tin_ore":10,"minecraft:sugar_cane":7,"minecraft:skeleton_skull":1,"byg:soapstone":64,"minecraft:wheat":1,"minecraft:jukebox":1,"minecraft:grass":183,"minecraft:smooth_basalt":1,"minecraft:deepslate":485,"byg:travertine":279,"minecraft:mossy_cobblestone":1,"minecraft:nether_bricks":33,"create_new_age:thorium_ore":2,"byg:embur_gel_branch":2,"minecraft:redstone_wire":1,"byg:brown_mushroom_stem":3,"ars_nouveau:mendosteen_pod":6,"minecraft:andesite":39,"minecraft:potatoes":123,"minecraft:rail":6,"byg:white_puffball":1,"byg:embur_gel_vines_plant":1,"minecraft:soul_sand":23,"create_new_age:magnetite_block":6,"minecraft:sponge":1,"minecraft:tall_grass":16,"minecraft:copper_ore":12,"ars_nouveau:source_jar":12,"minecraft:deepslate_gold_ore":19,"ars_elemental:yellow_archwood_log":32,"minecraft:diorite":22,"byg:scoria_stone":87,"ars_nouveau:arcane_pedestal":3,"byg:wailing_grass":1,"minecraft:sunflower":18,"byg:embur_gel_block":2,"minecraft:gravel":271,"mekanism:deepslate_fluorite_ore":6,"minecraft:cobweb":124,"mekanism:deepslate_uranium_ore":25,"ars_nouveau:imbuement_chamber":6,"create:deepslate_zinc_ore":20,"minecraft:brewing_stand":1,"minecraft:grass_block":559,"sophisticatedbackpacks:iron_backpack":2,"minecraft:cracked_polished_blackstone_bricks":2,"ars_nouveau:bastion_pod":1,"minecraft:soul_soil":22,"ars_nouveau:sourceberry_bush":11,"minecraft:composter":4,"ars_nouveau:frostaya_pod":2,"ars_nouveau:arcane_core":1,"comforts:sleeping_bag_white":1,"minecraft:raw_iron_block":2,"minecraft:iron_ore":42,"create:asurine":16,"ars_nouveau:red_archwood_log":3,"byg:travertine_slab":1,"ars_nouveau:enchanting_apparatus":1,"byg:tall_prairie_grass":15,"minecraft:deepslate_redstone_ore":2,"minecraft:poppy":4,"minecraft:chest":3,"minecraft:nether_quartz_ore":1,"minecraft:cobblestone":7,"ars_nouveau:scribes_table":3,"minecraft:grindstone":3,"minecraft:oak_planks":2,"minecraft:wall_torch":28,"minecraft:deepslate_copper_ore":2,"byg:wailing_bell_blossom":4,"ars_nouveau:green_archwood_sapling":1,"ars_nouveau:archwood_planks":4,"byg:subzero_ash_block":41,"mekanism:deepslate_tin_ore":6,"minecraft:oak_log":19,"minecraft:beetroots":1,"minecraft:sand":3,"minecraft:dirt":45,"minecraft:netherrack":2,"ars_nouveau:red_archwood_sapling":5,"minecraft:oak_leaves":5,"ars_elemental:yellow_archwood_leaves":24,"minecraft:tuff":26,"byg:scoria_cobblestone":10,"minecraft:deepslate_diamond_ore":9,"minecraft:oak_door":2,"ars_nouveau:green_archwood_leaves":42,"mekanism:deepslate_osmium_ore":12,"gravestone:gravestone":2,"byg:subzero_ash":2,"minecraft:hay_block":3,"ars_nouveau:magebloom_crop":41,"byg:blue_netherrack":21,"minecraft:carrots":8,"minecraft:furnace":2,"minecraft:nether_sprouts":1,"ars_nouveau:bombegranate_pod":3,"minecraft:bell":1,"minecraft:nether_brick_fence":5,"ars_nouveau:agronomic_sourcelink":2,"minecraft:deepslate_iron_ore":67,"minecraft:wet_sponge":4,"minecraft:stone":191,"sophisticatedbackpacks:backpack":1,"ars_nouveau:purple_archwood_log":53,"mekanism:deepslate_lead_ore":11,"ars_nouveau:green_archwood_log":74,"minecraft:basalt":3,"minecraft:crafting_table":5,"minecraft:lapis_ore":4,"ars_nouveau:blue_archwood_leaves":119,"ars_nouveau:blue_archwood_log":74,"ars_nouveau:purple_archwood_leaves":4,"minecraft:black_wool":1,"minecraft:coal_ore":37,"alexsmobs:bison_fur_block":1,"rechiseledcreate:asurine_cut_polished_connecting":3,"byg:embur_pedu":4},"minecraft:killed":{"minecraft:cave_spider":11,"minecraft:skeleton":36,"minecraft:chicken":1,"minecraft:magma_cube":16,"minecraft:salmon":1,"minecraft:pillager":3,"minecraft:zombie":63,"minecraft:glow_squid":1,"minecraft:cow":7,"mekanismadditions:baby_skeleton":3,"minecraft:wandering_trader":1,"alexsmobs:catfish":5,"minecraft:enderman":5,"minecraft:spider":17,"minecraft:pig":3,"mekanismadditions:baby_creeper":3,"minecraft:creeper":25,"minecraft:sheep":11,"minecraft:trader_llama":2,"alexsmobs:terrapin":4,"minecraft:ghast":2,"alexsmobs:fly":1,"minecraft:blaze":43,"alexsmobs:bison":10,"minecraft:drowned":7,"alexsmobs:flying_fish":2,"minecraft:squid":1,"ars_nouveau:whirlisprig":2,"alexsmobs:crow":3,"minecraft:wither_skeleton":7},"minecraft:picked_up":{"minecraft:iron_chestplate":1,"mekanism:raw_uranium":25,"minecraft:lead":2,"ars_nouveau:pierce_arrow":26,"minecraft:brown_bed":1,"minecraft:brewing_stand":1,"minecraft:string":141,"byg:travertine_slab":1,"create:limestone":64,"minecraft:soul_soil":36,"minecraft:pufferfish":8,"ars_nouveau:dowsing_rod":1,"ars_nouveau:glyph_fell":1,"minecraft:cobbled_deepslate":767,"ars_nouveau:mendosteen_pod":10,"ars_elemental:flashpine_pod":15,"minecraft:jukebox":1,"minecraft:composter":4,"mekanism:raw_tin":77,"minecraft:stone_sword":2,"create:scoria":1,"minecraft:tropical_fish":1,"ars_nouveau:agronomic_sourcelink":2,"ars_nouveau:arcane_core":1,"minecraft:polished_basalt":1,"ars_nouveau:worn_notebook":4,"ars_nouveau:apprentice_spell_book":1,"ars_nouveau:imbuement_chamber":6,"ars_nouveau:glyph_extract":1,"ars_elemental:yellow_archwood_leaves":46,"minecraft:blaze_rod":23,"alexsmobs:flying_fish":1,"ars_nouveau:manipulation_essence":2,"minecraft:sponge":5,"minecraft:feather":4,"ars_nouveau:source_berry":187,"minecraft:brown_wool":1,"byg:embur_gel_branch":11,"alexsmobs:bison_fur":23,"ars_nouveau:magebloom":35,"minecraft:flint":53,"ars_elemental:yellow_archwood_sapling":15,"ars_nouveau:scribes_table":4,"ars_nouveau:amulet_of_mana_boost":1,"rechiseledcreate:asurine_cut_polished_connecting":3,"ars_nouveau:spell_bow":19,"ars_nouveau:blue_archwood_leaves":168,"sophisticatedbackpacks:iron_backpack":3,"minecraft:ink_sac":6,"alexsmobs:animal_dictionary":4,"ars_nouveau:apprentice_boots":1,"minecraft:deepslate":15,"minecraft:deepslate_gold_ore":1,"minecraft:granite":7,"byg:travertine":441,"minecraft:bread":24,"alexsmobs:maggot":3,"minecraft:diamond_pickaxe":1,"ars_nouveau:red_archwood_log":319,"minecraft:crafting_table":8,"minecraft:leather_leggings":1,"byg:emeraldite_ore":9,"ars_nouveau:archwood_slab":3,"ars_nouveau:glyph_break":1,"minecraft:iron_shovel":2,"ars_nouveau:apprentice_hood":1,"minecraft:beef":80,"minecraft:iron_nugget":24,"minecraft:poppy":5,"byg:embur_gel_vines":4,"minecraft:chest":8,"minecraft:egg":3,"ars_nouveau:purple_archwood_log":219,"minecraft:stone":3,"minecraft:oak_door":2,"sophisticatedbackpacks:backpack":3,"ars_nouveau:split_arrow":1,"minecraft:carrot":28,"minecraft:redstone":24,"ars_nouveau:green_archwood_log":204,"ars_nouveau:enchanting_apparatus":3,"minecraft:shears":1,"minecraft:hay_block":3,"byg:blue_netherrack":25,"minecraft:mutton":16,"minecraft:rail":6,"minecraft:white_wool":10,"minecraft:clock":7,"mekanism:raw_lead":22,"minecraft:oak_log":25,"minecraft:apple":11,"byg:scoria_stone":3,"byg:subzero_crystal_shard":59,"minecraft:smooth_basalt":1,"ars_nouveau:source_jar":12,"minecraft:gravel":536,"minecraft:leather_helmet":1,"minecraft:diamond_axe":1,"minecraft:hopper":1,"ars_nouveau:magebloom_crop":49,"minecraft:ender_pearl":3,"minecraft:wheat":1,"minecraft:nether_brick_fence":4,"alexsmobs:bison_fur_block":1,"ars_nouveau:bombegranate_pod":26,"byg:subzero_ash_block":39,"byg:embur_gel_block":11,"minecraft:raw_copper":50,"minecraft:iron_leggings":1,"minecraft:bucket":1,"comforts:sleeping_bag_white":8,"minecraft:calcite":4,"minecraft:iron_pickaxe":3,"mekanism:deepslate_uranium_ore":6,"minecraft:furnace":2,"minecraft:iron_boots":1,"minecraft:stick":54,"byg:green_mushroom":1,"minecraft:torch":1052,"ars_nouveau:archwood_chest":1,"minecraft:porkchop":15,"minecraft:diorite":38,"minecraft:rotten_flesh":60,"byg:embur_nylium":5,"byg:embur_gel_ball":4,"create:asurine":63,"create:veridium":10,"ars_nouveau:whirlisprig_shards":1,"minecraft:obsidian":245,"minecraft:cod":3,"minecraft:cobblestone":455,"occultism:datura_seeds":1,"minecraft:andesite":76,"minecraft:potato":373,"minecraft:tuff":61,"create:raw_zinc":55,"ars_nouveau:earth_essence":1,"ars_nouveau:glyph_amplify":1,"minecraft:lapis_lazuli":260,"minecraft:dirt":642,"minecraft:bone":38,"minecraft:bow":2,"ars_nouveau:source_gem":82,"minecraft:wheat_seeds":59,"create_new_age:magnetite_block":19,"minecraft:raw_gold":41,"minecraft:bell":1,"minecraft:grindstone":3,"minecraft:fletching_table":1,"minecraft:oak_planks":16,"minecraft:stone_hoe":2,"ars_nouveau:glyph_projectile":2,"minecraft:poisonous_potato":5,"ars_nouveau:music_disc_aria_biblio":1,"minecraft:sand":10,"ars_elemental:yellow_archwood_log":74,"minecraft:grass_block":4,"ars_nouveau:sourcestone":2,"minecraft:mossy_cobblestone":1,"minecraft:diamond":18,"waystones:waystone":2,"minecraft:cracked_polished_blackstone_bricks":2,"minecraft:crossbow":1,"minecraft:bone_meal":1,"minecraft:emerald":1,"minecraft:netherrack":9,"ars_nouveau:arcane_pedestal":3,"minecraft:fishing_rod":3,"minecraft:charcoal":2,"create_new_age:thorium":38,"byg:soapstone":69,"minecraft:chicken":1,"ars_nouveau:blue_archwood_sapling":15,"ars_nouveau:archwood_planks":19,"ars_nouveau:amplify_arrow":20,"ars_nouveau:purple_archwood_leaves":64,"minecraft:iron_axe":39,"ars_nouveau:glyph_pierce":1,"minecraft:sugar_cane":12,"minecraft:spruce_trapdoor":1,"minecraft:raw_iron":221,"minecraft:copper_ingot":1,"ars_nouveau:purple_archwood_sapling":16,"ars_nouveau:blue_archwood_log":211,"minecraft:polished_blackstone_bricks":1,"ars_nouveau:frostaya_pod":29,"minecraft:stone_button":6,"ars_nouveau:music_disc_firel_the_wild_hunt":1,"minecraft:arrow":46,"minecraft:nether_bricks":32,"byg:frost_magma":3,"minecraft:skeleton_skull":1,"minecraft:wet_sponge":4,"minecraft:basalt":14,"minecraft:glow_ink_sac":3,"minecraft:salmon":3,"minecraft:leather":9,"minecraft:gunpowder":26,"minecraft:cooked_mutton":2,"byg:scoria_cobblestone":158,"ars_nouveau:apprentice_robes":1,"ars_nouveau:green_archwood_sapling":36,"minecraft:iron_ingot":40,"minecraft:soul_sand":38,"minecraft:pumpkin":5,"ars_nouveau:red_archwood_sapling":34,"byg:wailing_bell_blossom":4,"minecraft:quartz":26,"minecraft:dandelion":2,"minecraft:raw_iron_block":2,"ars_nouveau:novice_spell_book":3,"ars_nouveau:bastion_pod":12,"ars_nouveau:dominion_wand":1,"minecraft:blast_furnace":1,"minecraft:spider_eye":4,"mekanism:raw_osmium":59,"ars_nouveau:apprentice_leggings":1,"ars_nouveau:glyph_light":1,"byg:embur_pedu":19,"alexsmobs:raw_catfish":8,"minecraft:iron_helmet":1,"mekanism:fluorite_gem":19,"ars_nouveau:green_archwood_leaves":37,"minecraft:black_wool":1,"minecraft:coal":169,"minecraft:sunflower":22},"minecraft:crafted":{"mekanism:ingot_osmium":28,"minecraft:diamond_shovel":1,"sophisticatedbackpacks:crafting_upgrade":1,"minecraft:cooked_mutton":4,"minecraft:glass":2,"minecraft:quartz_block":4,"ars_nouveau:apprentice_spell_book":2,"mekanismtools:refined_obsidian_axe":1,"mekanism:ingot_tin":9,"minecraft:emerald":179,"minecraft:cooked_porkchop":2,"minecraft:diamond_axe":4,"byg:travertine_slab":2,"minecraft:raw_gold_block":2,"ars_nouveau:source_jar":2,"minecraft:clock":1,"minecraft:fletching_table":1,"minecraft:hay_block":1,"mekanism:ingot_lead":6,"ars_nouveau:apprentice_robes":2,"minecraft:stone_slab":6,"minecraft:iron_pickaxe":6,"minecraft:gold_ingot":38,"ars_nouveau:arcane_pedestal":10,"minecraft:jukebox":1,"minecraft:iron_nugget":2,"alexsmobs:bison_fur":9,"comforts:sleeping_bag_white":1,"mekanismtools:osmium_shovel":1,"sophisticatedbackpacks:jukebox_upgrade":1,"minecraft:bone_meal":17,"minecraft:lantern":1,"ars_nouveau:novice_spell_book":2,"minecraft:stone_pickaxe":3,"ars_nouveau:apprentice_boots":1,"mekanismtools:refined_obsidian_shovel":1,"ars_nouveau:sourcestone":28,"minecraft:flint":170,"minecraft:iron_shovel":5,"minecraft:iron_leggings":2,"minecraft:grindstone":1,"minecraft:oak_planks":34,"ars_nouveau:archwood_planks":2787,"minecraft:stone":12,"minecraft:hopper":2,"ars_nouveau:apprentice_hood":1,"minecraft:bow":1,"minecraft:iron_boots":2,"minecraft:chest":11,"ars_nouveau:enchanting_apparatus":1,"minecraft:stone_hoe":2,"minecraft:raw_iron_block":7,"minecraft:golden_boots":1,"mekanismtools:osmium_pickaxe":1,"ars_nouveau:dull_trinket":1,"sophisticatedbackpacks:backpack":1,"minecraft:crafting_table":6,"minecraft:iron_helmet":2,"minecraft:wooden_pickaxe":1,"minecraft:gold_block":7,"sophisticatedbackpacks:upgrade_base":2,"rechiseled:chisel":1,"minecraft:book":2,"minecraft:iron_chestplate":1,"minecraft:paper":4,"minecraft:charcoal":33,"ars_nouveau:archwood_chest":2,"minecraft:stick":4967,"minecraft:iron_ingot":36,"minecraft:stone_sword":3,"ars_nouveau:scribes_table":1,"minecraft:shears":1,"minecraft:oak_door":1,"mekanismtools:osmium_paxel":1,"minecraft:fishing_rod":1,"ars_nouveau:apprentice_leggings":2,"ars_nouveau:magebloom_fiber":17,"minecraft:furnace":2,"minecraft:stone_button":1,"minecraft:blast_furnace":1,"ars_nouveau:archwood_slab":13,"minecraft:flint_and_steel":1,"ars_nouveau:source_gem_block":1,"mekanismtools:osmium_axe":1,"minecraft:iron_axe":36,"ars_nouveau:agronomic_sourcelink":1,"sophisticatedbackpacks:iron_backpack":1,"minecraft:red_dye":4,"minecraft:cooked_cod":2,"ars_nouveau:imbuement_chamber":1,"ars_nouveau:repository":2,"minecraft:iron_sword":2,"minecraft:bell":1,"minecraft:bucket":1,"minecraft:stone_axe":1,"minecraft:air":777,"minecraft:blue_dye":4,"minecraft:gold_nugget":41,"minecraft:white_dye":3,"alexsmobs:bison_fur_block":1,"minecraft:torch":28,"minecraft:lapis_lazuli":18,"minecraft:lapis_block":18},"minecraft:used":{"byg:travertine":394,"minecraft:nether_brick_fence":1,"minecraft:chest":13,"minecraft:stone":13,"minecraft:rotten_flesh":7,"alexsmobs:bison_fur_block":1,"minecraft:soul_sand":15,"ars_nouveau:bombegranate_pod":1,"ars_elemental:yellow_archwood_sapling":1,"ars_nouveau:archwood_chest":3,"minecraft:lava_bucket":2,"ars_nouveau:music_disc_aria_biblio":1,"minecraft:grass_block":4,"minecraft:wet_sponge":2,"ars_nouveau:apprentice_robes":2,"ars_nouveau:source_berry":32,"minecraft:bow":11,"ars_nouveau:archwood_door":3,"minecraft:furnace":3,"minecraft:cooked_cod":2,"minecraft:egg":2,"minecraft:potato":149,"ars_nouveau:green_archwood_log":2,"ars_nouveau:music_disc_firel_the_wild_hunt":1,"minecraft:diorite":12,"mekanismtools:osmium_paxel":859,"ars_nouveau:blue_archwood_sapling":9,"minecraft:wooden_pickaxe":26,"minecraft:composter":1,"minecraft:sand":2,"minecraft:blast_furnace":1,"ars_elemental:flashpine_pod":8,"minecraft:stone_sword":128,"ars_nouveau:arcane_core":1,"ars_nouveau:dominion_wand":10,"minecraft:netherrack":9,"minecraft:torch":174,"byg:travertine_slab":13,"minecraft:iron_axe":245,"minecraft:smooth_basalt":1,"minecraft:basalt":7,"minecraft:beef":4,"comforts:sleeping_bag_white":8,"minecraft:cobbled_deepslate":848,"sophisticatedbackpacks:gold_backpack":2,"rechiseledcreate:asurine_cut_polished_connecting":15,"minecraft:wheat_seeds":3,"minecraft:water_bucket":20,"alexsmobs:cooked_catfish":2,"ars_nouveau:apprentice_hood":1,"minecraft:fletching_table":5,"minecraft:salmon":1,"minecraft:mossy_cobblestone":1,"minecraft:crafting_table":12,"minecraft:cod":1,"ars_nouveau:apprentice_leggings":1,"alexsmobs:flying_fish":1,"minecraft:diamond_pickaxe":348,"minecraft:sunflower":1,"minecraft:iron_pickaxe":745,"ars_nouveau:arcane_pedestal":17,"minecraft:spruce_trapdoor":1,"minecraft:cobblestone":177,"minecraft:cooked_porkchop":2,"minecraft:porkchop":1,"byg:scoria_cobblestone":156,"minecraft:dandelion":1,"minecraft:jukebox":1,"byg:subzero_ash_block":22,"mekanismtools:refined_obsidian_paxel":20,"minecraft:iron_shovel":598,"ars_nouveau:magebloom_crop":49,"minecraft:bell":1,"ars_nouveau:red_archwood_sapling":14,"minecraft:mutton":4,"minecraft:nether_bricks":3,"minecraft:carrot":13,"minecraft:tuff":6,"minecraft:obsidian":106,"ars_nouveau:green_archwood_sapling":6,"minecraft:hay_block":3,"ars_nouveau:repository":2,"byg:scoria_stone":3,"minecraft:stone_pickaxe":393,"minecraft:oak_planks":2,"ars_nouveau:mendosteen_pod":5,"minecraft:ender_pearl":1,"minecraft:sugar_cane":2,"ars_nouveau:archwood_planks":141,"ars_nouveau:agronomic_sourcelink":3,"minecraft:sponge":5,"minecraft:shears":174,"ars_nouveau:enchanting_apparatus":3,"waystones:waystone":2,"ars_nouveau:purple_archwood_sapling":15,"sophisticatedbackpacks:backpack":2,"minecraft:bread":20,"minecraft:gravel":313,"create:asurine":1,"minecraft:grindstone":7,"minecraft:andesite":6,"minecraft:bone_meal":31,"sophisticatedbackpacks:iron_backpack":4,"minecraft:flint_and_steel":1,"minecraft:redstone":1,"minecraft:deepslate_gold_ore":1,"minecraft:stone_hoe":81,"minecraft:cooked_chicken":1,"minecraft:oak_door":5,"minecraft:dirt":242,"minecraft:hopper":3,"ars_nouveau:bastion_pod":4,"ars_nouveau:frostaya_pod":1,"ars_nouveau:imbuement_chamber":7,"minecraft:iron_boots":1,"minecraft:soul_soil":4,"minecraft:cooked_beef":24,"minecraft:iron_leggings":2,"minecraft:brown_bed":1,"minecraft:cooked_mutton":9,"minecraft:baked_potato":61,"minecraft:black_wool":1,"minecraft:apple":9,"ars_nouveau:source_jar":14,"minecraft:cracked_polished_blackstone_bricks":1,"byg:wailing_bell_blossom":1,"byg:soapstone":19,"minecraft:stone_axe":86,"minecraft:fishing_rod":13,"minecraft:bucket":23,"alexsmobs:animal_dictionary":1,"ars_nouveau:scribes_table":5},"minecraft:dropped":{"sophisticatedbackpacks:iron_backpack":1,"byg:biomepedia":1,"ars_nouveau:novice_spell_book":3,"occultism:datura_seeds":1,"minecraft:porkchop":12,"mekanism:ingot_tin":76,"minecraft:crossbow":1,"ars_nouveau:earth_essence":1,"minecraft:fletching_table":1,"minecraft:rail":6,"minecraft:leather_helmet":1,"minecraft:emerald":1,"minecraft:dirt":32,"minecraft:bone_meal":18,"byg:embur_gel_ball":4,"minecraft:sunflower":13,"minecraft:sand":2,"minecraft:iron_pickaxe":3,"minecraft:fishing_rod":2,"minecraft:white_wool":7,"minecraft:bone":4,"ars_nouveau:apprentice_spell_book":1,"alexsmobs:animal_dictionary":4,"minecraft:cobbled_deepslate":79,"minecraft:obsidian":11,"byg:frost_magma":3,"minecraft:rotten_flesh":36,"byg:emeraldite_ore":9,"byg:embur_gel_block":11,"minecraft:nether_brick_fence":3,"minecraft:salmon":2,"ars_nouveau:archwood_slab":3,"farmersdelight:rope":3,"minecraft:leather_leggings":1,"minecraft:white_dye":3,"minecraft:beef":1,"minecraft:egg":1,"minecraft:iron_ingot":9,"minecraft:wheat_seeds":42,"minecraft:golden_horse_armor":1,"minecraft:feather":2,"minecraft:cobblestone":15,"alexsmobs:raw_catfish":6,"minecraft:pufferfish":8,"ars_nouveau:green_archwood_sapling":13,"minecraft:ink_sac":2,"byg:embur_nylium":5,"minecraft:iron_shovel":2,"mekanism:deepslate_uranium_ore":6,"minecraft:stone_sword":2,"sophisticatedbackpacks:backpack":1,"minecraft:nether_bricks":3,"minecraft:shears":1,"byg:blue_netherrack":25,"create_new_age:magnetite_block":4,"minecraft:diamond_pickaxe":1,"minecraft:spider_eye":3,"minecraft:bow":1,"minecraft:bell":1,"minecraft:diamond_axe":1,"minecraft:baked_potato":1,"minecraft:lantern":1,"alexsmobs:bison_fur":23,"minecraft:flint":2,"byg:embur_gel_vines":4,"byg:embur_gel_branch":11,"ars_nouveau:glyph_break":1,"gravestone:obituary":2,"byg:scoria_cobblestone":2,"minecraft:gold_ingot":1,"minecraft:gravel":10,"mekanism:ingot_osmium":52,"byg:subzero_ash_block":15,"ars_nouveau:wilden_spike":1,"ars_nouveau:glyph_projectile":1,"minecraft:cooked_mutton":3,"minecraft:chest":2,"minecraft:arrow":22,"minecraft:quartz":8,"ars_nouveau:red_archwood_sapling":1,"minecraft:stone_hoe":3,"minecraft:poisonous_potato":5,"ars_nouveau:magebloom":3,"byg:wailing_bell_blossom":3,"ars_nouveau:blue_archwood_leaves":133,"minecraft:stick":3,"ars_nouveau:worn_notebook":1,"ars_nouveau:bombegranate_pod":2,"minecraft:diorite":2,"minecraft:torch":947,"mekanism:raw_uranium":1,"minecraft:brown_wool":1,"minecraft:iron_axe":70,"byg:green_mushroom":1,"minecraft:dandelion":1,"alexsmobs:maggot":2,"minecraft:tuff":19,"minecraft:flint_and_steel":1,"minecraft:andesite":1,"mekanism:ingot_lead":22,"minecraft:wooden_pickaxe":1,"minecraft:calcite":1},"minecraft:broken":{"minecraft:stone_sword":1,"minecraft:iron_pickaxe":2,"minecraft:iron_shovel":2,"minecraft:stone_pickaxe":3,"minecraft:stone_axe":1}},"DataVersion":3120}