{"stats":{"minecraft:dropped":{"byg:biomepedia":1,"minecraft:iron_ingot":9,"minecraft:porkchop":12,"minecraft:wheat_seeds":1,"minecraft:cobblestone":15,"minecraft:stick":2,"minecraft:pufferfish":8,"minecraft:diorite":2,"minecraft:torch":527,"minecraft:brown_wool":1,"minecraft:sunflower":3,"minecraft:fishing_rod":1,"minecraft:white_wool":3,"minecraft:cobbled_deepslate":67,"minecraft:tuff":2,"minecraft:rotten_flesh":7,"minecraft:cooked_mutton":3,"minecraft:salmon":2,"minecraft:white_dye":3,"minecraft:wooden_pickaxe":1,"minecraft:arrow":8,"minecraft:bow":1,"minecraft:egg":1},"minecraft:picked_up":{"minecraft:fishing_rod":1,"minecraft:crafting_table":4,"byg:soapstone":17,"mekanism:raw_uranium":24,"minecraft:string":2,"minecraft:raw_copper":50,"minecraft:pufferfish":8,"minecraft:cobbled_deepslate":275,"minecraft:beef":2,"ars_elemental:flashpine_pod":9,"minecraft:sugar_cane":8,"minecraft:chest":1,"minecraft:furnace":2,"minecraft:egg":3,"minecraft:stick":1,"minecraft:raw_iron":43,"minecraft:oak_door":2,"minecraft:torch":560,"minecraft:porkchop":15,"minecraft:diorite":11,"mekanism:raw_tin":7,"minecraft:rotten_flesh":14,"minecraft:arrow":8,"minecraft:tropical_fish":1,"create:veridium":10,"ars_elemental:yellow_archwood_leaves":23,"minecraft:mutton":6,"minecraft:cobblestone":150,"minecraft:cod":3,"minecraft:skeleton_skull":1,"minecraft:white_wool":3,"minecraft:glow_ink_sac":3,"mekanism:raw_lead":11,"minecraft:andesite":3,"minecraft:salmon":3,"minecraft:brown_wool":1,"ars_elemental:yellow_archwood_sapling":7,"minecraft:tuff":2,"create:raw_zinc":20,"minecraft:oak_log":16,"minecraft:lapis_lazuli":8,"minecraft:dirt":3,"minecraft:cooked_mutton":2,"minecraft:bone":5,"minecraft:apple":5,"minecraft:bow":1,"minecraft:wheat_seeds":1,"minecraft:iron_ingot":38,"minecraft:smooth_basalt":1,"minecraft:pumpkin":5,"minecraft:gravel":22,"minecraft:sand":3,"ars_elemental:yellow_archwood_log":33,"mekanism:raw_osmium":18,"mekanism:fluorite_gem":19,"minecraft:bread":6,"minecraft:black_wool":1,"minecraft:coal":32,"minecraft:sunflower":4},"minecraft:killed":{"minecraft:spider":1,"minecraft:skeleton":4,"minecraft:pig":3,"minecraft:sheep":4,"minecraft:zombie":6,"minecraft:glow_squid":1,"minecraft:cow":1},"minecraft:custom":{"minecraft:mob_kills":22,"minecraft:interact_with_crafting_table":26,"minecraft:leave_game":4,"minecraft:time_since_death":137603,"minecraft:sprint_one_cm":105587,"minecraft:walk_one_cm":313212,"minecraft:drop":292,"minecraft:play_time":137603,"minecraft:sneak_time":988,"minecraft:walk_under_water_one_cm":35900,"minecraft:jump":1436,"minecraft:interact_with_blast_furnace":1,"minecraft:walk_on_water_one_cm":24213,"minecraft:total_world_time":137603,"minecraft:interact_with_furnace":20,"minecraft:sleep_in_bed":3,"minecraft:time_since_rest":4593,"minecraft:waystone_activated":1,"minecraft:damage_taken":913,"minecraft:damage_dealt":3467,"minecraft:swim_one_cm":19413,"minecraft:fly_one_cm":161295,"minecraft:open_chest":9,"minecraft:crouch_one_cm":2139,"minecraft:fish_caught":8,"minecraft:fall_one_cm":33327},"minecraft:mined":{"create:deepslate_zinc_ore":20,"ars_elemental:yellow_archwood_leaves":24,"minecraft:tuff":3,"minecraft:oak_door":2,"mekanism:deepslate_osmium_ore":12,"minecraft:furnace":2,"ars_nouveau:mendosteen_pod":1,"minecraft:iron_ore":17,"minecraft:cobbled_deepslate":2,"byg:prairie_grass":7,"minecraft:andesite":3,"minecraft:pumpkin":5,"minecraft:deepslate_lapis_ore":1,"minecraft:deepslate_iron_ore":27,"minecraft:stone":131,"create:veridium":9,"byg:tall_prairie_grass":6,"mekanism:deepslate_lead_ore":11,"mekanism:osmium_ore":6,"minecraft:crafting_table":4,"minecraft:torch":12,"minecraft:chest":1,"mekanism:tin_ore":1,"minecraft:copper_ore":12,"minecraft:cobblestone":3,"minecraft:sugar_cane":4,"ars_elemental:yellow_archwood_log":32,"minecraft:diorite":10,"minecraft:wall_torch":16,"minecraft:deepslate_copper_ore":2,"minecraft:skeleton_skull":1,"byg:soapstone":17,"minecraft:grass":5,"minecraft:black_wool":1,"mekanism:deepslate_tin_ore":6,"minecraft:oak_log":16,"minecraft:coal_ore":26,"minecraft:sand":3,"minecraft:sunflower":3,"minecraft:gravel":4,"mekanism:deepslate_fluorite_ore":6,"minecraft:dirt":3,"mekanism:deepslate_uranium_ore":24,"minecraft:smooth_basalt":1,"minecraft:oak_leaves":5,"minecraft:deepslate":343},"minecraft:crafted":{"minecraft:oak_door":1,"minecraft:oak_planks":16,"minecraft:fishing_rod":1,"minecraft:furnace":1,"minecraft:stone":12,"minecraft:bone_meal":3,"minecraft:cooked_mutton":4,"minecraft:iron_boots":1,"minecraft:stone_pickaxe":2,"minecraft:chest":1,"minecraft:cooked_cod":2,"minecraft:cooked_porkchop":2,"minecraft:crafting_table":3,"minecraft:wooden_pickaxe":1,"minecraft:iron_helmet":1,"minecraft:bucket":1,"minecraft:stone_axe":1,"minecraft:air":200,"minecraft:iron_chestplate":1,"minecraft:white_dye":3,"minecraft:stick":9,"minecraft:iron_ingot":10,"minecraft:iron_pickaxe":2,"minecraft:iron_leggings":1,"minecraft:gold_ingot":28,"minecraft:torch":20,"minecraft:shears":1},"minecraft:broken":{"minecraft:stone_pickaxe":2,"minecraft:stone_axe":1,"minecraft:iron_pickaxe":1},"minecraft:used":{"minecraft:chest":2,"minecraft:stone":12,"minecraft:rotten_flesh":7,"minecraft:oak_door":5,"minecraft:torch":71,"minecraft:dirt":3,"minecraft:smooth_basalt":1,"minecraft:furnace":3,"minecraft:cooked_cod":2,"minecraft:egg":2,"minecraft:cobbled_deepslate":80,"minecraft:iron_leggings":1,"minecraft:cooked_mutton":3,"minecraft:water_bucket":10,"minecraft:diorite":9,"minecraft:stone_pickaxe":262,"minecraft:wooden_pickaxe":26,"minecraft:salmon":1,"minecraft:sand":1,"minecraft:crafting_table":7,"minecraft:cod":1,"minecraft:shears":23,"minecraft:black_wool":1,"ars_elemental:flashpine_pod":1,"minecraft:sunflower":1,"minecraft:bread":2,"minecraft:iron_pickaxe":427,"byg:soapstone":7,"minecraft:stone_axe":86,"minecraft:fishing_rod":13,"minecraft:cobblestone":27,"minecraft:porkchop":1,"minecraft:cooked_porkchop":2,"minecraft:andesite":3,"minecraft:bucket":11}},"DataVersion":3120}