{
  "ars_nouveau:recipes/ars_nouveau/alchemical_sourcelink": {
    "criteria": {
      "has_journal": "2024-07-30 21:19:44 +0000"
    },
    "done": true
  },
  "minecraft:recipes/decorations/smoker": {
    "criteria": {
      "has_furnace": "2024-07-30 21:30:17 +0000"
    },
    "done": true
  },
  "ars_nouveau:recipes/ars_nouveau/red_archwood_wood": {
    "criteria": {
      "has_journal": "2024-07-30 21:19:45 +0000"
    },
    "done": true
  },
  "ars_elemental:recipes/ars_nouveau/tablet_ritual_tesla_coil": {
    "criteria": {
      "has_journal": "2024-07-30 21:19:44 +0000"
    },
    "done": true
  },
  "ars_nouveau:recipes/ars_nouveau/source_berry_roll": {
    "criteria": {
      "has_journal": "2024-07-30 21:19:44 +0000"
    },
    "done": true
  },
  "create:recipes/create.base/blasting/zinc_ingot_from_raw_ore": {
    "criteria": {
      "has_item": "2024-07-30 21:40:56 +0000"
    },
    "done": true
  },
  "minecraft:recipes/redstone/lever": {
    "criteria": {
      "has_cobblestone": "2024-07-30 21:28:01 +0000"
    },
    "done": true
  },
  "ars_nouveau:recipes/ars_nouveau/sourcestone_20": {
    "criteria": {
      "has_journal": "2024-07-30 21:19:44 +0000"
    },
    "done": true
  },
  "ars_nouveau:recipes/ars_nouveau/sourcestone_21": {
    "criteria": {
      "has_journal": "2024-07-30 21:19:44 +0000"
    },
    "done": true
  },
  "farmersdelight:recipes/farmersdelight/organic_compost_from_rotten_flesh": {
    "criteria": {
      "has_rotten_flesh": "2024-07-30 21:34:27 +0000"
    },
    "done": true
  },
  "minecraft:recipes/combat/iron_sword": {
    "criteria": {
      "has_iron_ingot": "2024-07-30 21:32:41 +0000"
    },
    "done": true
  },
  "create:recipes/create.palettes/cut_andesite_slab_from_stone_types_andesite_stonecutting": {
    "criteria": {
      "has_stone_types_andesite": "2024-07-30 21:37:45 +0000"
    },
    "done": true
  },
  "create:recipes/create.palettes/cut_diorite_brick_stairs_from_stone_types_diorite_stonecutting": {
    "criteria": {
      "has_stone_types_diorite": "2024-07-30 21:50:19 +0000"
    },
    "done": true
  },
  "naturescompass:natures_compass": {
    "criteria": {
      "has_compass": "2024-07-30 21:19:44 +0000"
    },
    "done": true
  },
  "ars_nouveau:recipes/ars_nouveau/sourcestone_17": {
    "criteria": {
      "has_journal": "2024-07-30 21:19:44 +0000"
    },
    "done": true
  },
  "ars_nouveau:recipes/ars_nouveau/sourcestone_18": {
    "criteria": {
      "has_journal": "2024-07-30 21:19:44 +0000"
    },
    "done": true
  },
  "minecraft:recipes/building_blocks/polished_deepslate": {
    "criteria": {
      "has_cobbled_deepslate": "2024-07-30 21:40:17 +0000"
    },
    "done": true
  },
  "ars_nouveau:recipes/ars_nouveau/sourcestone_19": {
    "criteria": {
      "has_journal": "2024-07-30 21:19:45 +0000"
    },
    "done": true
  },
  "minecraft:recipes/building_blocks/chiseled_deepslate_from_cobbled_deepslate_stonecutting": {
    "criteria": {
      "has_cobbled_deepslate": "2024-07-30 21:40:17 +0000"
    },
    "done": true
  },
  "create:recipes/building_blocks/diorite_from_stone_types_diorite_stonecutting": {
    "criteria": {
      "has_stone_types_diorite": "2024-07-30 21:50:19 +0000"
    },
    "done": true
  },
  "minecraft:recipes/tools/iron_pickaxe": {
    "criteria": {
      "has_iron_ingot": "2024-07-30 21:32:41 +0000"
    },
    "done": true
  },
  "ars_nouveau:recipes/ars_nouveau/lava_lily": {
    "criteria": {
      "has_journal": "2024-07-30 21:19:44 +0000"
    },
    "done": true
  },
  "create:recipes/create.palettes/polished_cut_diorite_wall_from_stone_types_diorite_stonecutting": {
    "criteria": {
      "has_stone_types_diorite": "2024-07-30 21:50:19 +0000"
    },
    "done": true
  },
  "minecraft:recipes/combat/leather_helmet": {
    "criteria": {
      "has_leather": "2024-07-30 21:21:58 +0000"
    },
    "done": true
  },
  "minecraft:recipes/decorations/crafting_table": {
    "criteria": {
      "has_planks": "2024-07-30 21:20:58 +0000"
    },
    "done": true
  },
  "ars_nouveau:recipes/ars_nouveau/falseweave": {
    "criteria": {
      "has_journal": "2024-07-30 21:19:44 +0000"
    },
    "done": true
  },
  "minecraft:recipes/decorations/ladder": {
    "criteria": {
      "has_stick": "2024-07-30 21:21:02 +0000"
    },
    "done": true
  },
  "minecraft:recipes/decorations/chest": {
    "criteria": {
      "has_lots_of_items": "2024-07-30 21:21:58 +0000"
    },
    "done": true
  },
  "minecraft:recipes/combat/golden_sword": {
    "criteria": {
      "has_gold_ingot": "2024-07-30 22:54:27 +0000"
    },
    "done": true
  },
  "ars_nouveau:recipes/ars_nouveau/smooth_gilded_sourcestone_small_bricks_stone_cutterslab": {
    "criteria": {
      "has_journal": "2024-07-30 21:19:44 +0000"
    },
    "done": true
  },
  "minecraft:recipes/building_blocks/cobbled_deepslate_slab": {
    "criteria": {
      "has_cobbled_deepslate": "2024-07-30 21:40:17 +0000"
    },
    "done": true
  },
  "minecraft:recipes/transportation/mangrove_boat": {
    "criteria": {
      "in_water": "2024-07-30 21:20:06 +0000"
    },
    "done": true
  },
  "ars_nouveau:recipes/ars_nouveau/sourcestone_mosaic_stairs": {
    "criteria": {
      "has_journal": "2024-07-30 21:19:44 +0000"
    },
    "done": true
  },
  "minecraft:recipes/tools/wooden_shovel": {
    "criteria": {
      "has_stick": "2024-07-30 21:21:02 +0000"
    },
    "done": true
  },
  "minecraft:recipes/decorations/torch": {
    "criteria": {
      "has_stone_pickaxe": "2024-07-30 21:28:30 +0000"
    },
    "done": true
  },
  "create:recipes/create.palettes/industrial_iron_block_from_ingots_iron_stonecutting": {
    "criteria": {
      "has_ingots_iron": "2024-07-30 21:32:41 +0000"
    },
    "done": true
  },
  "minecraft:recipes/tools/shears": {
    "criteria": {
      "has_iron_ingot": "2024-07-30 21:32:41 +0000"
    },
    "done": true
  },
  "minecraft:recipes/misc/stick": {
    "criteria": {
      "has_planks": "2024-07-30 21:20:58 +0000"
    },
    "done": true
  },
  "ars_nouveau:recipes/ars_nouveau/smooth_gilded_sourcestone_mosaic_to_sourcestone": {
    "criteria": {
      "has_journal": "2024-07-30 21:19:44 +0000"
    },
    "done": true
  },
  "ars_nouveau:recipes/ars_nouveau/smooth_sourcestone_basketweave_stairs": {
    "criteria": {
      "has_journal": "2024-07-30 21:19:44 +0000"
    },
    "done": true
  },
  "createdeco:recipes/createdeco.metals/gold_bars_from_gold_ingot_stonecutting": {
    "criteria": {
      "has_gold_ingot": "2024-07-30 22:54:27 +0000"
    },
    "done": true
  },
  "ars_nouveau:recipes/ars_nouveau/blue_sbed": {
    "criteria": {
      "has_journal": "2024-07-30 21:19:44 +0000"
    },
    "done": true
  },
  "ars_nouveau:recipes/ars_nouveau/gilded_sourcestone_basketweave_to_sourcestone": {
    "criteria": {
      "has_journal": "2024-07-30 21:19:44 +0000"
    },
    "done": true
  },
  "ars_nouveau:recipes/ars_nouveau/scribes_table": {
    "criteria": {
      "has_journal": "2024-07-30 21:19:44 +0000"
    },
    "done": true
  },
  "ars_nouveau:recipes/ars_nouveau/sourcestone_alternating_stairs": {
    "criteria": {
      "has_journal": "2024-07-30 21:19:44 +0000"
    },
    "done": true
  },
  "ars_nouveau:recipes/ars_nouveau/smooth_gilded_sourcestone_mosaic_stone_cutterslab": {
    "criteria": {
      "has_journal": "2024-07-30 21:19:44 +0000"
    },
    "done": true
  },
  "minecraft:recipes/redstone/dispenser": {
    "criteria": {
      "has_bow": "2024-07-30 21:51:39 +0000"
    },
    "done": true
  },
  "ars_nouveau:recipes/building_blocks/conjuration_essence_to_soul_sand": {
    "criteria": {
      "has_journal": "2024-07-30 21:19:44 +0000"
    },
    "done": true
  },
  "ars_nouveau:recipes/ars_nouveau/ritual_containment": {
    "criteria": {
      "has_journal": "2024-07-30 21:19:44 +0000"
    },
    "done": true
  },
  "ars_nouveau:recipes/ars_nouveau/smooth_sourcestone_basketweave_stonecutter_stair": {
    "criteria": {
      "has_journal": "2024-07-30 21:19:44 +0000"
    },
    "done": true
  },
  "minecraft:recipes/combat/iron_leggings": {
    "criteria": {
      "has_iron_ingot": "2024-07-30 21:32:41 +0000"
    },
    "done": true
  },
  "minecraft:recipes/combat/shield": {
    "criteria": {
      "has_iron_ingot": "2024-07-30 21:32:41 +0000"
    },
    "done": true
  },
  "minecraft:recipes/building_blocks/cobblestone_slab": {
    "criteria": {
      "has_cobblestone": "2024-07-30 21:28:01 +0000"
    },
    "done": true
  },
  "create:recipes/create.palettes/polished_cut_diorite_stairs_from_stone_types_diorite_stonecutting": {
    "criteria": {
      "has_stone_types_diorite": "2024-07-30 21:50:19 +0000"
    },
    "done": true
  },
  "ars_nouveau:recipes/ars_nouveau/starbuncle_shades": {
    "criteria": {
      "has_journal": "2024-07-30 21:19:44 +0000"
    },
    "done": true
  },
  "create:recipes/create.palettes/cut_tuff_bricks_from_stone_types_tuff_stonecutting": {
    "criteria": {
      "has_stone_types_tuff": "2024-07-30 21:55:37 +0000"
    },
    "done": true
  },
  "ars_nouveau:recipes/ars_nouveau/purple_archwood_wood": {
    "criteria": {
      "has_journal": "2024-07-30 21:19:44 +0000"
    },
    "done": true
  },
  "minecraft:recipes/redstone/hopper": {
    "criteria": {
      "has_iron_ingot": "2024-07-30 21:32:41 +0000"
    },
    "done": true
  },
  "ars_nouveau:recipes/ars_nouveau/manipulation_essence_to_blazin_sapling": {
    "criteria": {
      "has_journal": "2024-07-30 21:19:44 +0000"
    },
    "done": true
  },
  "minecraft:recipes/decorations/cobbled_deepslate_wall_from_cobbled_deepslate_stonecutting": {
    "criteria": {
      "has_cobbled_deepslate": "2024-07-30 21:40:17 +0000"
    },
    "done": true
  },
  "ars_nouveau:recipes/building_blocks/manipulation_essence_to_andesite": {
    "criteria": {
      "has_journal": "2024-07-30 21:19:44 +0000"
    },
    "done": true
  },
  "create:recipes/building_blocks/andesite_from_stone_types_andesite_stonecutting": {
    "criteria": {
      "has_stone_types_andesite": "2024-07-30 21:37:45 +0000"
    },
    "done": true
  },
  "create:recipes/create.palettes/polished_cut_veridium_from_stone_types_veridium_stonecutting": {
    "criteria": {
      "has_stone_types_veridium": "2024-07-30 21:45:28 +0000"
    },
    "done": true
  },
  "ars_nouveau:recipes/ars_nouveau/sourcestone_basketweave_stonecutter_stair": {
    "criteria": {
      "has_journal": "2024-07-30 21:19:44 +0000"
    },
    "done": true
  },
  "ars_nouveau:recipes/ars_nouveau/sourcestone_10": {
    "criteria": {
      "has_journal": "2024-07-30 21:19:44 +0000"
    },
    "done": true
  },
  "ars_nouveau:recipes/building_blocks/manipulation_essence_to_mycelium": {
    "criteria": {
      "has_journal": "2024-07-30 21:19:44 +0000"
    },
    "done": true
  },
  "ars_nouveau:recipes/ars_nouveau/sourcestone_11": {
    "criteria": {
      "has_journal": "2024-07-30 21:19:44 +0000"
    },
    "done": true
  },
  "naturescompass:natures_compass_sapling": {
    "criteria": {
      "has_recipe": "2024-07-30 21:19:44 +0000"
    },
    "done": true
  },
  "ars_nouveau:recipes/ars_nouveau/sourcestone_12": {
    "criteria": {
      "has_journal": "2024-07-30 21:19:45 +0000"
    },
    "done": true
  },
  "farmersdelight:recipes/farmersdelight/cooking/beef_stew": {
    "criteria": {
      "has_any_ingredient": "2024-07-30 21:21:55 +0000"
    },
    "done": true
  },
  "ars_nouveau:recipes/ars_nouveau/sourcestone_13": {
    "criteria": {
      "has_journal": "2024-07-30 21:19:44 +0000"
    },
    "done": true
  },
  "ars_nouveau:recipes/ars_nouveau/sourcestone_14": {
    "criteria": {
      "has_journal": "2024-07-30 21:19:44 +0000"
    },
    "done": true
  },
  "ars_nouveau:recipes/ars_nouveau/sourcestone_15": {
    "criteria": {
      "has_journal": "2024-07-30 21:19:44 +0000"
    },
    "done": true
  },
  "ars_nouveau:recipes/ars_nouveau/sourcestone_16": {
    "criteria": {
      "has_journal": "2024-07-30 21:19:44 +0000"
    },
    "done": true
  },
  "ars_nouveau:recipes/ars_nouveau/archwood_planks": {
    "criteria": {
      "has_journal": "2024-07-30 21:19:44 +0000"
    },
    "done": true
  },
  "minecraft:recipes/building_blocks/deepslate_tile_stairs_from_cobbled_deepslate_stonecutting": {
    "criteria": {
      "has_cobbled_deepslate": "2024-07-30 21:40:17 +0000"
    },
    "done": true
  },
  "create:recipes/create.palettes/cut_tuff_slab_from_stone_types_tuff_stonecutting": {
    "criteria": {
      "has_stone_types_tuff": "2024-07-30 21:55:37 +0000"
    },
    "done": true
  },
  "ars_nouveau:recipes/ars_nouveau/potion_diffuser": {
    "criteria": {
      "has_journal": "2024-07-30 21:19:44 +0000"
    },
    "done": true
  },
  "minecraft:recipes/misc/gold_ingot_from_smelting_raw_gold": {
    "criteria": {
      "has_raw_gold": "2024-07-30 21:41:32 +0000"
    },
    "done": true
  },
  "minecraft:recipes/combat/leather_leggings": {
    "criteria": {
      "has_leather": "2024-07-30 21:21:58 +0000"
    },
    "done": true
  },
  "create:recipes/create.palettes/cut_diorite_from_stone_types_diorite_stonecutting": {
    "criteria": {
      "has_stone_types_diorite": "2024-07-30 21:50:19 +0000"
    },
    "done": true
  },
  "storagedrawers:recipes/storagedrawers/birch_trim": {
    "criteria": {
      "has_planks": "2024-07-30 21:19:44 +0000"
    },
    "done": true
  },
  "create:recipes/create.palettes/cut_andesite_bricks_from_stone_types_andesite_stonecutting": {
    "criteria": {
      "has_stone_types_andesite": "2024-07-30 21:37:45 +0000"
    },
    "done": true
  },
  "ars_nouveau:recipes/ars_nouveau/gilded_sourcestone_mosaic_slab": {
    "criteria": {
      "has_journal": "2024-07-30 21:19:44 +0000"
    },
    "done": true
  },
  "createdeco:recipes/createdeco.metals/gold_hull": {
    "criteria": {
      "has_item": "2024-07-30 22:54:27 +0000"
    },
    "done": true
  },
  "ars_nouveau:recipes/ars_nouveau/smooth_sourcestone_mosaic_stone_cutterslab": {
    "criteria": {
      "has_journal": "2024-07-30 21:19:44 +0000"
    },
    "done": true
  },
  "ars_nouveau:recipes/ars_nouveau/item_detector": {
    "criteria": {
      "has_journal": "2024-07-30 21:19:45 +0000"
    },
    "done": true
  },
  "minecraft:recipes/decorations/iron_bars": {
    "criteria": {
      "has_iron_ingot": "2024-07-30 21:32:41 +0000"
    },
    "done": true
  },
  "minecraft:recipes/building_blocks/andesite_stairs_from_andesite_stonecutting": {
    "criteria": {
      "has_andesite": "2024-07-30 21:37:45 +0000"
    },
    "done": true
  },
  "ars_nouveau:recipes/ars_nouveau/gilded_sourcestone_small_bricks_stairs": {
    "criteria": {
      "has_journal": "2024-07-30 21:19:44 +0000"
    },
    "done": true
  },
  "minecraft:recipes/building_blocks/gold_block": {
    "criteria": {
      "has_gold_ingot": "2024-07-30 22:54:27 +0000"
    },
    "done": true
  },
  "ars_nouveau:recipes/ars_nouveau/sourcestone_basketweave_stone_cutterslab": {
    "criteria": {
      "has_journal": "2024-07-30 21:19:44 +0000"
    },
    "done": true
  },
  "minecraft:story/obtain_armor": {
    "criteria": {
      "iron_chestplate": "2024-07-30 21:38:22 +0000"
    },
    "done": true
  },
  "create:recipes/create.palettes/cut_diorite_brick_wall_from_stone_types_diorite_stonecutting": {
    "criteria": {
      "has_stone_types_diorite": "2024-07-30 21:50:19 +0000"
    },
    "done": true
  },
  "create:recipes/create.base/smelting/zinc_ingot_from_raw_ore": {
    "criteria": {
      "has_item": "2024-07-30 21:40:56 +0000"
    },
    "done": true
  },
  "ars_nouveau:recipes/ars_nouveau/smooth_sourcestone_mosaic_slab": {
    "criteria": {
      "has_journal": "2024-07-30 21:19:45 +0000"
    },
    "done": true
  },
  "minecraft:recipes/decorations/deepslate_brick_wall_from_cobbled_deepslate_stonecutting": {
    "criteria": {
      "has_cobbled_deepslate": "2024-07-30 21:40:17 +0000"
    },
    "done": true
  },
  "ars_nouveau:recipes/ars_nouveau/sourcestone_small_bricks_stonecutter_stair": {
    "criteria": {
      "has_journal": "2024-07-30 21:19:44 +0000"
    },
    "done": true
  },
  "ars_nouveau:recipes/building_blocks/manipulation_essence_to_diorite": {
    "criteria": {
      "has_journal": "2024-07-30 21:19:44 +0000"
    },
    "done": true
  },
  "ars_nouveau:recipes/ars_nouveau/ritual_wilden_summon": {
    "criteria": {
      "has_journal": "2024-07-30 21:19:44 +0000"
    },
    "done": true
  },
  "minecraft:recipes/building_blocks/cobblestone_slab_from_cobblestone_stonecutting": {
    "criteria": {
      "has_cobblestone": "2024-07-30 21:28:01 +0000"
    },
    "done": true
  },
  "create:recipes/create.palettes/small_diorite_brick_wall_from_stone_types_diorite_stonecutting": {
    "criteria": {
      "has_stone_types_diorite": "2024-07-30 21:50:19 +0000"
    },
    "done": true
  },
  "ars_nouveau:recipes/ars_nouveau/blue_archwood_wood": {
    "criteria": {
      "has_journal": "2024-07-30 21:19:44 +0000"
    },
    "done": true
  },
  "minecraft:recipes/building_blocks/oak_stairs": {
    "criteria": {
      "has_planks": "2024-07-30 21:20:58 +0000"
    },
    "done": true
  },
  "ars_nouveau:recipes/ars_nouveau/greater_experience_gem": {
    "criteria": {
      "has_journal": "2024-07-30 21:19:45 +0000"
    },
    "done": true
  },
  "minecraft:recipes/building_blocks/polished_andesite_slab_from_andesite_stonecutting": {
    "criteria": {
      "has_andesite": "2024-07-30 21:37:45 +0000"
    },
    "done": true
  },
  "farmersdelight:recipes/farmersdelight/roasted_mutton_chops": {
    "criteria": {
      "has_mutton": "2024-07-30 21:51:14 +0000"
    },
    "done": true
  },
  "ironchest:recipes/ironchest/chests/copper_iron_chest": {
    "criteria": {
      "has_item": "2024-07-30 21:32:41 +0000"
    },
    "done": true
  },
  "create:recipes/create.palettes/polished_cut_andesite_from_stone_types_andesite_stonecutting": {
    "criteria": {
      "has_stone_types_andesite": "2024-07-30 21:37:45 +0000"
    },
    "done": true
  },
  "ars_nouveau:recipes/ars_nouveau/ritual_sunrise": {
    "criteria": {
      "has_journal": "2024-07-30 21:19:44 +0000"
    },
    "done": true
  },
  "storagedrawers:recipes/storagedrawers/min_redstone_upgrade": {
    "criteria": {
      "has_template": "2024-07-30 21:19:44 +0000"
    },
    "done": true
  },
  "minecraft:recipes/transportation/acacia_boat": {
    "criteria": {
      "in_water": "2024-07-30 21:20:06 +0000"
    },
    "done": true
  },
  "ars_nouveau:recipes/ars_nouveau/rotating_spell_turret": {
    "criteria": {
      "has_journal": "2024-07-30 21:19:44 +0000"
    },
    "done": true
  },
  "minecraft:recipes/redstone/iron_trapdoor": {
    "criteria": {
      "has_iron_ingot": "2024-07-30 21:32:41 +0000"
    },
    "done": true
  },
  "storagedrawers:recipes/storagedrawers/void_upgrade": {
    "criteria": {
      "has_template": "2024-07-30 21:19:44 +0000"
    },
    "done": true
  },
  "create:recipes/create.palettes/layered_tuff_from_stone_types_tuff_stonecutting": {
    "criteria": {
      "has_stone_types_tuff": "2024-07-30 21:55:37 +0000"
    },
    "done": true
  },
  "ars_nouveau:recipes/ars_nouveau/wipe_starby_shard": {
    "criteria": {
      "has_journal": "2024-07-30 21:19:44 +0000"
    },
    "done": true
  },
  "farmersdelight:recipes/farmersdelight/cutting_board": {
    "criteria": {
      "has_stick": "2024-07-30 21:21:02 +0000"
    },
    "done": true
  },
  "ars_nouveau:recipes/ars_nouveau/blank_parchment": {
    "criteria": {
      "has_journal": "2024-07-30 21:19:44 +0000"
    },
    "done": true
  },
  "minecraft:adventure/root": {
    "criteria": {
      "killed_something": "2024-07-30 21:21:55 +0000"
    },
    "done": true
  },
  "ars_nouveau:recipes/ars_nouveau/sourcestone_small_bricks_slab": {
    "criteria": {
      "has_journal": "2024-07-30 21:19:44 +0000"
    },
    "done": true
  },
  "ars_nouveau:recipes/ars_nouveau/warp_scroll": {
    "criteria": {
      "has_journal": "2024-07-30 21:19:44 +0000"
    },
    "done": true
  },
  "storagedrawers:recipes/storagedrawers/warped_trim": {
    "criteria": {
      "has_planks": "2024-07-30 21:19:44 +0000"
    },
    "done": true
  },
  "ars_nouveau:recipes/ars_nouveau/agronomic_sourcelink": {
    "criteria": {
      "has_journal": "2024-07-30 21:19:44 +0000"
    },
    "done": true
  },
  "ars_nouveau:recipes/ars_nouveau/annotated_codex": {
    "criteria": {
      "has_journal": "2024-07-30 21:19:44 +0000"
    },
    "done": true
  },
  "ars_nouveau:recipes/misc/fire_essence_to_charge": {
    "criteria": {
      "has_journal": "2024-07-30 21:19:44 +0000"
    },
    "done": true
  },
  "create:recipes/create.palettes/small_andesite_brick_stairs_from_stone_types_andesite_stonecutting": {
    "criteria": {
      "has_stone_types_andesite": "2024-07-30 21:37:45 +0000"
    },
    "done": true
  },
  "minecraft:adventure/kill_all_mobs": {
    "criteria": {
      "minecraft:skeleton": "2024-07-30 22:04:03 +0000",
      "minecraft:creeper": "2024-07-30 21:30:12 +0000",
      "minecraft:witch": "2024-07-30 21:48:13 +0000",
      "minecraft:zombie": "2024-07-30 21:29:17 +0000"
    },
    "done": false
  },
  "storagedrawers:recipes/storagedrawers/illumination_upgrade": {
    "criteria": {
      "has_template": "2024-07-30 21:19:44 +0000"
    },
    "done": true
  },
  "mekanism:root": {
    "criteria": {
      "automatic": "2024-07-30 21:19:45 +0000"
    },
    "done": true
  },
  "ars_nouveau:recipes/misc/spike_to_dye": {
    "criteria": {
      "has_journal": "2024-07-30 21:19:44 +0000"
    },
    "done": true
  },
  "ars_nouveau:recipes/ars_nouveau/smooth_sourcestone_large_bricks_stonecutter_stair": {
    "criteria": {
      "has_journal": "2024-07-30 21:19:44 +0000"
    },
    "done": true
  },
  "farmersdelight:recipes/farmersdelight/cooking_pot": {
    "criteria": {
      "has_iron_ingot": "2024-07-30 21:32:41 +0000"
    },
    "done": true
  },
  "minecraft:recipes/building_blocks/polished_deepslate_from_cobbled_deepslate_stonecutting": {
    "criteria": {
      "has_cobbled_deepslate": "2024-07-30 21:40:17 +0000"
    },
    "done": true
  },
  "ars_nouveau:recipes/ars_nouveau/gilded_sourcestone_mosaic_to_sourcestone": {
    "criteria": {
      "has_journal": "2024-07-30 21:19:44 +0000"
    },
    "done": true
  },
  "minecraft:recipes/food/cooked_beef_from_smoking": {
    "criteria": {
      "has_beef": "2024-07-30 21:21:55 +0000"
    },
    "done": true
  },
  "ars_nouveau:recipes/ars_nouveau/sourcestone_basketweave_slab": {
    "criteria": {
      "has_journal": "2024-07-30 21:19:44 +0000"
    },
    "done": true
  },
  "ars_nouveau:recipes/ars_nouveau/manipulation_essence_to_vexing_sapling": {
    "criteria": {
      "has_journal": "2024-07-30 21:19:44 +0000"
    },
    "done": true
  },
  "mekanism:materials": {
    "criteria": {
      "material": "2024-07-30 21:47:49 +0000"
    },
    "done": true
  },
  "ars_nouveau:recipes/ars_nouveau/sourcestone": {
    "criteria": {
      "has_journal": "2024-07-30 21:19:44 +0000"
    },
    "done": true
  },
  "minecraft:recipes/misc/iron_nugget_from_smelting": {
    "criteria": {
      "has_iron_chestplate": "2024-07-30 21:38:22 +0000"
    },
    "done": true
  },
  "ars_elemental:recipes/ars_nouveau/tablet_ritual_squirrels": {
    "criteria": {
      "has_journal": "2024-07-30 21:19:44 +0000"
    },
    "done": true
  },
  "storagedrawers:recipes/storagedrawers/redstone_upgrade": {
    "criteria": {
      "has_template": "2024-07-30 21:19:44 +0000"
    },
    "done": true
  },
  "minecraft:recipes/building_blocks/polished_deepslate_slab_from_cobbled_deepslate_stonecutting": {
    "criteria": {
      "has_cobbled_deepslate": "2024-07-30 21:40:17 +0000"
    },
    "done": true
  },
  "ars_nouveau:recipes/ars_nouveau/wixie_hat": {
    "criteria": {
      "has_journal": "2024-07-30 21:19:44 +0000"
    },
    "done": true
  },
  "ars_nouveau:recipes/ars_nouveau/gilded_sourcestone_alternating_stonecutter_stair": {
    "criteria": {
      "has_journal": "2024-07-30 21:19:44 +0000"
    },
    "done": true
  },
  "ars_nouveau:recipes/ars_nouveau/smooth_gilded_sourcestone_basketweave_stairs": {
    "criteria": {
      "has_journal": "2024-07-30 21:19:44 +0000"
    },
    "done": true
  },
  "create:recipes/create.palettes/polished_cut_veridium_stairs_from_stone_types_veridium_stonecutting": {
    "criteria": {
      "has_stone_types_veridium": "2024-07-30 21:45:28 +0000"
    },
    "done": true
  },
  "minecraft:recipes/decorations/chain": {
    "criteria": {
      "has_iron_ingot": "2024-07-30 21:32:41 +0000"
    },
    "done": true
  },
  "ars_elemental:recipes/ars_nouveau/flight_alt": {
    "criteria": {
      "has_journal": "2024-07-30 21:19:44 +0000"
    },
    "done": true
  },
  "create:recipes/create.palettes/small_diorite_brick_stairs_from_stone_types_diorite_stonecutting": {
    "criteria": {
      "has_stone_types_diorite": "2024-07-30 21:50:19 +0000"
    },
    "done": true
  },
  "ars_nouveau:recipes/ars_nouveau/sourcestone_mosaic_to_sourcestone": {
    "criteria": {
      "has_journal": "2024-07-30 21:19:44 +0000"
    },
    "done": true
  },
  "ars_nouveau:recipes/ars_nouveau/red_sbed": {
    "criteria": {
      "has_journal": "2024-07-30 21:19:44 +0000"
    },
    "done": true
  },
  "create:recipes/create.palettes/cut_andesite_brick_wall_from_stone_types_andesite_stonecutting": {
    "criteria": {
      "has_stone_types_andesite": "2024-07-30 21:37:45 +0000"
    },
    "done": true
  },
  "minecraft:recipes/misc/blue_dye": {
    "criteria": {
      "has_lapis_lazuli": "2024-07-30 21:39:00 +0000"
    },
    "done": true
  },
  "storagedrawers:recipes/storagedrawers/spruce_trim": {
    "criteria": {
      "has_planks": "2024-07-30 21:19:44 +0000"
    },
    "done": true
  },
  "storagedrawers:recipes/storagedrawers/iron_storage_upgrade": {
    "criteria": {
      "has_template": "2024-07-30 21:19:44 +0000"
    },
    "done": true
  },
  "storagedrawers:recipes/storagedrawers/jungle_trim": {
    "criteria": {
      "has_planks": "2024-07-30 21:19:44 +0000"
    },
    "done": true
  },
  "minecraft:recipes/decorations/oak_fence": {
    "criteria": {
      "has_planks": "2024-07-30 21:20:58 +0000"
    },
    "done": true
  },
  "create:recipes/create.palettes/cut_tuff_stairs_from_stone_types_tuff_stonecutting": {
    "criteria": {
      "has_stone_types_tuff": "2024-07-30 21:55:37 +0000"
    },
    "done": true
  },
  "minecraft:recipes/building_blocks/oak_slab": {
    "criteria": {
      "has_planks": "2024-07-30 21:20:58 +0000"
    },
    "done": true
  },
  "ars_nouveau:recipes/ars_nouveau/smooth_gilded_sourcestone_small_bricks_stairs": {
    "criteria": {
      "has_journal": "2024-07-30 21:19:44 +0000"
    },
    "done": true
  },
  "ars_nouveau:recipes/ars_nouveau/archwood_button": {
    "criteria": {
      "has_journal": "2024-07-30 21:19:44 +0000"
    },
    "done": true
  },
  "ars_nouveau:recipes/ars_nouveau/smooth_gilded_sourcestone_mosaic_slab": {
    "criteria": {
      "has_journal": "2024-07-30 21:19:45 +0000"
    },
    "done": true
  },
  "create:recipes/create.palettes/cut_diorite_slab_from_stone_types_diorite_stonecutting": {
    "criteria": {
      "has_stone_types_diorite": "2024-07-30 21:50:19 +0000"
    },
    "done": true
  },
  "ars_nouveau:recipes/ars_nouveau/smooth_sourcestone_mosaic_stonecutter_stair": {
    "criteria": {
      "has_journal": "2024-07-30 21:19:44 +0000"
    },
    "done": true
  },
  "ars_nouveau:recipes/ars_nouveau/archwood_pressure_plate": {
    "criteria": {
      "has_journal": "2024-07-30 21:19:44 +0000"
    },
    "done": true
  },
  "create:recipes/create.palettes/cut_veridium_brick_slab_from_stone_types_veridium_stonecutting": {
    "criteria": {
      "has_stone_types_veridium": "2024-07-30 21:45:28 +0000"
    },
    "done": true
  },
  "minecraft:recipes/combat/golden_chestplate": {
    "criteria": {
      "has_gold_ingot": "2024-07-30 22:54:27 +0000"
    },
    "done": true
  },
  "minecraft:recipes/food/cooked_salmon_from_smoking": {
    "criteria": {
      "has_salmon": "2024-07-30 22:53:03 +0000"
    },
    "done": true
  },
  "ars_nouveau:recipes/ars_nouveau/gilded_sourcestone_large_bricks_stonecutter_stair": {
    "criteria": {
      "has_journal": "2024-07-30 21:19:44 +0000"
    },
    "done": true
  },
  "minecraft:recipes/decorations/deepslate_tile_wall_from_cobbled_deepslate_stonecutting": {
    "criteria": {
      "has_cobbled_deepslate": "2024-07-30 21:40:17 +0000"
    },
    "done": true
  },
  "ars_nouveau:recipes/ars_nouveau/challenge_2": {
    "criteria": {
      "has_journal": "2024-07-30 21:19:44 +0000"
    },
    "done": true
  },
  "minecraft:recipes/misc/iron_ingot_from_blasting_raw_iron": {
    "criteria": {
      "has_raw_iron": "2024-07-30 21:29:08 +0000"
    },
    "done": true
  },
  "minecraft:recipes/building_blocks/diorite_stairs_from_diorite_stonecutting": {
    "criteria": {
      "has_diorite": "2024-07-30 21:50:19 +0000"
    },
    "done": true
  },
  "ars_nouveau:recipes/ars_nouveau/sourcestone_small_bricks_stone_cutterslab": {
    "criteria": {
      "has_journal": "2024-07-30 21:19:44 +0000"
    },
    "done": true
  },
  "ars_nouveau:recipes/building_blocks/conjuration_essence_to_end_stone": {
    "criteria": {
      "has_journal": "2024-07-30 21:19:45 +0000"
    },
    "done": true
  },
  "farmersdelight:recipes/farmersdelight/mutton_wrap": {
    "criteria": {
      "has_mutton": "2024-07-30 21:51:14 +0000"
    },
    "done": true
  },
  "ars_nouveau:recipes/ars_nouveau/source_berry_pie": {
    "criteria": {
      "has_journal": "2024-07-30 21:19:44 +0000"
    },
    "done": true
  },
  "create:recipes/create.palettes/small_diorite_brick_slab_from_stone_types_diorite_stonecutting": {
    "criteria": {
      "has_stone_types_diorite": "2024-07-30 21:50:19 +0000"
    },
    "done": true
  },
  "ars_nouveau:recipes/ars_nouveau/magebloom_block": {
    "criteria": {
      "has_journal": "2024-07-30 21:19:44 +0000"
    },
    "done": true
  },
  "ars_nouveau:recipes/ars_nouveau/smooth_sourcestone_basketweave_slab": {
    "criteria": {
      "has_journal": "2024-07-30 21:19:44 +0000"
    },
    "done": true
  },
  "ars_nouveau:recipes/ars_nouveau/gilded_sourcestone_mosaic_stairs": {
    "criteria": {
      "has_journal": "2024-07-30 21:19:44 +0000"
    },
    "done": true
  },
  "ars_nouveau:recipes/ars_nouveau/gilded_sourcestone_large_bricks_slab": {
    "criteria": {
      "has_journal": "2024-07-30 21:19:44 +0000"
    },
    "done": true
  },
  "minecraft:recipes/building_blocks/iron_block": {
    "criteria": {
      "has_iron_ingot": "2024-07-30 21:32:41 +0000"
    },
    "done": true
  },
  "ars_nouveau:recipes/ars_nouveau/gilded_sourcestone_alternating_stone_cutterslab": {
    "criteria": {
      "has_journal": "2024-07-30 21:19:45 +0000"
    },
    "done": true
  },
  "ars_nouveau:recipes/ars_nouveau/smooth_sourcestone_basketweave_stone_cutterslab": {
    "criteria": {
      "has_journal": "2024-07-30 21:19:44 +0000"
    },
    "done": true
  },
  "ars_nouveau:recipes/ars_nouveau/gilded_sourcestone_alternating_to_sourcestone": {
    "criteria": {
      "has_journal": "2024-07-30 21:19:44 +0000"
    },
    "done": true
  },
  "ars_elemental:recipes/ars_elemental/spore_blossom_up": {
    "criteria": {
      "has_journal": "2024-07-30 21:19:44 +0000"
    },
    "done": true
  },
  "create:recipes/create.palettes/cut_tuff_brick_stairs_from_stone_types_tuff_stonecutting": {
    "criteria": {
      "has_stone_types_tuff": "2024-07-30 21:55:37 +0000"
    },
    "done": true
  },
  "minecraft:story/deflect_arrow": {
    "criteria": {
      "deflected_projectile": "2024-07-30 21:48:32 +0000"
    },
    "done": true
  },
  "ars_nouveau:recipes/ars_nouveau/ritual_warping": {
    "criteria": {
      "has_journal": "2024-07-30 21:19:44 +0000"
    },
    "done": true
  },
  "ars_nouveau:recipes/ars_nouveau/sourcestone_mosaic_stone_cutterslab": {
    "criteria": {
      "has_journal": "2024-07-30 21:19:44 +0000"
    },
    "done": true
  },
  "create:recipes/create.base/crafting/materials/andesite_alloy": {
    "criteria": {
      "has_item": "2024-07-30 21:32:41 +0000"
    },
    "done": true
  },
  "storagedrawers:recipes/storagedrawers/fill_level_upgrade": {
    "criteria": {
      "has_template": "2024-07-30 21:19:44 +0000"
    },
    "done": true
  },
  "minecraft:recipes/combat/wooden_sword": {
    "criteria": {
      "has_stick": "2024-07-30 21:21:02 +0000"
    },
    "done": true
  },
  "minecraft:recipes/building_blocks/oak_planks": {
    "criteria": {
      "has_logs": "2024-07-30 21:20:16 +0000"
    },
    "done": true
  },
  "ars_nouveau:recipes/combat/spike_to_arrow": {
    "criteria": {
      "has_journal": "2024-07-30 21:19:44 +0000"
    },
    "done": true
  },
  "create:recipes/create.palettes/polished_cut_tuff_wall_from_stone_types_tuff_stonecutting": {
    "criteria": {
      "has_stone_types_tuff": "2024-07-30 21:55:37 +0000"
    },
    "done": true
  },
  "storagedrawers:recipes/storagedrawers/max_redstone_upgrade": {
    "criteria": {
      "has_template": "2024-07-30 21:19:44 +0000"
    },
    "done": true
  },
  "ars_nouveau:recipes/ars_nouveau/ritual_forestation": {
    "criteria": {
      "has_journal": "2024-07-30 21:19:44 +0000"
    },
    "done": true
  },
  "ars_nouveau:recipes/ars_nouveau/ritual_scrying": {
    "criteria": {
      "has_journal": "2024-07-30 21:19:44 +0000"
    },
    "done": true
  },
  "ars_nouveau:recipes/ars_nouveau/smooth_sourcestone_slab": {
    "criteria": {
      "has_journal": "2024-07-30 21:19:44 +0000"
    },
    "done": true
  },
  "ars_nouveau:recipes/ars_nouveau/ritual_moonfall": {
    "criteria": {
      "has_journal": "2024-07-30 21:19:44 +0000"
    },
    "done": true
  },
  "minecraft:recipes/tools/golden_axe": {
    "criteria": {
      "has_gold_ingot": "2024-07-30 22:54:27 +0000"
    },
    "done": true
  },
  "ars_nouveau:recipes/ars_nouveau/smooth_sourcestone_stonecutter_stair": {
    "criteria": {
      "has_journal": "2024-07-30 21:19:44 +0000"
    },
    "done": true
  },
  "ars_nouveau:recipes/ars_nouveau/relay": {
    "criteria": {
      "has_journal": "2024-07-30 21:19:44 +0000"
    },
    "done": true
  },
  "minecraft:recipes/tools/iron_axe": {
    "criteria": {
      "has_iron_ingot": "2024-07-30 21:32:41 +0000"
    },
    "done": true
  },
  "ars_nouveau:recipes/ars_nouveau/blaze_fiber": {
    "criteria": {
      "has_journal": "2024-07-30 21:19:44 +0000"
    },
    "done": true
  },
  "create:recipes/create.palettes/cut_andesite_stairs_from_stone_types_andesite_stonecutting": {
    "criteria": {
      "has_stone_types_andesite": "2024-07-30 21:37:45 +0000"
    },
    "done": true
  },
  "minecraft:recipes/building_blocks/raw_gold_block": {
    "criteria": {
      "has_raw_gold": "2024-07-30 21:41:32 +0000"
    },
    "done": true
  },
  "minecraft:recipes/combat/iron_boots": {
    "criteria": {
      "has_iron_ingot": "2024-07-30 21:32:41 +0000"
    },
    "done": true
  },
  "ars_nouveau:recipes/ars_nouveau/ritual_flight": {
    "criteria": {
      "has_journal": "2024-07-30 21:19:44 +0000"
    },
    "done": true
  },
  "create:recipes/create.palettes/small_veridium_bricks_from_stone_types_veridium_stonecutting": {
    "criteria": {
      "has_stone_types_veridium": "2024-07-30 21:45:28 +0000"
    },
    "done": true
  },
  "ars_nouveau:recipes/ars_nouveau/ritual_overgrowth": {
    "criteria": {
      "has_journal": "2024-07-30 21:19:44 +0000"
    },
    "done": true
  },
  "minecraft:story/iron_tools": {
    "criteria": {
      "iron_pickaxe": "2024-07-30 21:40:52 +0000"
    },
    "done": true
  },
  "farmersdelight:recipes/farmersdelight/iron_knife": {
    "criteria": {
      "has_iron_ingot": "2024-07-30 21:32:41 +0000"
    },
    "done": true
  },
  "ars_nouveau:recipes/decorations/archwood_to_chest": {
    "criteria": {
      "has_journal": "2024-07-30 21:19:44 +0000"
    },
    "done": true
  },
  "minecraft:recipes/combat/crossbow": {
    "criteria": {
      "has_stick": "2024-07-30 21:21:02 +0000"
    },
    "done": true
  },
  "sophisticatedbackpacks:recipes/sophisticatedbackpacks/upgrade_base": {
    "criteria": {
      "has_leather": "2024-07-30 21:21:58 +0000"
    },
    "done": true
  },
  "minecraft:recipes/combat/iron_chestplate": {
    "criteria": {
      "has_iron_ingot": "2024-07-30 21:32:41 +0000"
    },
    "done": true
  },
  "minecraft:recipes/decorations/cobbled_deepslate_wall": {
    "criteria": {
      "has_cobbled_deepslate": "2024-07-30 21:40:17 +0000"
    },
    "done": true
  },
  "create:recipes/create.palettes/polished_cut_andesite_stairs_from_stone_types_andesite_stonecutting": {
    "criteria": {
      "has_stone_types_andesite": "2024-07-30 21:37:45 +0000"
    },
    "done": true
  },
  "ars_nouveau:recipes/ars_nouveau/stripped_green_archwood_wood": {
    "criteria": {
      "has_journal": "2024-07-30 21:19:44 +0000"
    },
    "done": true
  },
  "ars_elemental:recipes/ars_elemental/stripped_yellow_archwood": {
    "criteria": {
      "has_journal": "2024-07-30 21:19:44 +0000"
    },
    "done": true
  },
  "ars_nouveau:recipes/ars_nouveau/smooth_sourcestone_mosaic_stairs": {
    "criteria": {
      "has_journal": "2024-07-30 21:19:44 +0000"
    },
    "done": true
  },
  "minecraft:recipes/decorations/oak_sign": {
    "criteria": {
      "has_planks": "2024-07-30 21:20:58 +0000"
    },
    "done": true
  },
  "farmersdelight:recipes/farmersdelight/cooking/fish_stew": {
    "criteria": {
      "has_any_ingredient": "2024-07-30 22:53:03 +0000"
    },
    "done": true
  },
  "minecraft:recipes/redstone/oak_trapdoor": {
    "criteria": {
      "has_planks": "2024-07-30 21:20:58 +0000"
    },
    "done": true
  },
  "minecraft:recipes/building_blocks/polished_diorite_from_diorite_stonecutting": {
    "criteria": {
      "has_diorite": "2024-07-30 21:50:19 +0000"
    },
    "done": true
  },
  "ars_nouveau:recipes/ars_nouveau/smooth_gilded_sourcestone_small_bricks_to_sourcestone": {
    "criteria": {
      "has_journal": "2024-07-30 21:19:45 +0000"
    },
    "done": true
  },
  "ars_nouveau:recipes/ars_nouveau/sourcestone_small_bricks_stairs": {
    "criteria": {
      "has_journal": "2024-07-30 21:19:44 +0000"
    },
    "done": true
  },
  "create:recipes/create.base/crafting/kinetics/empty_blaze_burner": {
    "criteria": {
      "has_item": "2024-07-30 21:32:41 +0000"
    },
    "done": true
  },
  "ars_nouveau:recipes/ars_nouveau/smooth_gilded_sourcestone_large_bricks_to_sourcestone": {
    "criteria": {
      "has_journal": "2024-07-30 21:19:44 +0000"
    },
    "done": true
  },
  "minecraft:recipes/misc/iron_nugget_from_blasting": {
    "criteria": {
      "has_iron_chestplate": "2024-07-30 21:38:22 +0000"
    },
    "done": true
  },
  "minecraft:recipes/decorations/polished_deepslate_wall_from_cobbled_deepslate_stonecutting": {
    "criteria": {
      "has_cobbled_deepslate": "2024-07-30 21:40:17 +0000"
    },
    "done": true
  },
  "sophisticatedbackpacks:recipes/sophisticatedbackpacks/backpack": {
    "criteria": {
      "has_leather": "2024-07-30 21:21:58 +0000"
    },
    "done": true
  },
  "ars_nouveau:recipes/building_blocks/fire_essence_to_magma_block": {
    "criteria": {
      "has_journal": "2024-07-30 21:19:44 +0000"
    },
    "done": true
  },
  "minecraft:adventure/kill_a_mob": {
    "criteria": {
      "minecraft:zombie": "2024-07-30 21:29:17 +0000"
    },
    "done": true
  },
  "minecraft:recipes/tools/golden_pickaxe": {
    "criteria": {
      "has_gold_ingot": "2024-07-30 22:54:27 +0000"
    },
    "done": true
  },
  "create:recipes/create.palettes/small_andesite_bricks_from_stone_types_andesite_stonecutting": {
    "criteria": {
      "has_stone_types_andesite": "2024-07-30 21:37:45 +0000"
    },
    "done": true
  },
  "ars_nouveau:recipes/ars_nouveau/alteration_table": {
    "criteria": {
      "has_journal": "2024-07-30 21:19:44 +0000"
    },
    "done": true
  },
  "minecraft:recipes/decorations/diorite_wall": {
    "criteria": {
      "has_diorite": "2024-07-30 21:50:19 +0000"
    },
    "done": true
  },
  "ars_nouveau:recipes/ars_nouveau/archwood_trapdoor": {
    "criteria": {
      "has_journal": "2024-07-30 21:19:44 +0000"
    },
    "done": true
  },
  "minecraft:recipes/building_blocks/stone": {
    "criteria": {
      "has_cobblestone": "2024-07-30 21:28:01 +0000"
    },
    "done": true
  },
  "ars_nouveau:recipes/ars_nouveau/smooth_gilded_sourcestone_mosaic_stairs": {
    "criteria": {
      "has_journal": "2024-07-30 21:19:44 +0000"
    },
    "done": true
  },
  "ars_nouveau:recipes/ars_nouveau/sourcestone_large_bricks_stairs": {
    "criteria": {
      "has_journal": "2024-07-30 21:19:44 +0000"
    },
    "done": true
  },
  "minecraft:recipes/building_blocks/deepslate_bricks_from_cobbled_deepslate_stonecutting": {
    "criteria": {
      "has_cobbled_deepslate": "2024-07-30 21:40:17 +0000"
    },
    "done": true
  },
  "minecraft:adventure/adventuring_time": {
    "criteria": {
      "minecraft:sunflower_plains": "2024-07-30 21:19:45 +0000"
    },
    "done": false
  },
  "minecraft:recipes/building_blocks/deepslate_brick_stairs_from_cobbled_deepslate_stonecutting": {
    "criteria": {
      "has_cobbled_deepslate": "2024-07-30 21:40:17 +0000"
    },
    "done": true
  },
  "ars_nouveau:recipes/ars_nouveau/sourcestone_large_bricks_to_sourcestone": {
    "criteria": {
      "has_journal": "2024-07-30 21:19:44 +0000"
    },
    "done": true
  },
  "ars_nouveau:recipes/ars_nouveau/smooth_sourcestone_large_bricks_slab": {
    "criteria": {
      "has_journal": "2024-07-30 21:19:44 +0000"
    },
    "done": true
  },
  "ironchest:recipes/ironchest/chests/vanilla_iron_chest": {
    "criteria": {
      "has_iron_ingot": "2024-07-30 21:32:41 +0000"
    },
    "done": true
  },
  "ars_nouveau:recipes/ars_nouveau/arcane_platform": {
    "criteria": {
      "has_journal": "2024-07-30 21:19:44 +0000"
    },
    "done": true
  },
  "ars_nouveau:recipes/ars_nouveau/gilded_sourcestone_mosaic_stone_cutterslab": {
    "criteria": {
      "has_journal": "2024-07-30 21:19:44 +0000"
    },
    "done": true
  },
  "ars_nouveau:recipes/ars_nouveau/gilded_sourcestone_large_bricks_stone_cutterslab": {
    "criteria": {
      "has_journal": "2024-07-30 21:19:44 +0000"
    },
    "done": true
  },
  "storagedrawers:recipes/storagedrawers/one_stack_upgrade": {
    "criteria": {
      "has_template": "2024-07-30 21:19:44 +0000"
    },
    "done": true
  },
  "create:recipes/create.palettes/small_andesite_brick_slab_from_stone_types_andesite_stonecutting": {
    "criteria": {
      "has_stone_types_andesite": "2024-07-30 21:37:45 +0000"
    },
    "done": true
  },
  "minecraft:recipes/combat/stone_sword": {
    "criteria": {
      "has_cobblestone": "2024-07-30 21:28:01 +0000"
    },
    "done": true
  },
  "minecraft:recipes/decorations/barrel": {
    "criteria": {
      "has_planks": "2024-07-30 21:20:58 +0000"
    },
    "done": true
  },
  "minecraft:recipes/decorations/cobblestone_wall": {
    "criteria": {
      "has_cobblestone": "2024-07-30 21:28:01 +0000"
    },
    "done": true
  },
  "create:recipes/create.palettes/cut_veridium_bricks_from_stone_types_veridium_stonecutting": {
    "criteria": {
      "has_stone_types_veridium": "2024-07-30 21:45:28 +0000"
    },
    "done": true
  },
  "ars_nouveau:recipes/ars_nouveau/potion_jar": {
    "criteria": {
      "has_journal": "2024-07-30 21:19:44 +0000"
    },
    "done": true
  },
  "ars_elemental:recipes/ars_nouveau/tablet_ritual_detection": {
    "criteria": {
      "has_journal": "2024-07-30 21:19:44 +0000"
    },
    "done": true
  },
  "minecraft:recipes/misc/iron_ingot_from_smelting_raw_iron": {
    "criteria": {
      "has_raw_iron": "2024-07-30 21:29:08 +0000"
    },
    "done": true
  },
  "minecraft:recipes/tools/stone_pickaxe": {
    "criteria": {
      "has_cobblestone": "2024-07-30 21:28:01 +0000"
    },
    "done": true
  },
  "minecraft:recipes/decorations/smithing_table": {
    "criteria": {
      "has_iron_ingot": "2024-07-30 21:32:41 +0000"
    },
    "done": true
  },
  "minecraft:recipes/building_blocks/deepslate_brick_slab_from_cobbled_deepslate_stonecutting": {
    "criteria": {
      "has_cobbled_deepslate": "2024-07-30 21:40:17 +0000"
    },
    "done": true
  },
  "ars_nouveau:recipes/ars_nouveau/magebloom_fiber": {
    "criteria": {
      "has_journal": "2024-07-30 21:19:44 +0000"
    },
    "done": true
  },
  "minecraft:recipes/combat/leather_boots": {
    "criteria": {
      "has_leather": "2024-07-30 21:21:58 +0000"
    },
    "done": true
  },
  "ars_nouveau:recipes/ars_nouveau/smooth_gilded_sourcestone_large_bricks_stone_cutterslab": {
    "criteria": {
      "has_journal": "2024-07-30 21:19:44 +0000"
    },
    "done": true
  },
  "create:recipes/create.palettes/cut_andesite_wall_from_stone_types_andesite_stonecutting": {
    "criteria": {
      "has_stone_types_andesite": "2024-07-30 21:37:45 +0000"
    },
    "done": true
  },
  "ars_nouveau:recipes/ars_nouveau/experience_gem": {
    "criteria": {
      "has_journal": "2024-07-30 21:19:44 +0000"
    },
    "done": true
  },
  "minecraft:recipes/decorations/cobblestone_wall_from_cobblestone_stonecutting": {
    "criteria": {
      "has_cobblestone": "2024-07-30 21:28:01 +0000"
    },
    "done": true
  },
  "create:recipes/create.palettes/polished_cut_andesite_slab_from_stone_types_andesite_stonecutting": {
    "criteria": {
      "has_stone_types_andesite": "2024-07-30 21:37:45 +0000"
    },
    "done": true
  },
  "ars_nouveau:recipes/ars_nouveau/sourcestone_small_bricks_to_sourcestone": {
    "criteria": {
      "has_journal": "2024-07-30 21:19:44 +0000"
    },
    "done": true
  },
  "create:recipes/create.palettes/layered_veridium_from_stone_types_veridium_stonecutting": {
    "criteria": {
      "has_stone_types_veridium": "2024-07-30 21:45:28 +0000"
    },
    "done": true
  },
  "ars_nouveau:recipes/ars_nouveau/smooth_gilded_sourcestone_large_bricks_stairs": {
    "criteria": {
      "has_journal": "2024-07-30 21:19:44 +0000"
    },
    "done": true
  },
  "create:recipes/create.palettes/small_veridium_brick_stairs_from_stone_types_veridium_stonecutting": {
    "criteria": {
      "has_stone_types_veridium": "2024-07-30 21:45:28 +0000"
    },
    "done": true
  },
  "ars_nouveau:recipes/ars_nouveau/ritual_gravity": {
    "criteria": {
      "has_journal": "2024-07-30 21:19:44 +0000"
    },
    "done": true
  },
  "ars_nouveau:recipes/ars_nouveau/gilded_sourcestone_large_bricks_stairs": {
    "criteria": {
      "has_journal": "2024-07-30 21:19:44 +0000"
    },
    "done": true
  },
  "ars_nouveau:recipes/ars_nouveau/gilded_sourcestone_mosaic_stonecutter_stair": {
    "criteria": {
      "has_journal": "2024-07-30 21:19:44 +0000"
    },
    "done": true
  },
  "minecraft:recipes/building_blocks/lapis_block": {
    "criteria": {
      "has_lapis_lazuli": "2024-07-30 21:39:00 +0000"
    },
    "done": true
  },
  "ars_nouveau:recipes/ars_nouveau/sourcestone_large_bricks_slab": {
    "criteria": {
      "has_journal": "2024-07-30 21:19:44 +0000"
    },
    "done": true
  },
  "ars_nouveau:recipes/ars_nouveau/smooth_gilded_sourcestone_small_bricks_stonecutter_stair": {
    "criteria": {
      "has_journal": "2024-07-30 21:19:44 +0000"
    },
    "done": true
  },
  "minecraft:recipes/decorations/lantern": {
    "criteria": {
      "has_iron_ingot": "2024-07-30 21:32:41 +0000"
    },
    "done": true
  },
  "ars_nouveau:recipes/ars_nouveau/mirrorweave": {
    "criteria": {
      "has_journal": "2024-07-30 21:19:44 +0000"
    },
    "done": true
  },
  "create:recipes/create.palettes/small_tuff_brick_stairs_from_stone_types_tuff_stonecutting": {
    "criteria": {
      "has_stone_types_tuff": "2024-07-30 21:55:37 +0000"
    },
    "done": true
  },
  "create:recipes/create.palettes/cut_veridium_stairs_from_stone_types_veridium_stonecutting": {
    "criteria": {
      "has_stone_types_veridium": "2024-07-30 21:45:28 +0000"
    },
    "done": true
  },
  "create:recipes/create.palettes/cut_tuff_wall_from_stone_types_tuff_stonecutting": {
    "criteria": {
      "has_stone_types_tuff": "2024-07-30 21:55:37 +0000"
    },
    "done": true
  },
  "ars_nouveau:recipes/ars_nouveau/smooth_gilded_sourcestone_basketweave_stone_cutterslab": {
    "criteria": {
      "has_journal": "2024-07-30 21:19:44 +0000"
    },
    "done": true
  },
  "minecraft:recipes/building_blocks/polished_diorite": {
    "criteria": {
      "has_diorite": "2024-07-30 21:50:19 +0000"
    },
    "done": true
  },
  "minecraft:recipes/building_blocks/cobbled_deepslate_slab_from_cobbled_deepslate_stonecutting": {
    "criteria": {
      "has_cobbled_deepslate": "2024-07-30 21:40:17 +0000"
    },
    "done": true
  },
  "ironchest:recipes/ironchest/upgrades/wood_to_copper_chest_upgrade": {
    "criteria": {
      "has_item": "2024-07-30 21:20:58 +0000"
    },
    "done": true
  },
  "minecraft:recipes/decorations/andesite_wall": {
    "criteria": {
      "has_andesite": "2024-07-30 21:37:45 +0000"
    },
    "done": true
  },
  "ars_nouveau:recipes/ars_nouveau/manipulation_essence_to_flourishing_sapling": {
    "criteria": {
      "has_journal": "2024-07-30 21:19:44 +0000"
    },
    "done": true
  },
  "minecraft:recipes/building_blocks/andesite_slab": {
    "criteria": {
      "has_andesite": "2024-07-30 21:37:45 +0000"
    },
    "done": true
  },
  "createdeco:recipes/createdeco.metals/iron_hull": {
    "criteria": {
      "has_item": "2024-07-30 21:32:41 +0000"
    },
    "done": true
  },
  "ars_nouveau:recipes/ars_nouveau/mimic_scroll": {
    "criteria": {
      "has_journal": "2024-07-30 21:19:44 +0000"
    },
    "done": true
  },
  "minecraft:recipes/tools/stone_axe": {
    "criteria": {
      "has_cobblestone": "2024-07-30 21:28:01 +0000"
    },
    "done": true
  },
  "minecraft:recipes/building_blocks/raw_iron_block": {
    "criteria": {
      "has_raw_iron": "2024-07-30 21:29:08 +0000"
    },
    "done": true
  },
  "ars_nouveau:recipes/ars_nouveau/gilded_sourcestone_alternating_stairs": {
    "criteria": {
      "has_journal": "2024-07-30 21:19:44 +0000"
    },
    "done": true
  },
  "create:recipes/create.palettes/cut_veridium_slab_from_stone_types_veridium_stonecutting": {
    "criteria": {
      "has_stone_types_veridium": "2024-07-30 21:45:28 +0000"
    },
    "done": true
  },
  "create:recipes/create.palettes/small_veridium_brick_wall_from_stone_types_veridium_stonecutting": {
    "criteria": {
      "has_stone_types_veridium": "2024-07-30 21:45:28 +0000"
    },
    "done": true
  },
  "ars_nouveau:recipes/ars_nouveau/smooth_sourcestone_mosaic_to_sourcestone": {
    "criteria": {
      "has_journal": "2024-07-30 21:19:44 +0000"
    },
    "done": true
  },
  "create:recipes/create.palettes/cut_andesite_brick_stairs_from_stone_types_andesite_stonecutting": {
    "criteria": {
      "has_stone_types_andesite": "2024-07-30 21:37:45 +0000"
    },
    "done": true
  },
  "createoreexcavation:recipes/createoreexcavation.tab/drill": {
    "criteria": {
      "iron": "2024-07-30 21:32:41 +0000"
    },
    "done": true
  },
  "create:recipes/create.palettes/polished_cut_tuff_slab_from_stone_types_tuff_stonecutting": {
    "criteria": {
      "has_stone_types_tuff": "2024-07-30 21:55:37 +0000"
    },
    "done": true
  },
  "ars_nouveau:recipes/ars_nouveau/smooth_sourcestone_stairs": {
    "criteria": {
      "has_journal": "2024-07-30 21:19:44 +0000"
    },
    "done": true
  },
  "ars_nouveau:recipes/ars_nouveau/sourcestone_9": {
    "criteria": {
      "has_journal": "2024-07-30 21:19:44 +0000"
    },
    "done": true
  },
  "create:recipes/create.palettes/cut_tuff_from_stone_types_tuff_stonecutting": {
    "criteria": {
      "has_stone_types_tuff": "2024-07-30 21:55:37 +0000"
    },
    "done": true
  },
  "create:recipes/create.palettes/small_tuff_brick_slab_from_stone_types_tuff_stonecutting": {
    "criteria": {
      "has_stone_types_tuff": "2024-07-30 21:55:37 +0000"
    },
    "done": true
  },
  "ars_nouveau:recipes/ars_nouveau/sourcestone_8": {
    "criteria": {
      "has_journal": "2024-07-30 21:19:44 +0000"
    },
    "done": true
  },
  "ars_nouveau:recipes/ars_nouveau/sourcestone_7": {
    "criteria": {
      "has_journal": "2024-07-30 21:19:44 +0000"
    },
    "done": true
  },
  "ars_nouveau:recipes/ars_nouveau/sourcestone_6": {
    "criteria": {
      "has_journal": "2024-07-30 21:19:44 +0000"
    },
    "done": true
  },
  "ars_nouveau:recipes/ars_nouveau/sourcestone_5": {
    "criteria": {
      "has_journal": "2024-07-30 21:19:44 +0000"
    },
    "done": true
  },
  "minecraft:recipes/building_blocks/cobblestone_stairs_from_cobblestone_stonecutting": {
    "criteria": {
      "has_cobblestone": "2024-07-30 21:28:01 +0000"
    },
    "done": true
  },
  "ars_nouveau:recipes/ars_nouveau/ritual_conjure_island_plains": {
    "criteria": {
      "has_journal": "2024-07-30 21:19:44 +0000"
    },
    "done": true
  },
  "ars_nouveau:recipes/ars_nouveau/stripped_red_archwood_wood": {
    "criteria": {
      "has_journal": "2024-07-30 21:19:44 +0000"
    },
    "done": true
  },
  "ars_nouveau:recipes/ars_nouveau/sourcestone_4": {
    "criteria": {
      "has_journal": "2024-07-30 21:19:44 +0000"
    },
    "done": true
  },
  "ars_nouveau:recipes/ars_nouveau/sourcestone_3": {
    "criteria": {
      "has_journal": "2024-07-30 21:19:44 +0000"
    },
    "done": true
  },
  "ars_nouveau:recipes/ars_nouveau/sourcestone_2": {
    "criteria": {
      "has_journal": "2024-07-30 21:19:44 +0000"
    },
    "done": true
  },
  "ars_nouveau:recipes/ars_nouveau/sourcestone_1": {
    "criteria": {
      "has_journal": "2024-07-30 21:19:44 +0000"
    },
    "done": true
  },
  "ars_nouveau:recipes/ars_nouveau/ritual_disintegration": {
    "criteria": {
      "has_journal": "2024-07-30 21:19:44 +0000"
    },
    "done": true
  },
  "ars_nouveau:recipes/ars_nouveau/smooth_sourcestone_alternating_stonecutter_stair": {
    "criteria": {
      "has_journal": "2024-07-30 21:19:44 +0000"
    },
    "done": true
  },
  "ars_nouveau:recipes/ars_nouveau/sky_block": {
    "criteria": {
      "has_journal": "2024-07-30 21:19:44 +0000"
    },
    "done": true
  },
  "ars_nouveau:recipes/building_blocks/manipulation_essence_to_calcite": {
    "criteria": {
      "has_journal": "2024-07-30 21:19:44 +0000"
    },
    "done": true
  },
  "createdeco:recipes/createdeco.metals/polished_iron_bars_from_iron_ingot_stonecutting": {
    "criteria": {
      "has_iron_ingot": "2024-07-30 21:32:41 +0000"
    },
    "done": true
  },
  "minecraft:recipes/building_blocks/polished_andesite_stairs_from_andesite_stonecutting": {
    "criteria": {
      "has_andesite": "2024-07-30 21:37:45 +0000"
    },
    "done": true
  },
  "ars_nouveau:recipes/ars_nouveau/ritual_challenge": {
    "criteria": {
      "has_journal": "2024-07-30 21:19:44 +0000"
    },
    "done": true
  },
  "ars_nouveau:recipes/misc/sourceberry_to_purple": {
    "criteria": {
      "has_journal": "2024-07-30 21:19:44 +0000"
    },
    "done": true
  },
  "create:recipes/create.palettes/polished_cut_veridium_wall_from_stone_types_veridium_stonecutting": {
    "criteria": {
      "has_stone_types_veridium": "2024-07-30 21:45:28 +0000"
    },
    "done": true
  },
  "ars_nouveau:recipes/ars_nouveau/allow_scroll": {
    "criteria": {
      "has_journal": "2024-07-30 21:19:44 +0000"
    },
    "done": true
  },
  "ars_nouveau:recipes/ars_nouveau/stripped_purple_archwood_wood": {
    "criteria": {
      "has_journal": "2024-07-30 21:19:44 +0000"
    },
    "done": true
  },
  "minecraft:recipes/decorations/campfire": {
    "criteria": {
      "has_stick": "2024-07-30 21:21:02 +0000"
    },
    "done": true
  },
  "minecraft:recipes/tools/golden_hoe": {
    "criteria": {
      "has_gold_ingot": "2024-07-30 22:54:27 +0000"
    },
    "done": true
  },
  "ars_nouveau:recipes/ars_nouveau/mundane_belt": {
    "criteria": {
      "has_journal": "2024-07-30 21:19:44 +0000"
    },
    "done": true
  },
  "minecraft:recipes/building_blocks/diorite_slab_from_diorite_stonecutting": {
    "criteria": {
      "has_diorite": "2024-07-30 21:50:19 +0000"
    },
    "done": true
  },
  "ars_nouveau:recipes/ars_nouveau/green_sbed": {
    "criteria": {
      "has_journal": "2024-07-30 21:19:44 +0000"
    },
    "done": true
  },
  "ars_nouveau:recipes/ars_nouveau/gilded_sourcestone_small_bricks_slab": {
    "criteria": {
      "has_journal": "2024-07-30 21:19:44 +0000"
    },
    "done": true
  },
  "ars_nouveau:recipes/ars_nouveau/archwood_fence_gate": {
    "criteria": {
      "has_journal": "2024-07-30 21:19:44 +0000"
    },
    "done": true
  },
  "minecraft:recipes/misc/iron_nugget": {
    "criteria": {
      "has_iron_ingot": "2024-07-30 21:32:41 +0000"
    },
    "done": true
  },
  "create:recipes/create.palettes/cut_tuff_brick_slab_from_stone_types_tuff_stonecutting": {
    "criteria": {
      "has_stone_types_tuff": "2024-07-30 21:55:37 +0000"
    },
    "done": true
  },
  "minecraft:recipes/building_blocks/deepslate_tile_slab_from_cobbled_deepslate_stonecutting": {
    "criteria": {
      "has_cobbled_deepslate": "2024-07-30 21:40:17 +0000"
    },
    "done": true
  },
  "ars_nouveau:recipes/ars_nouveau/sunrise_2": {
    "criteria": {
      "has_journal": "2024-07-30 21:19:44 +0000"
    },
    "done": true
  },
  "create:recipes/create.palettes/cut_diorite_stairs_from_stone_types_diorite_stonecutting": {
    "criteria": {
      "has_stone_types_diorite": "2024-07-30 21:50:19 +0000"
    },
    "done": true
  },
  "create:recipes/create.palettes/cut_tuff_brick_wall_from_stone_types_tuff_stonecutting": {
    "criteria": {
      "has_stone_types_tuff": "2024-07-30 21:55:37 +0000"
    },
    "done": true
  },
  "ars_nouveau:recipes/ars_nouveau/sourcestone_alternating_stonecutter_stair": {
    "criteria": {
      "has_journal": "2024-07-30 21:19:44 +0000"
    },
    "done": true
  },
  "ars_nouveau:recipes/ars_nouveau/volcanic_sourcelink": {
    "criteria": {
      "has_journal": "2024-07-30 21:19:44 +0000"
    },
    "done": true
  },
  "ars_nouveau:recipes/ars_nouveau/ritual_cloudshaping": {
    "criteria": {
      "has_journal": "2024-07-30 21:19:44 +0000"
    },
    "done": true
  },
  "minecraft:recipes/transportation/spruce_boat": {
    "criteria": {
      "in_water": "2024-07-30 21:20:06 +0000"
    },
    "done": true
  },
  "create:recipes/building_blocks/tuff_from_stone_types_tuff_stonecutting": {
    "criteria": {
      "has_stone_types_tuff": "2024-07-30 21:55:37 +0000"
    },
    "done": true
  },
  "create:recipes/create.palettes/oak_window": {
    "criteria": {
      "has_ingredient": "2024-07-30 21:20:58 +0000"
    },
    "done": true
  },
  "ars_nouveau:recipes/ars_nouveau/ring_of_potential": {
    "criteria": {
      "has_journal": "2024-07-30 21:19:44 +0000"
    },
    "done": true
  },
  "create:recipes/create.palettes/cut_veridium_brick_wall_from_stone_types_veridium_stonecutting": {
    "criteria": {
      "has_stone_types_veridium": "2024-07-30 21:45:28 +0000"
    },
    "done": true
  },
  "ars_nouveau:recipes/ars_nouveau/smooth_gilded_sourcestone_small_bricks_slab": {
    "criteria": {
      "has_journal": "2024-07-30 21:19:44 +0000"
    },
    "done": true
  },
  "create:recipes/create.palettes/small_tuff_brick_wall_from_stone_types_tuff_stonecutting": {
    "criteria": {
      "has_stone_types_tuff": "2024-07-30 21:55:37 +0000"
    },
    "done": true
  },
  "ars_nouveau:recipes/ars_nouveau/archwood_fence": {
    "criteria": {
      "has_journal": "2024-07-30 21:19:44 +0000"
    },
    "done": true
  },
  "ars_nouveau:recipes/ars_nouveau/arcane_core": {
    "criteria": {
      "has_journal": "2024-07-30 21:19:44 +0000"
    },
    "done": true
  },
  "minecraft:recipes/misc/gold_nugget": {
    "criteria": {
      "has_gold_ingot": "2024-07-30 22:54:27 +0000"
    },
    "done": true
  },
  "ars_nouveau:recipes/ars_nouveau/smooth_sourcestone_large_bricks_stairs": {
    "criteria": {
      "has_journal": "2024-07-30 21:19:45 +0000"
    },
    "done": true
  },
  "ars_nouveau:recipes/misc/water_essence_to_bucket": {
    "criteria": {
      "has_journal": "2024-07-30 21:19:44 +0000"
    },
    "done": true
  },
  "minecraft:husbandry/balanced_diet": {
    "criteria": {
      "cooked_mutton": "2024-07-30 21:51:30 +0000",
      "cooked_beef": "2024-07-30 21:34:39 +0000",
      "tropical_fish": "2024-07-30 22:54:31 +0000",
      "rotten_flesh": "2024-07-30 22:52:55 +0000"
    },
    "done": false
  },
  "minecraft:recipes/tools/wooden_hoe": {
    "criteria": {
      "has_stick": "2024-07-30 21:21:02 +0000"
    },
    "done": true
  },
  "ars_nouveau:recipes/ars_nouveau/gilded_sourcestone_basketweave_stonecutter_stair": {
    "criteria": {
      "has_journal": "2024-07-30 21:19:44 +0000"
    },
    "done": true
  },
  "ars_nouveau:recipes/ars_nouveau/stripped_blue_archwood_wood": {
    "criteria": {
      "has_journal": "2024-07-30 21:19:44 +0000"
    },
    "done": true
  },
  "minecraft:recipes/misc/bucket": {
    "criteria": {
      "has_iron_ingot": "2024-07-30 21:32:41 +0000"
    },
    "done": true
  },
  "minecraft:recipes/building_blocks/cobblestone_stairs": {
    "criteria": {
      "has_cobblestone": "2024-07-30 21:28:01 +0000"
    },
    "done": true
  },
  "minecraft:recipes/building_blocks/diorite_slab": {
    "criteria": {
      "has_diorite": "2024-07-30 21:50:19 +0000"
    },
    "done": true
  },
  "ars_nouveau:recipes/ars_nouveau/dull_trinket": {
    "criteria": {
      "has_journal": "2024-07-30 21:19:44 +0000"
    },
    "done": true
  },
  "farmersdelight:recipes/farmersdelight/grilled_salmon": {
    "criteria": {
      "has_salmon": "2024-07-30 22:53:03 +0000"
    },
    "done": true
  },
  "create:recipes/create.palettes/polished_cut_tuff_from_stone_types_tuff_stonecutting": {
    "criteria": {
      "has_stone_types_tuff": "2024-07-30 21:55:37 +0000"
    },
    "done": true
  },
  "create:recipes/create.palettes/polished_cut_tuff_stairs_from_stone_types_tuff_stonecutting": {
    "criteria": {
      "has_stone_types_tuff": "2024-07-30 21:55:37 +0000"
    },
    "done": true
  },
  "create:recipes/create.palettes/layered_andesite_from_stone_types_andesite_stonecutting": {
    "criteria": {
      "has_stone_types_andesite": "2024-07-30 21:37:45 +0000"
    },
    "done": true
  },
  "ars_nouveau:recipes/ars_nouveau/orange_sbed": {
    "criteria": {
      "has_journal": "2024-07-30 21:19:44 +0000"
    },
    "done": true
  },
  "minecraft:recipes/building_blocks/deepslate_tiles_from_cobbled_deepslate_stonecutting": {
    "criteria": {
      "has_cobbled_deepslate": "2024-07-30 21:40:17 +0000"
    },
    "done": true
  },
  "minecraft:recipes/building_blocks/polished_diorite_slab_from_diorite_stonecutting": {
    "criteria": {
      "has_diorite": "2024-07-30 21:50:19 +0000"
    },
    "done": true
  },
  "ars_nouveau:recipes/ars_nouveau/repository": {
    "criteria": {
      "has_journal": "2024-07-30 21:19:44 +0000"
    },
    "done": true
  },
  "ars_nouveau:recipes/ars_nouveau/ritual_flowering": {
    "criteria": {
      "has_journal": "2024-07-30 21:19:44 +0000"
    },
    "done": true
  },
  "minecraft:recipes/misc/leather_horse_armor": {
    "criteria": {
      "has_leather": "2024-07-30 21:21:58 +0000"
    },
    "done": true
  },
  "ars_nouveau:recipes/ars_nouveau/mycelial_sourcelink": {
    "criteria": {
      "has_journal": "2024-07-30 21:19:44 +0000"
    },
    "done": true
  },
  "ars_nouveau:recipes/ars_nouveau/ritual_fertility": {
    "criteria": {
      "has_journal": "2024-07-30 21:19:44 +0000"
    },
    "done": true
  },
  "minecraft:recipes/combat/iron_helmet": {
    "criteria": {
      "has_iron_ingot": "2024-07-30 21:32:41 +0000"
    },
    "done": true
  },
  "minecraft:recipes/tools/golden_shovel": {
    "criteria": {
      "has_gold_ingot": "2024-07-30 22:54:27 +0000"
    },
    "done": true
  },
  "ars_nouveau:recipes/ars_nouveau/yellow_sbed": {
    "criteria": {
      "has_journal": "2024-07-30 21:19:44 +0000"
    },
    "done": true
  },
  "ars_nouveau:recipes/ars_nouveau/platform_to_pedestal": {
    "criteria": {
      "has_journal": "2024-07-30 21:19:44 +0000"
    },
    "done": true
  },
  "minecraft:recipes/redstone/oak_fence_gate": {
    "criteria": {
      "has_planks": "2024-07-30 21:20:58 +0000"
    },
    "done": true
  },
  "minecraft:recipes/decorations/diorite_wall_from_diorite_stonecutting": {
    "criteria": {
      "has_diorite": "2024-07-30 21:50:19 +0000"
    },
    "done": true
  },
  "ars_nouveau:recipes/ars_nouveau/gilded_sourcestone_basketweave_stairs": {
    "criteria": {
      "has_journal": "2024-07-30 21:19:44 +0000"
    },
    "done": true
  },
  "ars_nouveau:recipes/ars_nouveau/sourcestone_large_bricks_stone_cutterslab": {
    "criteria": {
      "has_journal": "2024-07-30 21:19:44 +0000"
    },
    "done": true
  },
  "ars_nouveau:recipes/ars_nouveau/sconce": {
    "criteria": {
      "has_journal": "2024-07-30 21:19:44 +0000"
    },
    "done": true
  },
  "minecraft:story/mine_stone": {
    "criteria": {
      "get_stone": "2024-07-30 21:28:01 +0000"
    },
    "done": true
  },
  "create:recipes/create.palettes/cut_diorite_wall_from_stone_types_diorite_stonecutting": {
    "criteria": {
      "has_stone_types_diorite": "2024-07-30 21:50:19 +0000"
    },
    "done": true
  },
  "minecraft:recipes/decorations/furnace": {
    "criteria": {
      "has_cobblestone": "2024-07-30 21:28:01 +0000"
    },
    "done": true
  },
  "minecraft:recipes/transportation/minecart": {
    "criteria": {
      "has_iron_ingot": "2024-07-30 21:32:41 +0000"
    },
    "done": true
  },
  "ars_nouveau:recipes/ars_nouveau/smooth_sourcestone_small_bricks_stonecutter_stair": {
    "criteria": {
      "has_journal": "2024-07-30 21:19:44 +0000"
    },
    "done": true
  },
  "ars_nouveau:recipes/ars_nouveau/magebloom_block_to_magebloom": {
    "criteria": {
      "has_journal": "2024-07-30 21:19:44 +0000"
    },
    "done": true
  },
  "ars_elemental:recipes/ars_nouveau/tablet_ritual_attraction": {
    "criteria": {
      "has_journal": "2024-07-30 21:19:44 +0000"
    },
    "done": true
  },
  "minecraft:recipes/misc/charcoal": {
    "criteria": {
      "has_log": "2024-07-30 21:20:16 +0000"
    },
    "done": true
  },
  "minecraft:recipes/building_blocks/andesite_stairs": {
    "criteria": {
      "has_andesite": "2024-07-30 21:37:45 +0000"
    },
    "done": true
  },
  "ars_nouveau:root": {
    "criteria": {
      "ars_nouveau:worn_notebook": "2024-07-30 21:19:44 +0000"
    },
    "done": true
  },
  "minecraft:recipes/tools/wooden_pickaxe": {
    "criteria": {
      "has_stick": "2024-07-30 21:21:02 +0000"
    },
    "done": true
  },
  "minecraft:recipes/tools/iron_hoe": {
    "criteria": {
      "has_iron_ingot": "2024-07-30 21:32:41 +0000"
    },
    "done": true
  },
  "minecraft:recipes/building_blocks/cobbled_deepslate_stairs": {
    "criteria": {
      "has_cobbled_deepslate": "2024-07-30 21:40:17 +0000"
    },
    "done": true
  },
  "minecraft:husbandry/root": {
    "criteria": {
      "consumed_item": "2024-07-30 21:34:39 +0000"
    },
    "done": true
  },
  "minecraft:recipes/transportation/birch_boat": {
    "criteria": {
      "in_water": "2024-07-30 21:20:06 +0000"
    },
    "done": true
  },
  "minecraft:recipes/food/golden_apple": {
    "criteria": {
      "has_gold_ingot": "2024-07-30 22:54:27 +0000"
    },
    "done": true
  },
  "minecraft:recipes/misc/gold_ingot_from_blasting_raw_gold": {
    "criteria": {
      "has_raw_gold": "2024-07-30 21:41:32 +0000"
    },
    "done": true
  },
  "ars_nouveau:recipes/ars_nouveau/sourcestone_mosaic_stonecutter_stair": {
    "criteria": {
      "has_journal": "2024-07-30 21:19:44 +0000"
    },
    "done": true
  },
  "create:recipes/create.palettes/veridium_pillar_from_stone_types_veridium_stonecutting": {
    "criteria": {
      "has_stone_types_veridium": "2024-07-30 21:45:28 +0000"
    },
    "done": true
  },
  "ars_nouveau:recipes/ars_nouveau/end_fiber": {
    "criteria": {
      "has_journal": "2024-07-30 21:19:44 +0000"
    },
    "done": true
  },
  "minecraft:recipes/building_blocks/polished_andesite_from_andesite_stonecutting": {
    "criteria": {
      "has_andesite": "2024-07-30 21:37:45 +0000"
    },
    "done": true
  },
  "minecraft:recipes/building_blocks/cobbled_deepslate_stairs_from_cobbled_deepslate_stonecutting": {
    "criteria": {
      "has_cobbled_deepslate": "2024-07-30 21:40:17 +0000"
    },
    "done": true
  },
  "ars_nouveau:recipes/ars_nouveau/deny_scroll": {
    "criteria": {
      "has_journal": "2024-07-30 21:19:44 +0000"
    },
    "done": true
  },
  "ars_nouveau:recipes/ars_nouveau/smooth_sourcestone_small_bricks_stairs": {
    "criteria": {
      "has_journal": "2024-07-30 21:19:44 +0000"
    },
    "done": true
  },
  "minecraft:recipes/tools/iron_shovel": {
    "criteria": {
      "has_iron_ingot": "2024-07-30 21:32:41 +0000"
    },
    "done": true
  },
  "create:recipes/create.palettes/small_diorite_bricks_from_stone_types_diorite_stonecutting": {
    "criteria": {
      "has_stone_types_diorite": "2024-07-30 21:50:19 +0000"
    },
    "done": true
  },
  "ars_nouveau:recipes/ars_nouveau/ritual_restoration": {
    "criteria": {
      "has_journal": "2024-07-30 21:19:44 +0000"
    },
    "done": true
  },
  "ars_nouveau:recipes/decorations/manipulation_essence_to_moss_block": {
    "criteria": {
      "has_journal": "2024-07-30 21:19:44 +0000"
    },
    "done": true
  },
  "minecraft:recipes/food/cooked_salmon_from_campfire_cooking": {
    "criteria": {
      "has_salmon": "2024-07-30 22:53:03 +0000"
    },
    "done": true
  },
  "ars_nouveau:recipes/ars_nouveau/smooth_sourcestone_large_bricks_stone_cutterslab": {
    "criteria": {
      "has_journal": "2024-07-30 21:19:44 +0000"
    },
    "done": true
  },
  "ars_nouveau:recipes/ars_nouveau/gilded_sourcestone_large_bricks_to_sourcestone": {
    "criteria": {
      "has_journal": "2024-07-30 21:19:44 +0000"
    },
    "done": true
  },
  "farmersdelight:main/root": {
    "criteria": {
      "seeds": "2024-07-30 21:19:44 +0000"
    },
    "done": true
  },
  "minecraft:recipes/decorations/item_frame": {
    "criteria": {
      "has_leather": "2024-07-30 21:21:58 +0000"
    },
    "done": true
  },
  "ars_nouveau:recipes/ars_nouveau/archwood_chest": {
    "criteria": {
      "has_journal": "2024-07-30 21:19:44 +0000"
    },
    "done": true
  },
  "minecraft:recipes/tools/stone_hoe": {
    "criteria": {
      "has_cobblestone": "2024-07-30 21:28:01 +0000"
    },
    "done": true
  },
  "create:recipes/create.palettes/polished_cut_diorite_from_stone_types_diorite_stonecutting": {
    "criteria": {
      "has_stone_types_diorite": "2024-07-30 21:50:19 +0000"
    },
    "done": true
  },
  "ars_nouveau:recipes/ars_nouveau/ritual_sanctuary": {
    "criteria": {
      "has_journal": "2024-07-30 21:19:44 +0000"
    },
    "done": true
  },
  "ars_nouveau:recipes/ars_nouveau/smooth_sourcestone_basketweave_to_sourcestone": {
    "criteria": {
      "has_journal": "2024-07-30 21:19:44 +0000"
    },
    "done": true
  },
  "ars_nouveau:recipes/ars_nouveau/ritual_awakening": {
    "criteria": {
      "has_journal": "2024-07-30 21:19:44 +0000"
    },
    "done": true
  },
  "ars_nouveau:recipes/ars_nouveau/ghostweave": {
    "criteria": {
      "has_journal": "2024-07-30 21:19:44 +0000"
    },
    "done": true
  },
  "create:recipes/create.palettes/crafting/materials/raw_zinc_block": {
    "criteria": {
      "has_item": "2024-07-30 21:40:56 +0000"
    },
    "done": true
  },
  "ars_nouveau:recipes/ars_nouveau/gilded_sourcestone_alternating_slab": {
    "criteria": {
      "has_journal": "2024-07-30 21:19:44 +0000"
    },
    "done": true
  },
  "ars_nouveau:recipes/ars_nouveau/smooth_gilded_sourcestone_alternating_stonecutter_stair": {
    "criteria": {
      "has_journal": "2024-07-30 21:19:44 +0000"
    },
    "done": true
  },
  "farmersdelight:recipes/farmersdelight/cooking/dog_food": {
    "criteria": {
      "has_any_ingredient": "2024-07-30 21:34:27 +0000"
    },
    "done": true
  },
  "create:recipes/create.palettes/cut_andesite_brick_slab_from_stone_types_andesite_stonecutting": {
    "criteria": {
      "has_stone_types_andesite": "2024-07-30 21:37:45 +0000"
    },
    "done": true
  },
  "minecraft:recipes/building_blocks/deepslate": {
    "criteria": {
      "has_cobbled_deepslate": "2024-07-30 21:40:17 +0000"
    },
    "done": true
  },
  "ars_nouveau:recipes/ars_nouveau/smooth_gilded_sourcestone_mosaic_stonecutter_stair": {
    "criteria": {
      "has_journal": "2024-07-30 21:19:44 +0000"
    },
    "done": true
  },
  "ars_nouveau:recipes/ars_nouveau/void_prism": {
    "criteria": {
      "has_journal": "2024-07-30 21:19:44 +0000"
    },
    "done": true
  },
  "create:root": {
    "criteria": {
      "0": "2024-07-30 21:19:44 +0000"
    },
    "done": true
  },
  "create:recipes/create.palettes/tuff_pillar_from_stone_types_tuff_stonecutting": {
    "criteria": {
      "has_stone_types_tuff": "2024-07-30 21:55:37 +0000"
    },
    "done": true
  },
  "naturescompass:natures_compass_log": {
    "criteria": {
      "has_recipe": "2024-07-30 21:19:44 +0000"
    },
    "done": true
  },
  "ars_nouveau:recipes/ars_nouveau/ritual_binding": {
    "criteria": {
      "has_journal": "2024-07-30 21:19:44 +0000"
    },
    "done": true
  },
  "ars_nouveau:recipes/ars_nouveau/potion_jar_empty": {
    "criteria": {
      "has_journal": "2024-07-30 21:19:44 +0000"
    },
    "done": true
  },
  "minecraft:story/upgrade_tools": {
    "criteria": {
      "stone_pickaxe": "2024-07-30 21:28:30 +0000"
    },
    "done": true
  },
  "storagedrawers:recipes/storagedrawers/diamond_storage_upgrade": {
    "criteria": {
      "has_template": "2024-07-30 21:19:44 +0000"
    },
    "done": true
  },
  "storagedrawers:recipes/storagedrawers/concealment_key": {
    "criteria": {
      "has_template": "2024-07-30 21:19:44 +0000"
    },
    "done": true
  },
  "minecraft:recipes/transportation/oak_boat": {
    "criteria": {
      "in_water": "2024-07-30 21:20:06 +0000"
    },
    "done": true
  },
  "ars_nouveau:recipes/ars_nouveau/sourcestone_large_bricks_stonecutter_stair": {
    "criteria": {
      "has_journal": "2024-07-30 21:19:44 +0000"
    },
    "done": true
  },
  "ars_nouveau:recipes/misc/magebloom_to_pink": {
    "criteria": {
      "has_journal": "2024-07-30 21:19:44 +0000"
    },
    "done": true
  },
  "ars_nouveau:recipes/ars_nouveau/smooth_gilded_sourcestone_basketweave_slab": {
    "criteria": {
      "has_journal": "2024-07-30 21:19:44 +0000"
    },
    "done": true
  },
  "ars_nouveau:recipes/ars_nouveau/worn_notebook": {
    "criteria": {
      "has_journal": "2024-07-30 21:19:44 +0000"
    },
    "done": true
  },
  "ars_nouveau:recipes/ars_nouveau/archwood_stairs": {
    "criteria": {
      "has_journal": "2024-07-30 21:19:44 +0000"
    },
    "done": true
  },
  "ars_nouveau:recipes/ars_nouveau/ritual_animal_summon": {
    "criteria": {
      "has_journal": "2024-07-30 21:19:44 +0000"
    },
    "done": true
  },
  "ars_nouveau:recipes/ars_nouveau/smooth_gilded_sourcestone_alternating_to_sourcestone": {
    "criteria": {
      "has_journal": "2024-07-30 21:19:44 +0000"
    },
    "done": true
  },
  "ars_nouveau:recipes/misc/wing_to_leather": {
    "criteria": {
      "has_journal": "2024-07-30 21:19:44 +0000"
    },
    "done": true
  },
  "ars_nouveau:recipes/ars_nouveau/sourcestone_basketweave_to_sourcestone": {
    "criteria": {
      "has_journal": "2024-07-30 21:19:44 +0000"
    },
    "done": true
  },
  "create:recipes/create.palettes/cut_andesite_from_stone_types_andesite_stonecutting": {
    "criteria": {
      "has_stone_types_andesite": "2024-07-30 21:37:45 +0000"
    },
    "done": true
  },
  "create:recipes/create.palettes/cut_veridium_brick_stairs_from_stone_types_veridium_stonecutting": {
    "criteria": {
      "has_stone_types_veridium": "2024-07-30 21:45:28 +0000"
    },
    "done": true
  },
  "minecraft:recipes/combat/golden_boots": {
    "criteria": {
      "has_gold_ingot": "2024-07-30 22:54:27 +0000"
    },
    "done": true
  },
  "ars_nouveau:recipes/ars_nouveau/smooth_sourcestone_alternating_slab": {
    "criteria": {
      "has_journal": "2024-07-30 21:19:44 +0000"
    },
    "done": true
  },
  "create:recipes/create.palettes/cut_diorite_brick_slab_from_stone_types_diorite_stonecutting": {
    "criteria": {
      "has_stone_types_diorite": "2024-07-30 21:50:19 +0000"
    },
    "done": true
  },
  "ars_nouveau:recipes/ars_nouveau/source_jar": {
    "criteria": {
      "has_journal": "2024-07-30 21:19:44 +0000"
    },
    "done": true
  },
  "minecraft:recipes/tools/wooden_axe": {
    "criteria": {
      "has_stick": "2024-07-30 21:21:02 +0000"
    },
    "done": true
  },
  "ars_nouveau:recipes/ars_nouveau/gilded_sourcestone_small_bricks_to_sourcestone": {
    "criteria": {
      "has_journal": "2024-07-30 21:19:44 +0000"
    },
    "done": true
  },
  "ars_nouveau:recipes/ars_nouveau/gilded_sourcestone_basketweave_slab": {
    "criteria": {
      "has_journal": "2024-07-30 21:19:44 +0000"
    },
    "done": true
  },
  "minecraft:recipes/building_blocks/polished_diorite_stairs_from_diorite_stonecutting": {
    "criteria": {
      "has_diorite": "2024-07-30 21:50:19 +0000"
    },
    "done": true
  },
  "ars_nouveau:recipes/ars_nouveau/blank_thread": {
    "criteria": {
      "has_journal": "2024-07-30 21:19:44 +0000"
    },
    "done": true
  },
  "ars_nouveau:recipes/ars_nouveau/dowsing_rod": {
    "criteria": {
      "has_journal": "2024-07-30 21:19:44 +0000"
    },
    "done": true
  },
  "ars_nouveau:recipes/ars_nouveau/imbuement_chamber": {
    "criteria": {
      "has_journal": "2024-07-30 21:19:44 +0000"
    },
    "done": true
  },
  "ars_nouveau:recipes/ars_nouveau/runic_chalk": {
    "criteria": {
      "has_journal": "2024-07-30 21:19:44 +0000"
    },
    "done": true
  },
  "ars_nouveau:recipes/ars_nouveau/gilded_sourcestone_small_bricks_stone_cutterslab": {
    "criteria": {
      "has_journal": "2024-07-30 21:19:44 +0000"
    },
    "done": true
  },
  "farmersdelight:recipes/farmersdelight/cooking/pasta_with_meatballs": {
    "criteria": {
      "has_any_ingredient": "2024-07-30 21:21:55 +0000"
    },
    "done": true
  },
  "createdeco:recipes/createdeco.metals/gold_bars": {
    "criteria": {
      "has_item": "2024-07-30 22:54:27 +0000"
    },
    "done": true
  },
  "ars_nouveau:recipes/misc/air_essence_to_snow_bucket": {
    "criteria": {
      "has_journal": "2024-07-30 21:19:44 +0000"
    },
    "done": true
  },
  "ars_nouveau:recipes/ars_nouveau/smooth_sourcestone_small_bricks_stone_cutterslab": {
    "criteria": {
      "has_journal": "2024-07-30 21:19:44 +0000"
    },
    "done": true
  },
  "ars_nouveau:recipes/ars_nouveau/ritual_brazier": {
    "criteria": {
      "has_journal": "2024-07-30 21:19:44 +0000"
    },
    "done": true
  },
  "ars_nouveau:recipes/ars_nouveau/smooth_gilded_sourcestone_alternating_stairs": {
    "criteria": {
      "has_journal": "2024-07-30 21:19:44 +0000"
    },
    "done": true
  },
  "create:recipes/create.palettes/layered_diorite_from_stone_types_diorite_stonecutting": {
    "criteria": {
      "has_stone_types_diorite": "2024-07-30 21:50:19 +0000"
    },
    "done": true
  },
  "create:recipes/create.palettes/cut_veridium_from_stone_types_veridium_stonecutting": {
    "criteria": {
      "has_stone_types_veridium": "2024-07-30 21:45:28 +0000"
    },
    "done": true
  },
  "ars_nouveau:recipes/ars_nouveau/enchanting_apparatus": {
    "criteria": {
      "has_journal": "2024-07-30 21:19:44 +0000"
    },
    "done": true
  },
  "ars_nouveau:recipes/ars_nouveau/smooth_sourcestone_alternating_stone_cutterslab": {
    "criteria": {
      "has_journal": "2024-07-30 21:19:45 +0000"
    },
    "done": true
  },
  "create:recipes/create.palettes/veridium_from_stone_types_veridium_stonecutting": {
    "criteria": {
      "has_stone_types_veridium": "2024-07-30 21:45:28 +0000"
    },
    "done": true
  },
  "minecraft:recipes/building_blocks/andesite_slab_from_andesite_stonecutting": {
    "criteria": {
      "has_andesite": "2024-07-30 21:37:45 +0000"
    },
    "done": true
  },
  "ironchest:recipes/ironchest/chests/iron_gold_chest": {
    "criteria": {
      "has_gold_ingot": "2024-07-30 22:54:27 +0000"
    },
    "done": true
  },
  "minecraft:recipes/building_blocks/coal_block": {
    "criteria": {
      "has_coal": "2024-07-30 21:27:44 +0000"
    },
    "done": true
  },
  "ars_nouveau:recipes/ars_nouveau/sourcestone_alternating_slab": {
    "criteria": {
      "has_journal": "2024-07-30 21:19:44 +0000"
    },
    "done": true
  },
  "ars_nouveau:recipes/ars_nouveau/purple_sbed": {
    "criteria": {
      "has_journal": "2024-07-30 21:19:44 +0000"
    },
    "done": true
  },
  "minecraft:recipes/redstone/light_weighted_pressure_plate": {
    "criteria": {
      "has_gold_ingot": "2024-07-30 22:54:27 +0000"
    },
    "done": true
  },
  "ars_nouveau:recipes/ars_nouveau/gilded_sourcestone_basketweave_stone_cutterslab": {
    "criteria": {
      "has_journal": "2024-07-30 21:19:44 +0000"
    },
    "done": true
  },
  "minecraft:recipes/tools/stone_shovel": {
    "criteria": {
      "has_cobblestone": "2024-07-30 21:28:01 +0000"
    },
    "done": true
  },
  "rechiseled:recipes/rechiseled/chisel": {
    "criteria": {
      "recipe_condition": "2024-07-30 21:32:41 +0000"
    },
    "done": true
  },
  "ars_elemental:recipes/ars_elemental/advanced_prism": {
    "criteria": {
      "has_journal": "2024-07-30 21:19:44 +0000"
    },
    "done": true
  },
  "ars_nouveau:recipes/ars_nouveau/wilden_summon_alt": {
    "criteria": {
      "has_journal": "2024-07-30 21:19:44 +0000"
    },
    "done": true
  },
  "storagedrawers:recipes/storagedrawers/quantify_key": {
    "criteria": {
      "has_template": "2024-07-30 21:19:44 +0000"
    },
    "done": true
  },
  "ars_nouveau:recipes/ars_nouveau/archwood_slab": {
    "criteria": {
      "has_journal": "2024-07-30 21:19:44 +0000"
    },
    "done": true
  },
  "minecraft:recipes/building_blocks/diorite_stairs": {
    "criteria": {
      "has_diorite": "2024-07-30 21:50:19 +0000"
    },
    "done": true
  },
  "ars_nouveau:recipes/building_blocks/water_essence_to_obsidian": {
    "criteria": {
      "has_journal": "2024-07-30 21:19:44 +0000"
    },
    "done": true
  },
  "cataclysm:root": {
    "criteria": {
      "custom_test_name": "2024-07-30 21:19:45 +0000"
    },
    "done": true
  },
  "create:recipes/create.palettes/polished_cut_veridium_slab_from_stone_types_veridium_stonecutting": {
    "criteria": {
      "has_stone_types_veridium": "2024-07-30 21:45:28 +0000"
    },
    "done": true
  },
  "ars_nouveau:recipes/ars_nouveau/ritual_burrowing": {
    "criteria": {
      "has_journal": "2024-07-30 21:19:44 +0000"
    },
    "done": true
  },
  "ars_elemental:recipes/ars_elemental/yellow_archwood": {
    "criteria": {
      "has_journal": "2024-07-30 21:19:44 +0000"
    },
    "done": true
  },
  "ars_nouveau:recipes/ars_nouveau/sourcestone_alternating_stone_cutterslab": {
    "criteria": {
      "has_journal": "2024-07-30 21:19:44 +0000"
    },
    "done": true
  },
  "minecraft:recipes/building_blocks/andesite": {
    "criteria": {
      "has_stone": "2024-07-30 21:50:19 +0000"
    },
    "done": true
  },
  "storagedrawers:recipes/storagedrawers/acacia_trim": {
    "criteria": {
      "has_planks": "2024-07-30 21:19:44 +0000"
    },
    "done": true
  },
  "minecraft:recipes/combat/golden_helmet": {
    "criteria": {
      "has_gold_ingot": "2024-07-30 22:54:27 +0000"
    },
    "done": true
  },
  "ars_elemental:recipes/ars_nouveau/tablet_ritual_repulsion": {
    "criteria": {
      "has_journal": "2024-07-30 21:19:44 +0000"
    },
    "done": true
  },
  "farmersdelight:recipes/farmersdelight/shepherds_pie_block": {
    "criteria": {
      "has_cooked_mutton": "2024-07-30 21:51:14 +0000"
    },
    "done": true
  },
  "minecraft:recipes/redstone/oak_pressure_plate": {
    "criteria": {
      "has_planks": "2024-07-30 21:20:58 +0000"
    },
    "done": true
  },
  "minecraft:recipes/building_blocks/polished_deepslate_stairs_from_cobbled_deepslate_stonecutting": {
    "criteria": {
      "has_cobbled_deepslate": "2024-07-30 21:40:17 +0000"
    },
    "done": true
  },
  "storagedrawers:recipes/storagedrawers/crimson_trim": {
    "criteria": {
      "has_planks": "2024-07-30 21:19:44 +0000"
    },
    "done": true
  },
  "ars_nouveau:recipes/ars_nouveau/smooth_gilded_sourcestone_basketweave_stonecutter_stair": {
    "criteria": {
      "has_journal": "2024-07-30 21:19:44 +0000"
    },
    "done": true
  },
  "ars_nouveau:recipes/building_blocks/manipulation_essence_to_granite": {
    "criteria": {
      "has_journal": "2024-07-30 21:19:44 +0000"
    },
    "done": true
  },
  "storagedrawers:recipes/storagedrawers/dark_oak_trim": {
    "criteria": {
      "has_planks": "2024-07-30 21:19:44 +0000"
    },
    "done": true
  },
  "minecraft:recipes/building_blocks/oak_wood": {
    "criteria": {
      "has_log": "2024-07-30 21:20:16 +0000"
    },
    "done": true
  },
  "minecraft:recipes/food/cooked_salmon": {
    "criteria": {
      "has_salmon": "2024-07-30 22:53:03 +0000"
    },
    "done": true
  },
  "minecraft:story/root": {
    "criteria": {
      "crafting_table": "2024-07-30 21:21:02 +0000"
    },
    "done": true
  },
  "create:recipes/create.palettes/polished_cut_diorite_slab_from_stone_types_diorite_stonecutting": {
    "criteria": {
      "has_stone_types_diorite": "2024-07-30 21:50:19 +0000"
    },
    "done": true
  },
  "ars_nouveau:recipes/ars_nouveau/ritual_conjure_island_desert": {
    "criteria": {
      "has_journal": "2024-07-30 21:19:45 +0000"
    },
    "done": true
  },
  "ars_nouveau:recipes/ars_nouveau/mob_jar": {
    "criteria": {
      "has_journal": "2024-07-30 21:19:44 +0000"
    },
    "done": true
  },
  "ars_nouveau:recipes/ars_nouveau/smooth_gilded_sourcestone_alternating_stone_cutterslab": {
    "criteria": {
      "has_journal": "2024-07-30 21:19:44 +0000"
    },
    "done": true
  },
  "create:recipes/create.palettes/small_veridium_brick_slab_from_stone_types_veridium_stonecutting": {
    "criteria": {
      "has_stone_types_veridium": "2024-07-30 21:45:28 +0000"
    },
    "done": true
  },
  "ars_nouveau:recipes/ars_nouveau/sourcestone_mosaic_slab": {
    "criteria": {
      "has_journal": "2024-07-30 21:19:44 +0000"
    },
    "done": true
  },
  "ironchest:recipes/ironchest/upgrades/iron_to_gold_chest_upgrade": {
    "criteria": {
      "has_iron_ingot": "2024-07-30 21:32:41 +0000"
    },
    "done": true
  },
  "minecraft:recipes/combat/leather_chestplate": {
    "criteria": {
      "has_leather": "2024-07-30 21:21:58 +0000"
    },
    "done": true
  },
  "create:recipes/create.base/crafting/appliances/crafting_blueprint": {
    "criteria": {
      "has_item": "2024-07-30 21:21:02 +0000"
    },
    "done": true
  },
  "ars_nouveau:recipes/ars_nouveau/gilded_sourcestone_small_bricks_stonecutter_stair": {
    "criteria": {
      "has_journal": "2024-07-30 21:19:44 +0000"
    },
    "done": true
  },
  "minecraft:recipes/redstone/oak_button": {
    "criteria": {
      "has_planks": "2024-07-30 21:20:58 +0000"
    },
    "done": true
  },
  "ars_nouveau:recipes/building_blocks/manipulation_essence_to_grass_block": {
    "criteria": {
      "has_journal": "2024-07-30 21:19:44 +0000"
    },
    "done": true
  },
  "ars_nouveau:recipes/ars_nouveau/sourcestone_basketweave_stairs": {
    "criteria": {
      "has_journal": "2024-07-30 21:19:44 +0000"
    },
    "done": true
  },
  "ars_nouveau:recipes/ars_nouveau/smooth_gilded_sourcestone_alternating_slab": {
    "criteria": {
      "has_journal": "2024-07-30 21:19:44 +0000"
    },
    "done": true
  },
  "ars_nouveau:recipes/ars_nouveau/ritual_harvest": {
    "criteria": {
      "has_journal": "2024-07-30 21:19:44 +0000"
    },
    "done": true
  },
  "byg:root": {
    "criteria": {
      "tick": "2024-07-30 21:19:45 +0000"
    },
    "done": true
  },
  "fantasyfurniture:recipes/fantasyfurniture/furniture_station": {
    "criteria": {
      "has_crafting_table": "2024-07-30 21:21:02 +0000"
    },
    "done": true
  },
  "ars_nouveau:recipes/ars_nouveau/smooth_sourcestone_small_bricks_to_sourcestone": {
    "criteria": {
      "has_journal": "2024-07-30 21:19:45 +0000"
    },
    "done": true
  },
  "farmersdelight:recipes/farmersdelight/flint_knife": {
    "criteria": {
      "has_stick": "2024-07-30 21:21:02 +0000"
    },
    "done": true
  },
  "ars_nouveau:recipes/ars_nouveau/smooth_gilded_sourcestone_large_bricks_stonecutter_stair": {
    "criteria": {
      "has_journal": "2024-07-30 21:19:44 +0000"
    },
    "done": true
  },
  "create:recipes/create.palettes/polished_cut_andesite_wall_from_stone_types_andesite_stonecutting": {
    "criteria": {
      "has_stone_types_andesite": "2024-07-30 21:37:45 +0000"
    },
    "done": true
  },
  "minecraft:recipes/building_blocks/polished_andesite": {
    "criteria": {
      "has_andesite": "2024-07-30 21:37:45 +0000"
    },
    "done": true
  },
  "ars_nouveau:recipes/ars_nouveau/clear_allow": {
    "criteria": {
      "has_journal": "2024-07-30 21:19:44 +0000"
    },
    "done": true
  },
  "create:recipes/create.palettes/andesite_pillar_from_stone_types_andesite_stonecutting": {
    "criteria": {
      "has_stone_types_andesite": "2024-07-30 21:37:45 +0000"
    },
    "done": true
  },
  "create:recipes/create.palettes/small_tuff_bricks_from_stone_types_tuff_stonecutting": {
    "criteria": {
      "has_stone_types_tuff": "2024-07-30 21:55:37 +0000"
    },
    "done": true
  },
  "ars_nouveau:recipes/ars_nouveau/smooth_gilded_sourcestone_basketweave_to_sourcestone": {
    "criteria": {
      "has_journal": "2024-07-30 21:19:44 +0000"
    },
    "done": true
  },
  "ars_nouveau:recipes/ars_nouveau/arcane_pedestal": {
    "criteria": {
      "has_journal": "2024-07-30 21:19:44 +0000"
    },
    "done": true
  },
  "create:recipes/create.palettes/cut_diorite_bricks_from_stone_types_diorite_stonecutting": {
    "criteria": {
      "has_stone_types_diorite": "2024-07-30 21:50:19 +0000"
    },
    "done": true
  },
  "minecraft:recipes/food/cooked_beef": {
    "criteria": {
      "has_beef": "2024-07-30 21:21:55 +0000"
    },
    "done": true
  },
  "minecraft:recipes/redstone/iron_door": {
    "criteria": {
      "has_iron_ingot": "2024-07-30 21:32:41 +0000"
    },
    "done": true
  },
  "byg:husbandry/root": {
    "criteria": {
      "consumed_item": "2024-07-30 21:34:39 +0000"
    },
    "done": true
  },
  "create:recipes/create.palettes/small_andesite_brick_wall_from_stone_types_andesite_stonecutting": {
    "criteria": {
      "has_stone_types_andesite": "2024-07-30 21:37:45 +0000"
    },
    "done": true
  },
  "ars_nouveau:recipes/ars_nouveau/spell_prism": {
    "criteria": {
      "has_journal": "2024-07-30 21:19:44 +0000"
    },
    "done": true
  },
  "ars_nouveau:recipes/building_blocks/manipulation_essence_to_deepslate": {
    "criteria": {
      "has_journal": "2024-07-30 21:19:44 +0000"
    },
    "done": true
  },
  "immersive_aircraft:misc/aircraftery": {
    "criteria": {
      "has_item": "2024-07-30 21:32:41 +0000"
    },
    "done": true
  },
  "storagedrawers:recipes/storagedrawers/oak_trim": {
    "criteria": {
      "has_planks": "2024-07-30 21:19:44 +0000"
    },
    "done": true
  },
  "create:recipes/create.palettes/diorite_pillar_from_stone_types_diorite_stonecutting": {
    "criteria": {
      "has_stone_types_diorite": "2024-07-30 21:50:19 +0000"
    },
    "done": true
  },
  "ars_nouveau:recipes/ars_nouveau/scry_to_blank_parchment": {
    "criteria": {
      "has_journal": "2024-07-30 21:19:44 +0000"
    },
    "done": true
  },
  "ars_nouveau:recipes/ars_nouveau/green_archwood_wood": {
    "criteria": {
      "has_journal": "2024-07-30 21:19:44 +0000"
    },
    "done": true
  },
  "minecraft:recipes/redstone/oak_door": {
    "criteria": {
      "has_planks": "2024-07-30 21:20:58 +0000"
    },
    "done": true
  },
  "ars_nouveau:recipes/ars_nouveau/smooth_sourcestone_alternating_stairs": {
    "criteria": {
      "has_journal": "2024-07-30 21:19:44 +0000"
    },
    "done": true
  },
  "ars_nouveau:recipes/ars_nouveau/source_gem_block": {
    "criteria": {
      "has_journal": "2024-07-30 21:19:44 +0000"
    },
    "done": true
  },
  "minecraft:recipes/transportation/jungle_boat": {
    "criteria": {
      "in_water": "2024-07-30 21:20:06 +0000"
    },
    "done": true
  },
  "ars_nouveau:recipes/building_blocks/manipulation_essence_to_tuff": {
    "criteria": {
      "has_journal": "2024-07-30 21:19:44 +0000"
    },
    "done": true
  },
  "storagedrawers:recipes/storagedrawers/drawer_key": {
    "criteria": {
      "has_template": "2024-07-30 21:19:44 +0000"
    },
    "done": true
  },
  "ars_nouveau:recipes/ars_nouveau/source_gem_block_2": {
    "criteria": {
      "has_journal": "2024-07-30 21:19:44 +0000"
    },
    "done": true
  },
  "ars_nouveau:recipes/ars_nouveau/moonfall_2": {
    "criteria": {
      "has_journal": "2024-07-30 21:19:44 +0000"
    },
    "done": true
  },
  "ars_nouveau:recipes/ars_nouveau/smooth_sourcestone_small_bricks_slab": {
    "criteria": {
      "has_journal": "2024-07-30 21:19:44 +0000"
    },
    "done": true
  },
  "ironchest:recipes/ironchest/upgrades/wood_to_iron_chest_upgrade": {
    "criteria": {
      "has_iron_ingot": "2024-07-30 21:32:41 +0000"
    },
    "done": true
  },
  "ars_nouveau:recipes/ars_nouveau/archwood_door": {
    "criteria": {
      "has_journal": "2024-07-30 21:19:44 +0000"
    },
    "done": true
  },
  "minecraft:recipes/redstone/heavy_weighted_pressure_plate": {
    "criteria": {
      "has_iron_ingot": "2024-07-30 21:32:41 +0000"
    },
    "done": true
  },
  "farmersdelight:recipes/farmersdelight/golden_knife": {
    "criteria": {
      "has_gold_ingot": "2024-07-30 22:54:27 +0000"
    },
    "done": true
  },
  "minecraft:recipes/transportation/dark_oak_boat": {
    "criteria": {
      "in_water": "2024-07-30 21:20:06 +0000"
    },
    "done": true
  },
  "minecraft:recipes/decorations/andesite_wall_from_andesite_stonecutting": {
    "criteria": {
      "has_andesite": "2024-07-30 21:37:45 +0000"
    },
    "done": true
  },
  "ars_elemental:recipes/decorations/alt_blossom": {
    "criteria": {
      "has_journal": "2024-07-30 21:19:44 +0000"
    },
    "done": true
  },
  "create:recipes/create.palettes/cut_veridium_wall_from_stone_types_veridium_stonecutting": {
    "criteria": {
      "has_stone_types_veridium": "2024-07-30 21:45:28 +0000"
    },
    "done": true
  },
  "ars_nouveau:recipes/ars_nouveau/smooth_sourcestone_stone_cutterslab": {
    "criteria": {
      "has_journal": "2024-07-30 21:19:44 +0000"
    },
    "done": true
  },
  "ars_nouveau:recipes/ars_nouveau/sourcestone_alternating_to_sourcestone": {
    "criteria": {
      "has_journal": "2024-07-30 21:19:44 +0000"
    },
    "done": true
  },
  "ars_nouveau:recipes/ars_nouveau/rotating_turret_to_basic_spell_turret": {
    "criteria": {
      "has_journal": "2024-07-30 21:19:44 +0000"
    },
    "done": true
  },
  "ars_nouveau:recipes/ars_nouveau/basic_spell_turret": {
    "criteria": {
      "has_journal": "2024-07-30 21:19:44 +0000"
    },
    "done": true
  },
  "ars_nouveau:recipes/ars_nouveau/vitalic_sourcelink": {
    "criteria": {
      "has_journal": "2024-07-30 21:19:44 +0000"
    },
    "done": true
  },
  "minecraft:recipes/combat/golden_leggings": {
    "criteria": {
      "has_gold_ingot": "2024-07-30 22:54:27 +0000"
    },
    "done": true
  },
  "ars_nouveau:recipes/ars_nouveau/manipulation_essence_to_cascading_sapling": {
    "criteria": {
      "has_journal": "2024-07-30 21:19:44 +0000"
    },
    "done": true
  },
  "storagedrawers:recipes/storagedrawers/emerald_storage_upgrade": {
    "criteria": {
      "has_template": "2024-07-30 21:19:44 +0000"
    },
    "done": true
  },
  "ars_nouveau:recipes/ars_nouveau/smooth_sourcestone_alternating_to_sourcestone": {
    "criteria": {
      "has_journal": "2024-07-30 21:19:44 +0000"
    },
    "done": true
  },
  "minecraft:recipes/food/cooked_beef_from_campfire_cooking": {
    "criteria": {
      "has_beef": "2024-07-30 21:21:55 +0000"
    },
    "done": true
  },
  "storagedrawers:recipes/storagedrawers/obsidian_storage_upgrade": {
    "criteria": {
      "has_template": "2024-07-30 21:19:44 +0000"
    },
    "done": true
  },
  "ars_nouveau:recipes/ars_nouveau/redstone_relay": {
    "criteria": {
      "has_journal": "2024-07-30 21:19:44 +0000"
    },
    "done": true
  },
  "ars_nouveau:recipes/ars_nouveau/smooth_sourcestone_to_sourcestone": {
    "criteria": {
      "has_journal": "2024-07-30 21:19:45 +0000"
    },
    "done": true
  },
  "storagedrawers:recipes/storagedrawers/gold_storage_upgrade": {
    "criteria": {
      "has_template": "2024-07-30 21:19:44 +0000"
    },
    "done": true
  },
  "ars_nouveau:recipes/ars_nouveau/scryers_crystal": {
    "criteria": {
      "has_journal": "2024-07-30 21:19:44 +0000"
    },
    "done": true
  },
  "ars_nouveau:recipes/ars_nouveau/smooth_gilded_sourcestone_large_bricks_slab": {
    "criteria": {
      "has_journal": "2024-07-30 21:19:44 +0000"
    },
    "done": true
  },
  "minecraft:recipes/decorations/soul_campfire": {
    "criteria": {
      "has_stick": "2024-07-30 21:21:02 +0000"
    },
    "done": true
  },
  "minecraft:story/smelt_iron": {
    "criteria": {
      "iron": "2024-07-30 21:32:41 +0000"
    },
    "done": true
  },
  "ars_nouveau:recipes/ars_nouveau/smooth_sourcestone_large_bricks_to_sourcestone": {
    "criteria": {
      "has_journal": "2024-07-30 21:19:44 +0000"
    },
    "done": true
  },
  "ars_nouveau:recipes/misc/horn_to_bonemeal": {
    "criteria": {
      "has_journal": "2024-07-30 21:19:44 +0000"
    },
    "done": true
  },
  "ars_nouveau:recipes/ars_nouveau/wipe_spell_parchment": {
    "criteria": {
      "has_journal": "2024-07-30 21:19:45 +0000"
    },
    "done": true
  },
  "ars_nouveau:recipes/ars_nouveau/clear_deny": {
    "criteria": {
      "has_journal": "2024-07-30 21:19:44 +0000"
    },
    "done": true
  },
  "ars_nouveau:recipes/ars_nouveau/magelight_torch": {
    "criteria": {
      "has_journal": "2024-07-30 21:19:44 +0000"
    },
    "done": true
  },
  "DataVersion": 3120
}